model_id,fold,feature,importance,importance_pct
lightgbm_clf_baseline,1,AMIHUD_20,23019.038738012314,10.727236667321188
lightgbm_clf_baseline,1,STD250,16069.965860843658,7.488858635107684
lightgbm_clf_baseline,1,LOG_CIRC_MV,11042.792232990265,5.146116095444377
lightgbm_clf_baseline,1,MOM_ACC_20_60,10687.47538113594,4.980532814356509
lightgbm_clf_baseline,1,STD120,8913.847767829895,4.1539942527696025
lightgbm_clf_baseline,1,VSTD_60,8722.703625440598,4.064918054744176
lightgbm_clf_baseline,1,MIN_RATIO_120,7096.599667310715,3.3071278532045416
lightgbm_clf_baseline,1,MIN_RATIO_250,6694.586525321007,3.119783361256857
lightgbm_clf_baseline,1,ROC120,6391.9405217170715,2.9787455297457965
lightgbm_clf_baseline,1,MAX_RATIO_120,6351.563399076462,2.959929151032466
lightgbm_clf_baseline,2,AMIHUD_20,17292.949734687805,14.307636829092395
lightgbm_clf_baseline,2,STD250,13497.07286643982,11.167048987684131
lightgbm_clf_baseline,2,LOG_CIRC_MV,7851.678217887878,6.496228935142004
lightgbm_clf_baseline,2,STD120,4736.395095825195,3.918742721736396
lightgbm_clf_baseline,2,MAX_RATIO_120,4324.778904914856,3.5781845715726743
lightgbm_clf_baseline,2,VSTD_60,4259.6534948349,3.524301877754358
lightgbm_clf_baseline,2,ROC250,4156.75599861145,3.4391677607196613
lightgbm_clf_baseline,2,MIN_RATIO_250,4038.764485359192,3.3415453338677494
lightgbm_clf_baseline,2,MOM_ACC_60_120,3825.4469680786133,3.1650532019087905
lightgbm_clf_baseline,2,MOM_ACC_20_60,3740.114658355713,3.094451961748248
lightgbm_clf_baseline,3,AMIHUD_20,10825.837507247925,16.731496411931303
lightgbm_clf_baseline,3,STD250,5974.437089920044,9.23358332936202
lightgbm_clf_baseline,3,LOG_CIRC_MV,4176.137740135193,6.454284351489917
lightgbm_clf_baseline,3,ROC250,2747.7714071273804,4.246722473746652
lightgbm_clf_baseline,3,AMIHUD_20_LN,2463.398916244507,3.8072204668420326
lightgbm_clf_baseline,3,MOM_ACC_60_120,2278.4065046310425,3.5213118829497514
lightgbm_clf_baseline,3,VSTD_60,2277.730888366699,3.520267707744357
lightgbm_clf_baseline,3,STD120,1798.3831949234009,2.779428561808114
lightgbm_clf_baseline,3,MAX_RATIO_250,1599.604398727417,2.4722129110010096
lightgbm_clf_baseline,3,MAX_RATIO_120,1595.3411092758179,2.465623932354813
lightgbm_clf_baseline,4,AMIHUD_20_LN,1634.3192043304443,25.9151498510385
lightgbm_clf_baseline,4,STD250,561.2392959594727,8.899485742162456
lightgbm_clf_baseline,4,MIN_RATIO_120,540.4881038665771,8.570437260537725
lightgbm_clf_baseline,4,ROC120,487.9724884033203,7.737705172067056
lightgbm_clf_baseline,4,MA_RATIO_120,429.94460105895996,6.81756583081495
lightgbm_clf_baseline,4,LOG_CIRC_MV,382.4991035461426,6.0652298278212955
lightgbm_clf_baseline,4,ROC250,262.2760009765625,4.158870464000533
lightgbm_clf_baseline,4,VSTD_60,221.91329956054688,3.51884527625436
lightgbm_clf_baseline,4,MOM_ACC_20_60,156.0369997024536,2.474254857240197
lightgbm_clf_baseline,4,MIN_RATIO_30,144.81940078735352,2.2963791056224068
lightgbm_clf_baseline,5,AMIHUD_20,12274.444868564606,14.504326061096053
lightgbm_clf_baseline,5,STD250,11696.397221565247,13.821265308393475
lightgbm_clf_baseline,5,LOG_CIRC_MV,4810.670172691345,5.6846178792006095
lightgbm_clf_baseline,5,MIN_RATIO_250,3785.9986724853516,4.473795743972087
lightgbm_clf_baseline,5,ATR_RATIO_60,3047.9690856933594,3.601689356742954
lightgbm_clf_baseline,5,MIN_RATIO_120,2897.434688091278,3.4238075861528197
lightgbm_clf_baseline,5,MOM_ACC_60_120,2624.4582982063293,3.101239958185202
lightgbm_clf_baseline,5,AMIHUD_20_LN,2607.0291719436646,3.08064450698715
lightgbm_clf_baseline,5,STD120,2265.2675218582153,2.67679549702396
lightgbm_clf_baseline,5,MIN_RATIO_30,2138.8891100883484,2.5274580963494833
lightgbm_clf_baseline,6,STD250,1578.147307395935,23.54275785430663
lightgbm_clf_baseline,6,AMIHUD_20_LN,1095.764811515808,16.346589131374685
lightgbm_clf_baseline,6,MIN_RATIO_250,558.1099872589111,8.325869343456795
lightgbm_clf_baseline,6,LOG_CIRC_MV,539.5519046783447,8.049020381140702
lightgbm_clf_baseline,6,MIN_RATIO_120,374.28539085388184,5.583579101888438
lightgbm_clf_baseline,6,MIN_RATIO_30,245.9053020477295,3.668408490176117
lightgbm_clf_baseline,6,STD60,227.59010314941406,3.3951828599097005
lightgbm_clf_baseline,6,ROC_STD_250,164.60779571533203,2.4556145407311902
lightgbm_clf_baseline,6,MA_RATIO_120,160.04380226135254,2.3875290126996034
lightgbm_clf_baseline,6,ATR_RATIO_60,156.75550365447998,2.338474265090525
lightgbm_clf_baseline,7,STD250,5228.134584903717,15.972358878271395
lightgbm_clf_baseline,7,AMIHUD_20,3092.2136249542236,9.446953773658247
lightgbm_clf_baseline,7,LOG_CIRC_MV,2465.7831144332886,7.533159711196598
lightgbm_clf_baseline,7,MIN_RATIO_250,2420.533435821533,7.394918414195498
lightgbm_clf_baseline,7,MIN_RATIO_120,2183.3122053146362,6.670189055058106
lightgbm_clf_baseline,7,ATR_RATIO_20,1218.0023393630981,3.721092133904925
lightgbm_clf_baseline,7,AMIHUD_20_LN,1146.3951892852783,3.5023267060607903
lightgbm_clf_baseline,7,WVMA_20,1129.2807536125183,3.450040770393844
lightgbm_clf_baseline,7,MAX_RATIO_60,996.3982453346252,3.0440743446273837
lightgbm_clf_baseline,7,MA_RATIO_250,820.6658926010132,2.5071983023600213
lightgbm_clf_baseline,8,STD250,3272.6893949508667,11.92341083733089
lightgbm_clf_baseline,8,ATR_RATIO_60,2544.908944606781,9.271883527034303
lightgbm_clf_baseline,8,MIN_RATIO_250,2361.5573902130127,8.603877600754538
lightgbm_clf_baseline,8,LOG_CIRC_MV,2236.106301307678,8.146820821911865
lightgbm_clf_baseline,8,AMIHUD_20,2212.565287590027,8.061053691515728
lightgbm_clf_baseline,8,ATR_RATIO_20,1210.1697263717651,4.409019338252077
lightgbm_clf_baseline,8,STD120,1142.3280692100525,4.161851381686313
lightgbm_clf_baseline,8,AMIHUD_20_LN,1130.3585033416748,4.118242583487087
lightgbm_clf_baseline,8,ROC250,773.3691558837891,2.8176209415866826
lightgbm_clf_baseline,8,ROC_STD_250,684.8332071304321,2.495057336104349
lightgbm_clf_baseline,9,STD250,777.7840023040771,21.184460138895094
lightgbm_clf_baseline,9,AMIHUD_20_LN,421.7917947769165,11.48831994087643
lightgbm_clf_baseline,9,LOG_CIRC_MV,367.20630645751953,10.001577994476374
lightgbm_clf_baseline,9,MIN_RATIO_250,310.8294982910156,8.466045967816719
lightgbm_clf_baseline,9,ROC_STD_250,252.13169860839844,6.867297222749177
lightgbm_clf_baseline,9,STD120,249.93109512329102,6.807359506527616
lightgbm_clf_baseline,9,MAX_RATIO_120,176.1368007659912,4.79742836541508
lightgbm_clf_baseline,9,STD30,161.96249771118164,4.4113636518548764
lightgbm_clf_baseline,9,MIN_RATIO_30,132.427001953125,3.6069069765883173
lightgbm_clf_baseline,9,VSTD_60,111.56620216369629,3.03872251882693
lightgbm_clf_baseline,10,STD250,737.9655685424805,23.24247748576297
lightgbm_clf_baseline,10,LOG_CIRC_MV,401.2295951843262,12.636863060036752
lightgbm_clf_baseline,10,ROC250,235.17300415039062,7.40685404201219
lightgbm_clf_baseline,10,AMIHUD_20_LN,227.8560085296631,7.176402767281212
lightgbm_clf_baseline,10,LIMIT_UP_SPACE,160.12399291992188,5.04315981533157
lightgbm_clf_baseline,10,TURNOVER_STD_20,151.7519989013672,4.779481005937365
lightgbm_clf_baseline,10,MAX_RATIO_120,149.64341068267822,4.713070300223251
lightgbm_clf_baseline,10,VSTD_60,128.51769828796387,4.047708777090635
lightgbm_clf_baseline,10,MAX_RATIO_60,126.94140243530273,3.9980628011425456
lightgbm_clf_baseline,10,ROC_STD_250,124.17300033569336,3.9108710320214013
lightgbm_clf_baseline,11,ATR_RATIO_60,6840.30593419075,9.929166703181497
lightgbm_clf_baseline,11,LOG_CIRC_MV,4981.508021831512,7.230995814787729
lightgbm_clf_baseline,11,AMIHUD_20,4940.603096961975,7.171619549761243
lightgbm_clf_baseline,11,MIN_RATIO_250,4825.184229135513,7.004081256830053
lightgbm_clf_baseline,11,STD250,4424.71905708313,6.422778974391015
lightgbm_clf_baseline,11,ATR_RATIO_20,2906.824686050415,4.219452633025013
lightgbm_clf_baseline,11,STD60,2876.307285308838,4.175154561823794
lightgbm_clf_baseline,11,MAX_RATIO_250,2396.1426162719727,3.4781630690874312
lightgbm_clf_baseline,11,ROC_STD_250,2317.613055229187,3.364172099937346
lightgbm_clf_baseline,11,MOM_ACC_20_60,2254.24382352829,3.27218737418616
lightgbm_clf_baseline,12,LOG_CIRC_MV,20641.106793619692,9.440608399951818
lightgbm_clf_baseline,12,AMIHUD_20,16366.126239735633,7.4853635707790165
lightgbm_clf_baseline,12,STD250,15122.998867154121,6.916795284536212
lightgbm_clf_baseline,12,ATR_RATIO_60,14295.429437389597,6.538290440377696
lightgbm_clf_baseline,12,ROC_STD_250,10059.464370846748,4.600890097026529
lightgbm_clf_baseline,12,MIN_RATIO_250,8089.054492473602,3.6996851260378842
lightgbm_clf_baseline,12,STD120,7662.850883722305,3.504752683262528
lightgbm_clf_baseline,12,MAX_RATIO_250,7098.793162867427,3.2467700028373563
lightgbm_clf_baseline,12,MOM_ACC_60_120,7060.608662366867,3.229305584878675
lightgbm_clf_baseline,12,STD60,6392.623425930738,2.923789650234511
lightgbm_clf_baseline,13,LOG_CIRC_MV,509.3764934539795,18.261934103579723
lightgbm_clf_baseline,13,STD60,487.0670051574707,17.462104487586195
lightgbm_clf_baseline,13,AMIHUD_20_LN,276.3175964355469,9.906412648822771
lightgbm_clf_baseline,13,STD250,206.00749969482422,7.385687075506936
lightgbm_clf_baseline,13,VSTD_60,132.25239944458008,4.741452805017256
lightgbm_clf_baseline,13,MAX_RATIO_120,116.17849922180176,4.165178653327502
lightgbm_clf_baseline,13,STD120,113.62280082702637,4.073552918190925
lightgbm_clf_baseline,13,ROC_STD_120,113.12529945373535,4.055716725488206
lightgbm_clf_baseline,13,ROC250,107.13920021057129,3.8411058211355353
lightgbm_clf_baseline,13,MAX_RATIO_250,93.45899963378906,3.3506494992057108
lightgbm_clf_baseline,14,LOG_CIRC_MV,406.1324977874756,13.44972865972849
lightgbm_clf_baseline,14,STD120,354.8399963378906,11.75109525675307
lightgbm_clf_baseline,14,AMIHUD_20_LN,314.13969802856445,10.403239639158794
lightgbm_clf_baseline,14,STD250,313.7095012664795,10.388992983813907
lightgbm_clf_baseline,14,MIN_RATIO_250,223.91980171203613,7.4154631578954815
lightgbm_clf_baseline,14,MA_RATIO_120,199.32090759277344,6.600831349222531
lightgbm_clf_baseline,14,ROC_STD_250,162.5629005432129,5.383531025849536
lightgbm_clf_baseline,14,STD60,107.14329719543457,3.548222028125726
lightgbm_clf_baseline,14,MIN_RATIO_120,103.32729911804199,3.4218491350758504
lightgbm_clf_baseline,14,LIMIT_UP_SPACE,102.57599639892578,3.396968541258615
lightgbm_clf_baseline,15,LOG_CIRC_MV,307.08099460601807,11.6347165751465
lightgbm_clf_baseline,15,ROC_STD_250,290.86009979248047,11.020137629963303
lightgbm_clf_baseline,15,MIN_RATIO_60,251.01769256591797,9.510584372369618
lightgbm_clf_baseline,15,STD250,207.39770126342773,7.857905617482963
lightgbm_clf_baseline,15,AMIHUD_20_LN,206.8555030822754,7.837362756556773
lightgbm_clf_baseline,15,MAX_RATIO_120,160.23849868774414,6.0711328587782
lightgbm_clf_baseline,15,MIN_RATIO_120,143.64389991760254,5.44239497932531
lightgbm_clf_baseline,15,ATR_RATIO_20,143.58299827575684,5.440087531602129
lightgbm_clf_baseline,15,STD30,125.07649803161621,4.738911330793263
lightgbm_clf_baseline,15,MAX_RATIO_250,111.08230209350586,4.20869778356324
lightgbm_clf_baseline,16,LOG_CIRC_MV,12593.214373588562,11.36575441375475
lightgbm_clf_baseline,16,STD250,5937.532759666443,5.3588017457660335
lightgbm_clf_baseline,16,AMIHUD_20,5331.152448892593,4.811525292817991
lightgbm_clf_baseline,16,MOM_ACC_60_120,5159.79755449295,4.65687235119684
lightgbm_clf_baseline,16,VSTD_60,4851.479952573776,4.378606450141385
lightgbm_clf_baseline,16,ROC_STD_250,4819.839160442352,4.350049684398029
lightgbm_clf_baseline,16,ROC250,3864.1231360435486,3.487487251935325
lightgbm_clf_baseline,16,STD120,3811.775201320648,3.4402416677280416
lightgbm_clf_baseline,16,MIN_RATIO_250,3651.8351989984512,3.295891009238342
lightgbm_clf_baseline,16,STD30,3502.854033946991,3.16143103071203
lightgbm_clf_baseline,17,LOG_CIRC_MV,514.5634994506836,18.64673648835417
lightgbm_clf_baseline,17,ROC120,311.76950454711914,11.297893851003783
lightgbm_clf_baseline,17,ROC_STD_250,261.7830982208252,9.486487974447755
lightgbm_clf_baseline,17,MIN_RATIO_60,224.69820022583008,8.14260656554801
lightgbm_clf_baseline,17,VSTD_60,222.2123966217041,8.052526089926594
lightgbm_clf_baseline,17,TURNOVER_STD_20,148.19710063934326,5.370362038718185
lightgbm_clf_baseline,17,ATR_RATIO_20,143.9384994506836,5.216038977990595
lightgbm_clf_baseline,17,AMIHUD_20_LN,132.7745018005371,4.811478369705869
lightgbm_clf_baseline,17,STD120,97.78809928894043,3.543642176494187
lightgbm_clf_baseline,17,MIN_RATIO_250,77.38719940185547,2.804354985067142
lightgbm_clf_baseline,18,LOG_CIRC_MV,3120.8622341156006,20.238028749835816
lightgbm_clf_baseline,18,MOM_ACC_20_60,1056.0416059494019,6.84817168428561
lightgbm_clf_baseline,18,ROC_STD_250,683.3827533721924,4.431570115047923
lightgbm_clf_baseline,18,ROC120,665.8102235794067,4.317616554629219
lightgbm_clf_baseline,18,VSTD_60,641.4972991943359,4.159953182847259
lightgbm_clf_baseline,18,STD120,608.8356990814209,3.948150689653216
lightgbm_clf_baseline,18,MA_RATIO_250,526.5363035202026,3.4144592260394617
lightgbm_clf_baseline,18,LIMIT_UP_SPACE,503.1642093658447,3.2628969083347186
lightgbm_clf_baseline,18,MIN_RATIO_250,483.7297420501709,3.1368691381970812
lightgbm_clf_baseline,18,MA_RATIO_120,412.1056022644043,2.6724040989136744
lightgbm_clf_baseline,19,LOG_CIRC_MV,1332.544189453125,23.418857584608592
lightgbm_clf_baseline,19,VSTD_60,554.7358016967773,9.749229211191947
lightgbm_clf_baseline,19,STD250,363.46220207214355,6.3876827613566975
lightgbm_clf_baseline,19,MIN_RATIO_60,303.3231010437012,5.330765434787976
lightgbm_clf_baseline,19,ROC_STD_250,299.4520015716553,5.262732623606756
lightgbm_clf_baseline,19,MIN_RATIO_250,255.38629722595215,4.488297927477836
lightgbm_clf_baseline,19,STD60,225.70050048828125,3.966583562140004
lightgbm_clf_baseline,19,AMIHUD_20_LN,221.5511989593506,3.893661476440538
lightgbm_clf_baseline,19,LIMIT_UP_SPACE,218.44840240478516,3.839131239319319
lightgbm_clf_baseline,19,STD20,206.9668025970459,3.6373473488719292
lightgbm_clf_baseline,20,LOG_CIRC_MV,833.6838002204895,10.292321533353904
lightgbm_clf_baseline,20,VSTD_60,779.9975996017456,9.62953350925398
lightgbm_clf_baseline,20,MOM_ACC_20_60,655.6108961105347,8.09390579708432
lightgbm_clf_baseline,20,ROC_STD_250,639.416805267334,7.893980129997491
lightgbm_clf_baseline,20,MIN_RATIO_250,569.1836013793945,7.026909525361663
lightgbm_clf_baseline,20,STD250,483.703405380249,5.9716057498479325
lightgbm_clf_baseline,20,STD120,355.8179533481598,4.392783909475772
lightgbm_clf_baseline,20,STD30,304.5852909088135,3.7602862710472973
lightgbm_clf_baseline,20,STD20,263.82349586486816,3.2570577079421965
lightgbm_clf_baseline,20,MIN_RATIO_60,254.85529708862305,3.146339968967619
lightgbm_reg_baseline,1,MA_RATIO_250,66.060302734375,25.031119060640457
lightgbm_reg_baseline,1,AMIHUD_20,46.78972053527832,17.72924157253676
lightgbm_reg_baseline,1,MAX_RATIO_250,37.38114881515503,14.164209788411544
lightgbm_reg_baseline,1,TURNOVER_STD_20,27.652799606323242,10.478010100697388
lightgbm_reg_baseline,1,VSTD_60,12.133890151977539,4.5976908444416935
lightgbm_reg_baseline,1,MIN_RATIO_60,10.637800216674805,4.030802656741914
lightgbm_reg_baseline,1,MIN_RATIO_120,10.415149927139282,3.9464375285853075
lightgbm_reg_baseline,1,MIN_RATIO_250,9.60315990447998,3.638763810907038
lightgbm_reg_baseline,1,VSTD_20,8.883440017700195,3.366052463386661
lightgbm_reg_baseline,1,ROC_STD_250,8.12440013885498,3.078442252825787
lightgbm_reg_baseline,2,AMIHUD_20,858.5564539432526,10.422085393739048
lightgbm_reg_baseline,2,LOG_CIRC_MV,835.4419279098511,10.141496315351155
lightgbm_reg_baseline,2,STD250,579.3212471008301,7.032426906770796
lightgbm_reg_baseline,2,ROC250,525.0895607471466,6.374104132969925
lightgbm_reg_baseline,2,MIN_RATIO_60,409.3801095485687,4.969497859596121
lightgbm_reg_baseline,2,VSTD_60,384.57048892974854,4.668331892596467
lightgbm_reg_baseline,2,MOM_ACC_60_120,374.66907024383545,4.54813778003719
lightgbm_reg_baseline,2,MAX_RATIO_250,328.71776008605957,3.9903311544868765
lightgbm_reg_baseline,2,CORR_PV_20,298.9309709072113,3.6287469406574417
lightgbm_reg_baseline,2,TURNOVER_STD_20,285.56579852104187,3.4665060451741634
lightgbm_reg_baseline,3,MOM_ACC_60_120,43.3459095954895,14.276109724838431
lightgbm_reg_baseline,3,LOG_CIRC_MV,37.06281042098999,12.206751530160458
lightgbm_reg_baseline,3,VSTD_20,34.501220703125,11.363084014043462
lightgbm_reg_baseline,3,STD30,31.90570068359375,10.508241447867421
lightgbm_reg_baseline,3,STD250,30.716610431671143,10.11661088646955
lightgbm_reg_baseline,3,STD120,23.2872097492218,7.669714735893141
lightgbm_reg_baseline,3,MIN_RATIO_60,17.292999267578125,5.6955029279437595
lightgbm_reg_baseline,3,AMIHUD_20,16.818039894104004,5.539073585617474
lightgbm_reg_baseline,3,MAX_RATIO_120,16.13213038444519,5.313167161860748
lightgbm_reg_baseline,3,MIN_RATIO_120,9.53682017326355,3.140981294201068
lightgbm_reg_baseline,4,LOG_CIRC_MV,256.8254334926605,8.169167093891168
lightgbm_reg_baseline,4,AMIHUD_20,225.198228597641,7.1631611154858765
lightgbm_reg_baseline,4,VSTD_60,189.98401975631714,6.043058825802891
lightgbm_reg_baseline,4,STD250,180.40308928489685,5.73830621282532
lightgbm_reg_baseline,4,MAX_RATIO_250,171.253169298172,5.447263288256768
lightgbm_reg_baseline,4,ROC250,128.40807104110718,4.084435775201484
lightgbm_reg_baseline,4,STD120,120.77460956573486,3.841628739118434
lightgbm_reg_baseline,4,MOM_ACC_60_120,115.98291993141174,3.689213486654856
lightgbm_reg_baseline,4,VSTD_20,114.8285403251648,3.652494693796356
lightgbm_reg_baseline,4,ROC120,112.57609009742737,3.5808481982338893
lightgbm_reg_baseline,5,STD120,24.037970542907715,13.076758276192999
lightgbm_reg_baseline,5,TURNOVER_STD_20,21.349010467529297,11.613952551504568
lightgbm_reg_baseline,5,STD60,19.130040645599365,10.406823524877733
lightgbm_reg_baseline,5,STD250,17.598659992218018,9.573745932184917
lightgbm_reg_baseline,5,LOG_CIRC_MV,16.72454047203064,9.098221193123086
lightgbm_reg_baseline,5,ROC_STD_250,13.63129997253418,7.415485197176867
lightgbm_reg_baseline,5,VSTD_60,11.978569984436035,6.516393049959332
lightgbm_reg_baseline,5,AMIHUD_20,11.651710033416748,6.338579845553497
lightgbm_reg_baseline,5,ROC120,7.609719753265381,4.1397199312394735
lightgbm_reg_baseline,5,ROC250,6.74084997177124,3.667051072368615
lightgbm_reg_baseline,6,ROC250,123.21578979492188,20.332678577448622
lightgbm_reg_baseline,6,MOM_ACC_60_120,57.148988246917725,9.430544664648627
lightgbm_reg_baseline,6,AMIHUD_20,44.4651004076004,7.33748974872845
lightgbm_reg_baseline,6,MA_RATIO_250,43.10549068450928,7.113131267267618
lightgbm_reg_baseline,6,STD250,40.73251986503601,6.7215511538233965
lightgbm_reg_baseline,6,LOG_CIRC_MV,33.408400535583496,5.512948226905552
lightgbm_reg_baseline,6,ATR_RATIO_20,28.886589288711548,4.766773285986342
lightgbm_reg_baseline,6,STD60,27.01766014099121,4.458368529519094
lightgbm_reg_baseline,6,ROC_STD_250,24.889349937438965,4.107161534425714
lightgbm_reg_baseline,6,MIN_RATIO_120,19.403469800949097,3.201899005042848
lightgbm_reg_baseline,7,AMIHUD_20,442.2979191541672,10.036457178638296
lightgbm_reg_baseline,7,ROC250,343.97438156604767,7.805336633141384
lightgbm_reg_baseline,7,LOG_CIRC_MV,292.334529876709,6.633544640128123
lightgbm_reg_baseline,7,STD250,287.74092996120453,6.529308407373685
lightgbm_reg_baseline,7,MIN_RATIO_250,212.27254021167755,4.816808236650744
lightgbm_reg_baseline,7,ATR_RATIO_60,200.88749969005585,4.558463201044801
lightgbm_reg_baseline,7,MOM_ACC_60_120,195.65677046775818,4.439769470915937
lightgbm_reg_baseline,7,STD60,187.9694596529007,4.265331919955387
lightgbm_reg_baseline,7,VSTD_60,160.43656957149506,3.6405659865441917
lightgbm_reg_baseline,7,MAX_RATIO_250,146.43248987197876,3.3227907039943263
lightgbm_reg_baseline,8,AMIHUD_20,103.99627923965454,12.9281677547097
lightgbm_reg_baseline,8,ROC250,89.98367953300476,11.186208897992374
lightgbm_reg_baseline,8,LOG_CIRC_MV,68.13864994049072,8.470571288229392
lightgbm_reg_baseline,8,STD120,53.101799964904785,6.601284036723073
lightgbm_reg_baseline,8,STD250,45.225250482559204,5.622120611064599
lightgbm_reg_baseline,8,MA_RATIO_250,44.966569900512695,5.589963057120995
lightgbm_reg_baseline,8,ATR_RATIO_60,44.66661882400513,5.552675013128966
lightgbm_reg_baseline,8,STD60,39.99076008796692,4.971401465855972
lightgbm_reg_baseline,8,MAX_RATIO_250,28.132139682769775,3.497211859663274
lightgbm_reg_baseline,8,MOM_ACC_60_120,24.260329723358154,3.0158926332871183
lightgbm_reg_baseline,9,STD250,62.18743979930878,10.887711717764748
lightgbm_reg_baseline,9,STD60,53.673200845718384,9.397047694257456
lightgbm_reg_baseline,9,AMIHUD_20,53.14366948604584,9.304337899349727
lightgbm_reg_baseline,9,STD120,39.601630449295044,6.933411912065424
lightgbm_reg_baseline,9,MA_RATIO_250,39.55403912067413,6.925079672179652
lightgbm_reg_baseline,9,MAX_RATIO_250,38.08053958415985,6.667100919209573
lightgbm_reg_baseline,9,LOG_CIRC_MV,36.23618984222412,6.3441941013419365
lightgbm_reg_baseline,9,ROC_STD_250,34.52733016014099,6.045008741007501
lightgbm_reg_baseline,9,ROC250,31.9417405128479,5.592326418162026
lightgbm_reg_baseline,9,ATR_RATIO_20,28.951199769973755,5.068745682345891
lightgbm_reg_baseline,10,STD60,18.672820329666138,10.364765417907474
lightgbm_reg_baseline,10,STD120,18.231069445610046,10.119561736537477
lightgbm_reg_baseline,10,AMIHUD_20_LN,17.290499806404114,9.597477579058216
lightgbm_reg_baseline,10,LOG_CIRC_MV,13.742890119552612,7.628297693570108
lightgbm_reg_baseline,10,ROC250,13.087070107460022,7.264270167909742
lightgbm_reg_baseline,10,ROC_STD_120,11.31824004650116,6.282441589135569
lightgbm_reg_baseline,10,ROC120,10.123950004577637,5.619524262939589
lightgbm_reg_baseline,10,ROC_STD_250,9.950839757919312,5.523435559338717
lightgbm_reg_baseline,10,STD250,9.505829930305481,5.276422928656844
lightgbm_reg_baseline,10,AMIHUD_20,9.26902985572815,5.144981765479276
lightgbm_reg_baseline,11,MIN_RATIO_250,40.46002960205078,12.881247758726616
lightgbm_reg_baseline,11,VSTD_60,38.06931924819946,12.120118004492554
lightgbm_reg_baseline,11,AMIHUD_20,33.08204936981201,10.532322355922712
lightgbm_reg_baseline,11,LOG_CIRC_MV,32.65409851074219,10.396075766425437
lightgbm_reg_baseline,11,STD120,27.996689319610596,8.913297768119282
lightgbm_reg_baseline,11,ROC250,27.03766965866089,8.607974959913602
lightgbm_reg_baseline,11,STD60,24.552209854125977,7.816679850852493
lightgbm_reg_baseline,11,WVMA_10,15.456999778747559,4.921040486498749
lightgbm_reg_baseline,11,MOM_ACC_60_120,13.580949783325195,4.32376299964371
lightgbm_reg_baseline,11,ROC_STD_120,13.53030014038086,4.307637687673499
lightgbm_reg_baseline,12,LOG_CIRC_MV,755.7632440328598,10.776943779091022
lightgbm_reg_baseline,12,AMIHUD_20,571.1254017353058,8.14406680122241
lightgbm_reg_baseline,12,STD60,408.39268124103546,5.823549901740814
lightgbm_reg_baseline,12,WVMA_20,365.0644408464432,5.205702957653178
lightgbm_reg_baseline,12,STD250,337.0730400085449,4.806554473640749
lightgbm_reg_baseline,12,MOM_ACC_60_120,333.6340094804764,4.757514990775979
lightgbm_reg_baseline,12,MIN_RATIO_250,331.7141194343567,4.730137968603453
lightgbm_reg_baseline,12,VSTD_60,309.541809797287,4.413967876583326
lightgbm_reg_baseline,12,MOM_ACC_20_60,284.09711039066315,4.051134545978625
lightgbm_reg_baseline,12,ATR_RATIO_20,284.0517600774765,4.0504878649188685
lightgbm_reg_baseline,13,LOG_CIRC_MV,607.3321633338928,13.918670358105858
lightgbm_reg_baseline,13,AMIHUD_20,392.28239345550537,8.990219276093555
lightgbm_reg_baseline,13,MOM_ACC_20_60,280.57719230651855,6.430190405658316
lightgbm_reg_baseline,13,ATR_RATIO_20,268.0935573577881,6.144093916434867
lightgbm_reg_baseline,13,MAX_RATIO_120,220.26779079437256,5.0480362405730075
lightgbm_reg_baseline,13,ROC250,220.12876987457275,5.044850197625847
lightgbm_reg_baseline,13,STD250,205.48412203788757,4.7092282133883545
lightgbm_reg_baseline,13,MAX_RATIO_250,162.4409613609314,3.7227769750004276
lightgbm_reg_baseline,13,STD30,157.54141974449158,3.6104906368445553
lightgbm_reg_baseline,13,VSTD_10,157.51434016227722,3.6098700344772974
lightgbm_reg_baseline,14,STD30,69.40709090232849,28.866032483591052
lightgbm_reg_baseline,14,MA_RATIO_120,22.679399490356445,9.432239183143816
lightgbm_reg_baseline,14,AMIHUD_20,21.780759811401367,9.058499816941813
lightgbm_reg_baseline,14,LOG_CIRC_MV,19.622190475463867,8.160762543138784
lightgbm_reg_baseline,14,STD250,13.884099960327148,5.774321834410485
lightgbm_reg_baseline,14,MIN_RATIO_250,12.896200180053711,5.363459676420964
lightgbm_reg_baseline,14,MAX_RATIO_30,10.881969928741455,4.525752244688499
lightgbm_reg_baseline,14,TURNOVER_STD_20,10.395349979400635,4.323369648296402
lightgbm_reg_baseline,14,VSTD_60,9.690789937973022,4.030346950210558
lightgbm_reg_baseline,14,ROC_STD_120,7.468669891357422,3.1061792806808026
lightgbm_reg_baseline,15,STD120,39.90900111198425,16.845420323794954
lightgbm_reg_baseline,15,AMIHUD_20,33.55311036109924,14.162625759973423
lightgbm_reg_baseline,15,MOM_ACC_60_120,26.88399052619934,11.347618526557325
lightgbm_reg_baseline,15,VSTD_10,21.37310028076172,9.021495096852606
lightgbm_reg_baseline,15,LOG_CIRC_MV,19.613800048828125,8.278901920954452
lightgbm_reg_baseline,15,MIN_RATIO_60,14.764399528503418,6.231990502297848
lightgbm_reg_baseline,15,VSTD_60,12.318059921264648,5.19940091622801
lightgbm_reg_baseline,15,MAX_RATIO_250,11.176310062408447,4.717473137001014
lightgbm_reg_baseline,15,ROC_STD_250,9.782159805297852,4.12900821878229
lightgbm_reg_baseline,15,MIN_RATIO_120,9.683609962463379,4.08741074755688
lightgbm_reg_baseline,16,STD30,61.96329879760742,17.77882025875682
lightgbm_reg_baseline,16,LOG_CIRC_MV,46.519070625305176,13.347484903170614
lightgbm_reg_baseline,16,STD120,38.31386947631836,10.993207464016352
lightgbm_reg_baseline,16,MA_RATIO_30,32.35340118408203,9.283000027000737
lightgbm_reg_baseline,16,MIN_RATIO_60,30.97636890411377,8.887895023375476
lightgbm_reg_baseline,16,STD60,23.65343952178955,6.786763421567691
lightgbm_reg_baseline,16,MA_RATIO_250,23.04509925842285,6.612215384125582
lightgbm_reg_baseline,16,MAX_RATIO_60,20.100270748138428,5.767270428108634
lightgbm_reg_baseline,16,STD250,13.868509769439697,3.9792223337405974
lightgbm_reg_baseline,16,MOM_ACC_60_120,12.279900074005127,3.523410477617466
lightgbm_reg_baseline,17,STD250,1638.7736929059029,13.094392162172444
lightgbm_reg_baseline,17,LOG_CIRC_MV,1200.3382113575935,9.591134721528302
lightgbm_reg_baseline,17,MOM_ACC_60_120,799.5263438224792,6.388503510472574
lightgbm_reg_baseline,17,AMIHUD_20,715.159318447113,5.714380585139263
lightgbm_reg_baseline,17,TURNOVER_STD_20,475.5090562701225,3.7994886581469114
lightgbm_reg_baseline,17,ROC_STD_250,442.2012231349945,3.5333470725017415
lightgbm_reg_baseline,17,STD120,438.18847757577896,3.5012837899223075
lightgbm_reg_baseline,17,VSTD_60,392.60543340444565,3.1370588460457283
lightgbm_reg_baseline,17,MAX_RATIO_250,381.3466811180115,3.0470973593965835
lightgbm_reg_baseline,17,ATR_RATIO_20,368.3291684985161,2.943082744106143
lightgbm_reg_baseline,18,STD250,658.1570188999176,12.772015444110593
lightgbm_reg_baseline,18,LOG_CIRC_MV,596.5673487186432,11.576823117410614
lightgbm_reg_baseline,18,ATR_RATIO_20,479.96769285202026,9.314122025206743
lightgbm_reg_baseline,18,MOM_ACC_60_120,302.3304092884064,5.8669413920555336
lightgbm_reg_baseline,18,VSTD_60,212.93518018722534,4.132161979357802
lightgbm_reg_baseline,18,MIN_RATIO_120,212.02926206588745,4.114581979593967
lightgbm_reg_baseline,18,AMIHUD_20,174.2100601196289,3.3806728705656806
lightgbm_reg_baseline,18,STD120,166.0104203224182,3.2215528990106193
lightgbm_reg_baseline,18,ROC_STD_250,145.48630142211914,2.8232674503352735
lightgbm_reg_baseline,18,STD60,140.54582047462463,2.7273938257278765
lightgbm_reg_baseline,19,STD250,1012.8283094167709,11.6570160611693
lightgbm_reg_baseline,19,LOG_CIRC_MV,977.3211196660995,11.24835066609468
lightgbm_reg_baseline,19,VSTD_60,619.6841399669647,7.132174234551641
lightgbm_reg_baseline,19,ROC_STD_250,450.0484298467636,5.1797740310485025
lightgbm_reg_baseline,19,MIN_RATIO_120,443.69226145744324,5.106618535380663
lightgbm_reg_baseline,19,MOM_ACC_60_120,441.44060039520264,5.080703334430205
lightgbm_reg_baseline,19,AMIHUD_20,421.72313117980957,4.853767679894834
lightgbm_reg_baseline,19,STD60,379.687219619751,4.3699608079446755
lightgbm_reg_baseline,19,STD120,324.02132058143616,3.7292813629529307
lightgbm_reg_baseline,19,TURNOVER_STD_20,323.6586000919342,3.725106678524654
lightgbm_reg_baseline,20,MIN_RATIO_250,53.554100036621094,20.47197059432516
lightgbm_reg_baseline,20,LOG_CIRC_MV,38.08430004119873,14.55837498932357
lightgbm_reg_baseline,20,VSTD_60,36.99082040786743,14.140373699343078
lightgbm_reg_baseline,20,STD250,27.968520164489746,10.691445136463724
lightgbm_reg_baseline,20,AMIHUD_20,24.30724048614502,9.291858366049897
lightgbm_reg_baseline,20,MAX_RATIO_120,17.68306016921997,6.759652156499836
lightgbm_reg_baseline,20,MOM_ACC_60_120,13.098349571228027,5.0070681249989715
lightgbm_reg_baseline,20,ROC250,8.454509973526001,3.2318810221644663
lightgbm_reg_baseline,20,MAX_RATIO_250,7.995369911193848,3.056366881355211
lightgbm_reg_baseline,20,MIN_RATIO_120,7.65378999710083,2.9257921176649884
lightgbm_ranker,1,AMIHUD_20_LN,13747.848068237305,29.417775932814628
lightgbm_ranker,1,LOG_CIRC_MV,5603.386962890625,11.99018066834849
lightgbm_ranker,1,ROC120,5224.490005493164,11.17941335851068
lightgbm_ranker,1,STD250,4185.468078613281,8.95610436625814
lightgbm_ranker,1,MIN_RATIO_250,3599.5799560546875,7.702415394313018
lightgbm_ranker,1,MIN_RATIO_60,3261.5499877929688,6.979095656158925
lightgbm_ranker,1,MOM_ACC_20_60,2547.3509826660156,5.45084583844344
lightgbm_ranker,1,TURNOVER_STD_20,2238.1399993896484,4.789193238208111
lightgbm_ranker,1,MAX_RATIO_250,2066.2990112304688,4.42148625885768
lightgbm_ranker,1,MAX_RATIO_60,2028.197998046875,4.339957348799548
lightgbm_ranker,2,STD250,99244.38700866699,21.648973233906133
lightgbm_ranker,2,LOG_CIRC_MV,77360.3466873169,16.875232194775556
lightgbm_ranker,2,AMIHUD_20_LN,65950.19598388672,14.386244609494558
lightgbm_ranker,2,VSTD_60,39126.676933288574,8.535015502554154
lightgbm_ranker,2,MA_RATIO_120,37635.71350097656,8.209779704220926
lightgbm_ranker,2,MIN_RATIO_250,34595.22342681885,7.546533245480148
lightgbm_ranker,2,TURNOVER_STD_20,30093.00092315674,6.564427381232542
lightgbm_ranker,2,MIN_RATIO_60,26811.64934539795,5.8486398730510265
lightgbm_ranker,2,ROC20,11152.40193939209,2.4327627824289695
lightgbm_ranker,2,ATR_RATIO_5,9121.313484191895,1.989705185645337
lightgbm_ranker,3,LOG_CIRC_MV,59174.632064819336,17.215401320162037
lightgbm_ranker,3,STD250,52453.385009765625,15.260020080140801
lightgbm_ranker,3,AMIHUD_20_LN,45806.652114868164,13.326316899219611
lightgbm_ranker,3,MOM_ACC_60_120,30252.822067260742,8.801313244919758
lightgbm_ranker,3,VSTD_60,25134.589111328125,7.31228946375046
lightgbm_ranker,3,MIN_RATIO_250,24335.575965881348,7.079836274284341
lightgbm_ranker,3,TURNOVER_STD_20,19517.053909301758,5.678005995336355
lightgbm_ranker,3,MAX_RATIO_120,17034.64193725586,4.955809390988521
lightgbm_ranker,3,ROC30,14573.395919799805,4.239770499665236
lightgbm_ranker,3,MA_RATIO_20,14143.418014526367,4.11467902144571
lightgbm_ranker,4,AMIHUD_20_LN,11978.318008422852,14.998601146971021
lightgbm_ranker,4,LOG_CIRC_MV,11792.021057128906,14.765330193120091
lightgbm_ranker,4,STD250,11154.124008178711,13.966590052533896
lightgbm_ranker,4,MIN_RATIO_250,10276.462982177734,12.867630443849803
lightgbm_ranker,4,ROC120,10270.453094482422,12.860105187931842
lightgbm_ranker,4,TURNOVER_STD_20,6822.7530517578125,8.543081898112712
lightgbm_ranker,4,VSTD_60,6054.630020141602,7.581279834174132
lightgbm_ranker,4,MA_RATIO_60,4153.813949584961,5.201180885725395
lightgbm_ranker,4,WVMA_20,3259.1699829101562,4.080956158408593
lightgbm_ranker,4,MIN_RATIO_20,2829.218978881836,3.5425947943484664
lightgbm_ranker,5,AMIHUD_20_LN,18602.458938598633,16.66054795426078
lightgbm_ranker,5,STD250,17078.106033325195,15.295322273002645
lightgbm_ranker,5,MIN_RATIO_250,17030.356048583984,15.252556909927687
lightgbm_ranker,5,LOG_CIRC_MV,12896.998001098633,11.550680174730491
lightgbm_ranker,5,VSTD_60,10333.485000610352,9.254772337117311
lightgbm_ranker,5,STD20,8089.266998291016,7.244828287738144
lightgbm_ranker,5,MAX_RATIO_250,7123.377014160156,6.379767574406197
lightgbm_ranker,5,MIN_RATIO_30,5350.5350341796875,4.791992596900116
lightgbm_ranker,5,MA_RATIO_120,5241.263961791992,4.694128333496138
lightgbm_ranker,5,MAX_RATIO_20,3655.1890411376953,3.273623799023991
lightgbm_ranker,6,MIN_RATIO_250,10318.752975463867,16.618957632641106
lightgbm_ranker,6,STD250,9898.731918334961,15.942489054525094
lightgbm_ranker,6,LOG_CIRC_MV,8359.500946044922,13.46346718277734
lightgbm_ranker,6,AMIHUD_20,7316.413970947266,11.783514354414528
lightgbm_ranker,6,STD20,4980.444030761719,8.021297586615448
lightgbm_ranker,6,VSTD_60,4869.530990600586,7.842665622101111
lightgbm_ranker,6,MAX_RATIO_250,3624.6090087890625,5.8376456627257145
lightgbm_ranker,6,MAX_RATIO_30,3067.302047729492,4.940070074256061
lightgbm_ranker,6,MOM_ACC_20_60,2831.322998046875,4.56001195694368
lightgbm_ranker,6,MIN_RATIO_30,2790.021942138672,4.493494181011467
lightgbm_ranker,7,MIN_RATIO_250,38498.2159576416,15.729167798601257
lightgbm_ranker,7,LOG_CIRC_MV,36608.74005126953,14.957186997843102
lightgbm_ranker,7,STD250,34360.75607299805,14.038731003889934
lightgbm_ranker,7,AMIHUD_20_LN,31691.42413330078,12.948125401909305
lightgbm_ranker,7,ROC120,22319.32098388672,9.118976975261958
lightgbm_ranker,7,MOM_ACC_20_60,20600.211944580078,8.416602751659031
lightgbm_ranker,7,STD20,18596.88999938965,7.598108017638351
lightgbm_ranker,7,TURNOVER_STD_20,13566.202941894531,5.542726517450006
lightgbm_ranker,7,MAX_RATIO_30,9018.091018676758,3.684510134492871
lightgbm_ranker,7,VSTD_20,5647.056976318359,2.3072109846986955
lightgbm_ranker,8,LOG_CIRC_MV,33430.89686584473,21.21332406070444
lightgbm_ranker,8,AMIHUD_20,20582.898040771484,13.060723078997519
lightgbm_ranker,8,STD250,19211.037078857422,12.19021902796666
lightgbm_ranker,8,TURNOVER_STD_20,18344.390014648438,11.640294654322165
lightgbm_ranker,8,ROC_STD_250,18105.787002563477,11.488890908334433
lightgbm_ranker,8,MAX_RATIO_250,11067.475082397461,7.0227830380624345
lightgbm_ranker,8,MAX_RATIO_60,9249.63900756836,5.869288834800821
lightgbm_ranker,8,ROC_STD_120,8724.733947753906,5.5362142786609985
lightgbm_ranker,8,WVMA_20,4208.9410400390625,2.6707518674429367
lightgbm_ranker,8,LIMIT_UP_SPACE,4053.851028442383,2.5723406675346254
lightgbm_ranker,9,STD250,4751.902038574219,33.39701778038726
lightgbm_ranker,9,AMIHUD_20_LN,3422.0889892578125,24.05090969733079
lightgbm_ranker,9,MAX_RATIO_250,3027.322998046875,21.276440291071804
lightgbm_ranker,9,ROC120,1665.6500244140625,11.70641630018739
lightgbm_ranker,9,VSTD_20,485.36900329589844,3.411239773365708
lightgbm_ranker,9,ROC_STD_60,337.552001953125,2.372361660556517
lightgbm_ranker,9,LIMIT_UP_SPACE,308.2279968261719,2.1662685398088377
lightgbm_ranker,9,CORR_PV_20,230.40899658203125,1.6193459572916866
lightgbm_ranker,9,STD10,0.0,0.0
lightgbm_ranker,9,TURNOVER_STD_20,0.0,0.0
lightgbm_ranker,10,STD30,3042.374954223633,27.866716461160724
lightgbm_ranker,10,ROC_STD_250,1979.1470031738281,18.12805101351324
lightgbm_ranker,10,AMIHUD_20,1647.5449829101562,15.09073325496172
lightgbm_ranker,10,TURNOVER_STD_20,1222.4100189208984,11.196697944564672
lightgbm_ranker,10,MIN_RATIO_120,1094.3930053710938,10.024122613623149
lightgbm_ranker,10,VSTD_20,553.0370025634766,5.065557524910452
lightgbm_ranker,10,LIMIT_UP_SPACE,497.68299865722656,4.5585410147646535
lightgbm_ranker,10,CORR_PV_20,360.6830139160156,3.3036859139275183
lightgbm_ranker,10,VMA_RATIO_60,262.07598876953125,2.400492174766319
lightgbm_ranker,10,MIN_RATIO_20,258.2449951171875,2.365402083807556
lightgbm_ranker,11,AMIHUD_20,21169.31398010254,18.569233723525354
lightgbm_ranker,11,MOM_ACC_60_120,14724.298919677734,12.915815236693057
lightgbm_ranker,11,MAX_RATIO_250,12649.864059448242,11.096168846638262
lightgbm_ranker,11,MOM_ACC_20_60,12220.69400024414,10.71971077416644
lightgbm_ranker,11,MIN_RATIO_250,11882.362976074219,10.422934607039057
lightgbm_ranker,11,STD30,9702.438034057617,8.510754751513447
lightgbm_ranker,11,TURNOVER_STD_20,9343.048965454102,8.195506953741097
lightgbm_ranker,11,MIN_RATIO_60,5681.988967895508,4.9841096059378875
lightgbm_ranker,11,VSTD_20,5241.269012451172,4.597520231007755
lightgbm_ranker,11,WVMA_10,4257.172058105469,3.734293091525066
lightgbm_ranker,12,LOG_CIRC_MV,73505.74798583984,20.02730594483203
lightgbm_ranker,12,AMIHUD_20,47129.56107330322,12.840875231179455
lightgbm_ranker,12,ROC_STD_250,46250.26156616211,12.601302126637378
lightgbm_ranker,12,STD30,41195.71806335449,11.2241460277471
lightgbm_ranker,12,MAX_RATIO_250,32582.195930480957,8.877314007877416
lightgbm_ranker,12,MIN_RATIO_60,23831.260147094727,6.493042395931966
lightgbm_ranker,12,VSTD_60,22414.80812072754,6.1071172286416795
lightgbm_ranker,12,TURNOVER_STD_20,21344.668350219727,5.8155479680741795
lightgbm_ranker,12,MOM_ACC_20_60,21269.815238952637,5.795153560815615
lightgbm_ranker,12,LIMIT_UP_SPACE,11679.332084655762,3.182139673427354
lightgbm_ranker,13,LOG_CIRC_MV,2766.7850341796875,22.84943293784815
lightgbm_ranker,13,MIN_RATIO_60,2356.4059143066406,19.460326063698652
lightgbm_ranker,13,AMIHUD_20_LN,2165.1219940185547,17.880612043737877
lightgbm_ranker,13,MIN_RATIO_250,1396.3730010986328,11.5319155086744
lightgbm_ranker,13,STD30,1089.343978881836,8.996323127462983
lightgbm_ranker,13,ROC120,575.5410003662109,4.753092606903158
lightgbm_ranker,13,CORR_PV_20,545.6130065917969,4.5059329330344005
lightgbm_ranker,13,VSTD_60,413.6490020751953,3.4161111239085704
lightgbm_ranker,13,LIMIT_UP_SPACE,369.34698486328125,3.0502438957756306
lightgbm_ranker,13,MA_RATIO_30,249.68299865722656,2.0620015154992384
lightgbm_ranker,14,MIN_RATIO_60,3645.0670623779297,34.17843006773838
lightgbm_ranker,14,STD60,2675.186019897461,25.084218406562936
lightgbm_ranker,14,VSTD_60,1219.3710174560547,11.433585811603834
lightgbm_ranker,14,ROC120,993.0069885253906,9.311055004828777
lightgbm_ranker,14,CORR_PV_20,727.9060211181641,6.825302419111812
lightgbm_ranker,14,LIMIT_UP_SPACE,425.6890106201172,3.991526584038442
lightgbm_ranker,14,CORR_PV_5,321.0400085449219,3.0102720452667144
lightgbm_ranker,14,CORR_PV_10,305.65899658203125,2.8660500507880298
lightgbm_ranker,14,VSTD_20,185.0800018310547,1.7354259307901112
lightgbm_ranker,14,IS_LIMIT_DOWN_LAG1,166.81199645996094,1.5641336792709644
lightgbm_ranker,15,LOG_CIRC_MV,3134.093978881836,33.20195227676592
lightgbm_ranker,15,MIN_RATIO_60,1709.1470642089844,18.106355342952146
lightgbm_ranker,15,AMIHUD_20_LN,1504.020980834961,15.93329146012178
lightgbm_ranker,15,STD60,962.6020050048828,10.197609276252114
lightgbm_ranker,15,MAX_RATIO_60,681.8079986572266,7.222934853220625
lightgbm_ranker,15,LIMIT_UP_SPACE,467.0640106201172,4.947980850381735
lightgbm_ranker,15,CORR_PV_20,311.9779968261719,3.305031256822476
lightgbm_ranker,15,TURNOVER_STD_20,253.52099609375,2.6857497159245862
lightgbm_ranker,15,WVMA_10,241.093994140625,2.5541005922636106
lightgbm_ranker,15,VSTD_10,174.1580047607422,1.8449943752950064
lightgbm_ranker,16,LOG_CIRC_MV,4093.109100341797,15.60608457788246
lightgbm_ranker,16,MOM_ACC_60_120,3988.906997680664,15.208785901629964
lightgbm_ranker,16,MIN_RATIO_250,3482.773956298828,13.279016902605184
lightgbm_ranker,16,MIN_RATIO_30,2886.6099853515625,11.00598065441127
lightgbm_ranker,16,MAX_RATIO_250,2343.457046508789,8.935063291959848
lightgbm_ranker,16,VSTD_60,2301.0279693603516,8.773290969183325
lightgbm_ranker,16,TURNOVER_STD_20,1365.56201171875,5.2065742028343545
lightgbm_ranker,16,MAX_RATIO_60,1301.6380157470703,4.962846693199454
lightgbm_ranker,16,MA_RATIO_120,1282.6199951171875,4.890335350066899
lightgbm_ranker,16,CORR_PV_20,1004.3320159912109,3.829287224355979
lightgbm_ranker,17,LOG_CIRC_MV,14399.429092407227,21.41127303605662
lightgbm_ranker,17,MIN_RATIO_250,9663.267974853516,14.368824465358129
lightgbm_ranker,17,VSTD_60,7299.816986083984,10.854484132617713
lightgbm_ranker,17,ATR_RATIO_20,6023.130081176758,8.956110820238225
lightgbm_ranker,17,AMIHUD_20,5837.876037597656,8.68064678047312
lightgbm_ranker,17,MA_RATIO_120,5064.532012939453,7.530720630172423
lightgbm_ranker,17,MOM_ACC_60_120,4987.748977661133,7.416547872188
lightgbm_ranker,17,MIN_RATIO_30,4571.841079711914,6.798112411747506
lightgbm_ranker,17,MAX_RATIO_60,3683.114974975586,5.476618541354104
lightgbm_ranker,17,MAX_RATIO_250,2978.679000854492,4.429155417536202
lightgbm_ranker,18,STD250,10510.759963989258,19.3537553664796
lightgbm_ranker,18,LOG_CIRC_MV,9317.100021362305,17.15583603433646
lightgbm_ranker,18,VSTD_60,8031.755020141602,14.78909444758336
lightgbm_ranker,18,MIN_RATIO_250,5229.837966918945,9.629846458757903
lightgbm_ranker,18,MOM_ACC_60_120,5153.991973876953,9.490189117148772
lightgbm_ranker,18,MAX_RATIO_250,4423.78596496582,8.145640434463818
lightgbm_ranker,18,MAX_RATIO_60,4272.623046875,7.867299938892026
lightgbm_ranker,18,AMIHUD_20,2925.2240142822266,5.3862965340788085
lightgbm_ranker,18,MA_RATIO_120,2640.6190032958984,4.8622453924320475
lightgbm_ranker,18,CORR_PV_10,997.6689758300781,1.837035700662426
lightgbm_ranker,19,STD250,41814.43696594238,18.670091520496268
lightgbm_ranker,19,LOG_CIRC_MV,41053.54783630371,18.330355517381474
lightgbm_ranker,19,ROC_STD_250,27260.666870117188,12.171852171282199
lightgbm_ranker,19,MOM_ACC_20_60,23700.862014770508,10.58240395035883
lightgbm_ranker,19,VSTD_60,19373.421920776367,8.65020759745465
lightgbm_ranker,19,AMIHUD_20,18116.831985473633,8.089141831701422
lightgbm_ranker,19,ROC120,11193.668991088867,4.997958592243842
lightgbm_ranker,19,VSTD_20,8596.905014038086,3.8385068663207087
lightgbm_ranker,19,MAX_RATIO_250,7806.821975708008,3.485735821085092
lightgbm_ranker,19,LIMIT_UP_SPACE,6453.683990478516,2.881561477073925
lightgbm_ranker,20,VSTD_60,4114.091903686523,31.893406916540307
lightgbm_ranker,20,LOG_CIRC_MV,3427.980026245117,26.574506461763892
lightgbm_ranker,20,STD250,3081.9409790039062,23.891930476335254
lightgbm_ranker,20,ROC120,1449.8499755859375,11.239577608332803
lightgbm_ranker,20,STD10,825.6430053710938,6.400578537027742
lightgbm_ranker,20,MOM_ACC_20_60,0.0,0.0
lightgbm_ranker,20,ROC_STD_250,0.0,0.0
lightgbm_ranker,20,CORR_PV_20,0.0,0.0
lightgbm_ranker,20,EFFICIENCY_RATIO_10,0.0,0.0
lightgbm_ranker,20,CORR_PV_10,0.0,0.0
double_ensemble,1,AMIHUD_20_LN,8562.714266660885,14.620861678895883
double_ensemble,1,STD120,6358.3874606048885,10.856966689206455
double_ensemble,1,LOG_CIRC_MV,6095.429904902568,10.407965831579629
double_ensemble,1,STD250,4542.957632207752,7.757114518256112
double_ensemble,1,MIN_RATIO_250,3194.6847903486027,5.4549343786026
double_ensemble,1,STD30,3133.6226731807556,5.35067062050808
double_ensemble,1,ROC30,3099.5712852897022,5.292527768040381
double_ensemble,1,TURNOVER_STD_20,2936.7427497907893,5.0144975289401374
double_ensemble,1,ROC120,2849.9207662534454,4.866248717587251
double_ensemble,1,MOM_ACC_20_60,2535.5882944070972,4.329525028237393
double_ensemble,2,STD250,65460.44076381981,27.301704743775446
double_ensemble,2,AMIHUD_20_LN,43700.65527948642,18.22631154982203
double_ensemble,2,ATR_RATIO_60,26181.084225909173,10.91939227825601
double_ensemble,2,STD60,14313.041629649522,5.969566229594315
double_ensemble,2,LOG_CIRC_MV,12659.955102751483,5.280110433900557
double_ensemble,2,MIN_RATIO_120,11586.47541660151,4.832392314411423
double_ensemble,2,AMIHUD_20,11496.67642902258,4.794939687808808
double_ensemble,2,ROC120,8927.888664872764,3.7235707164436826
double_ensemble,2,MIN_RATIO_250,7499.317528648688,3.1277539619034913
double_ensemble,2,MA_RATIO_250,6978.662893381209,2.910603588950193
double_ensemble,3,AMIHUD_20_LN,29184.112522071504,18.826618625446518
double_ensemble,3,LOG_CIRC_MV,23353.194265851384,15.065103720273795
double_ensemble,3,STD120,21515.93559761036,13.879891449826646
double_ensemble,3,MIN_RATIO_120,11222.973273899437,7.239919922577316
double_ensemble,3,STD250,9662.629744134225,6.233345111115906
double_ensemble,3,ATR_RATIO_60,8552.59227293176,5.517261930087913
double_ensemble,3,STD60,7086.322211204153,4.571373744069632
double_ensemble,3,AMIHUD_20,6819.789085864772,4.399433703130649
double_ensemble,3,MA_RATIO_120,5871.084259941891,3.787425922107232
double_ensemble,3,TURNOVER_STD_20,4894.713000754488,3.1575705746243723
double_ensemble,4,AMIHUD_20_LN,6218.781195551344,13.663198618887003
double_ensemble,4,TURNOVER_STD_20,6190.151256907926,13.60029617452839
double_ensemble,4,MIN_RATIO_250,5200.668544341725,11.426317318121868
double_ensemble,4,MIN_RATIO_120,3917.051536641967,8.606100048003187
double_ensemble,4,ATR_RATIO_60,3807.9956927247613,8.366494953510227
double_ensemble,4,STD120,3234.209336368733,7.105836842993632
double_ensemble,4,MA_RATIO_60,2911.194597929054,6.396145604574384
double_ensemble,4,MA_RATIO_120,2086.239955611002,4.583649108053875
double_ensemble,4,STD250,1665.434254059425,3.6591026897987557
double_ensemble,4,AMIHUD_20,1602.6162274036085,3.521086067561114
double_ensemble,5,STD250,20354.31182925623,32.15933320500077
double_ensemble,5,MIN_RATIO_120,8337.838676038036,13.173588694206806
double_ensemble,5,AMIHUD_20_LN,7596.103084736341,12.001663932968087
double_ensemble,5,MIN_RATIO_250,5376.218144646295,8.4942980213136
double_ensemble,5,STD30,3616.7341166714036,5.714354705166172
double_ensemble,5,ATR_RATIO_20,2922.925631629054,4.61815364280144
double_ensemble,5,STD120,2885.0752764518675,4.558350973259885
double_ensemble,5,STD60,2260.5265728946106,3.571578734093349
double_ensemble,5,ATR_RATIO_60,2014.565877869955,3.1829666300347808
double_ensemble,5,AMIHUD_20,1275.3632594847065,2.0150439063349688
double_ensemble,6,ATR_RATIO_20,4772.126371896653,16.95399854714981
double_ensemble,6,MIN_RATIO_250,4037.8002169225706,14.34514798571411
double_ensemble,6,STD250,2662.818737971334,9.46023250363894
double_ensemble,6,AMIHUD_20,2386.9569134706253,8.480174431551408
double_ensemble,6,STD60,2298.7652354556158,8.166854652397504
double_ensemble,6,AMIHUD_20_LN,2039.3930362634674,7.245379497386676
double_ensemble,6,MIN_RATIO_60,1680.8112692082034,5.971441155457741
double_ensemble,6,ATR_RATIO_60,1589.2946320154347,5.646308748415139
double_ensemble,6,TURNOVER_STD_20,1352.5787689233423,4.805325068145249
double_ensemble,6,STD20,1167.6016814341215,4.148154442694727
double_ensemble,7,MIN_RATIO_250,6903.985475134425,18.37436976655871
double_ensemble,7,ATR_RATIO_60,6143.39027747876,16.350110379755485
double_ensemble,7,STD250,4553.427756772682,12.118560447380458
double_ensemble,7,STD120,3126.1999639255964,8.320115143384333
double_ensemble,7,WVMA_20,2617.275293710493,6.965655446512768
double_ensemble,7,AMIHUD_20,2274.1698636562514,6.052509544998828
double_ensemble,7,AMIHUD_20_LN,2226.389175560581,5.925345310089517
double_ensemble,7,ATR_RATIO_20,2205.011498424382,5.8684504417753605
double_ensemble,7,TURNOVER_STD_20,1427.3152793594163,3.798678141903003
double_ensemble,7,MIN_RATIO_60,1378.747496880363,3.6694191222793355
double_ensemble,8,LOG_CIRC_MV,22172.829743598213,12.827211149917748
double_ensemble,8,TURNOVER_STD_20,21093.50830735815,12.202812544896165
double_ensemble,8,MAX_RATIO_120,17970.630686800294,10.396195568287038
double_ensemble,8,ATR_RATIO_60,15491.483046399691,8.96198303777228
double_ensemble,8,STD250,13746.697657027576,7.952606658682488
double_ensemble,8,AMIHUD_20_LN,13534.805053136672,7.830024597545288
double_ensemble,8,STD120,13527.300193360563,7.825682958606466
double_ensemble,8,ATR_RATIO_20,12461.217633894685,7.208943180614809
double_ensemble,8,MAX_RATIO_250,11637.214056445275,6.732248595464581
double_ensemble,8,AMIHUD_20,10880.637690951658,6.294561349251637
double_ensemble,9,STD250,837.8743298208383,21.905109412715493
double_ensemble,9,MAX_RATIO_250,552.9810743383564,14.456954349147788
double_ensemble,9,ROC250,521.3002217454773,13.62870061510211
double_ensemble,9,STD120,417.9108908419314,10.925724136476862
double_ensemble,9,ROC_STD_120,358.17489409391214,9.364005990841848
double_ensemble,9,ATR_RATIO_60,187.21771042340438,4.894557912640283
double_ensemble,9,MA_RATIO_250,181.98894554129353,4.757858812596851
double_ensemble,9,STD30,169.33570757703234,4.427056743399273
double_ensemble,9,WVMA_20,158.47989909836505,4.143246076303721
double_ensemble,9,MAX_RATIO_120,132.58420287874137,3.466237557459858
double_ensemble,10,ATR_RATIO_60,638.415667671778,20.15428068504339
double_ensemble,10,STD30,433.85087852132773,13.696331127115977
double_ensemble,10,STD60,377.07715150758065,11.904029202659821
double_ensemble,10,STD250,340.65449765283984,10.754194657151729
double_ensemble,10,LIMIT_UP_SPACE,297.43324222597084,9.389733605295278
double_ensemble,10,ATR_RATIO_20,170.1921088127947,5.372831064597231
double_ensemble,10,STD120,155.77868260536314,4.917810531537438
double_ensemble,10,MIN_RATIO_30,113.61890561895187,3.586859519477044
double_ensemble,10,STD10,100.96645171417865,3.187431497477944
double_ensemble,10,MIN_RATIO_20,88.99106333233617,2.8093779017066285
double_ensemble,11,STD250,18577.972786170154,16.853180720168517
double_ensemble,11,ATR_RATIO_60,16988.429414938306,15.411211674016268
double_ensemble,11,AMIHUD_20,13595.364108687907,12.333160938354682
double_ensemble,11,MIN_RATIO_120,12345.93682446371,11.19973136236699
double_ensemble,11,AMIHUD_20_LN,9504.673436706871,8.622252866806356
double_ensemble,11,STD120,7492.581560136828,6.7969650158810175
double_ensemble,11,MAX_RATIO_250,7142.712667797121,6.479578197694069
double_ensemble,11,MIN_RATIO_60,5007.631061048149,4.542719069682284
double_ensemble,11,STD60,3807.5890745738807,3.454089825651071
double_ensemble,11,STD30,3404.9078966485713,3.0887938516340587
double_ensemble,12,ATR_RATIO_60,19105.40476347835,22.596983444605645
double_ensemble,12,AMIHUD_20_LN,12939.445806415402,15.304174200427017
double_ensemble,12,STD250,11139.114582086897,13.174826229285094
double_ensemble,12,MIN_RATIO_120,10903.591652286144,12.896260670930303
double_ensemble,12,MAX_RATIO_250,5738.808807511149,6.78759593007842
double_ensemble,12,STD60,3956.542313178615,4.679614080706948
double_ensemble,12,MIN_RATIO_60,3804.77723855328,4.500113414731334
double_ensemble,12,STD120,3141.02102436793,3.715053460813364
double_ensemble,12,STD20,2505.8637707101807,2.9638190261961155
double_ensemble,12,ATR_RATIO_20,2213.471237032903,2.6179907475164637
double_ensemble,13,STD120,849.0097520881374,20.43062313017624
double_ensemble,13,MA_RATIO_60,606.0018927163048,14.58286698805201
double_ensemble,13,ATR_RATIO_60,436.8353058722888,10.51203179030798
double_ensemble,13,MIN_RATIO_60,415.44583567573966,9.997314257953338
double_ensemble,13,ROC60,250.8181129061473,6.035702565729207
double_ensemble,13,MIN_RATIO_120,215.71598647993363,5.191002826629719
double_ensemble,13,STD30,185.6299698328652,4.467011063175094
double_ensemble,13,WVMA_20,168.52370076783657,4.055364747486236
double_ensemble,13,STD250,165.45217999249274,3.9814514817749584
double_ensemble,13,MOM_ACC_20_60,153.66860773297208,3.6978908708757876
double_ensemble,14,MIN_RATIO_60,535.1582049406791,17.709718369541022
double_ensemble,14,STD60,480.2484328507381,15.892617201193374
double_ensemble,14,MOM_ACC_20_60,294.9582068843441,9.760901965962713
double_ensemble,14,STD250,271.83505761321067,8.995699344330434
double_ensemble,14,STD120,201.2018568681396,6.658270746233687
double_ensemble,14,MA_RATIO_60,176.92844387937066,5.855003032256831
double_ensemble,14,ROC60,169.73300748269384,5.616888114173464
double_ensemble,14,MIN_RATIO_120,153.20397472041236,5.069901237323899
double_ensemble,14,MA_RATIO_120,117.67185983900299,3.894055026213878
double_ensemble,14,TURNOVER_STD_20,116.84736584116715,3.866770465565745
double_ensemble,15,STD250,473.1257021381467,20.07135310683201
double_ensemble,15,ROC60,433.2022252660746,18.377684388496718
double_ensemble,15,STD60,303.97248182522804,12.895386976234855
double_ensemble,15,MIN_RATIO_60,239.5385059448406,10.161912391937735
double_ensemble,15,STD120,183.91734069822618,7.802302582466257
double_ensemble,15,ATR_RATIO_60,107.45805608538186,4.558679814088162
double_ensemble,15,TURNOVER_STD_20,83.97825928647903,3.562599300394494
double_ensemble,15,ROC120,80.1253189136593,3.399146487805899
double_ensemble,15,MA_RATIO_60,79.9130419252192,3.390141087397126
double_ensemble,15,MOM_ACC_20_60,73.15627564445494,3.103499627699049
double_ensemble,16,LOG_CIRC_MV,6465.894742171018,27.62044360197346
double_ensemble,16,MA_RATIO_120,1831.496058949836,7.823624667678302
double_ensemble,16,STD30,1643.819701602143,7.021925219999808
double_ensemble,16,ATR_RATIO_60,1458.178197080264,6.228918078638515
double_ensemble,16,AMIHUD_20_LN,1381.8148884060265,5.902715975975044
double_ensemble,16,MA_RATIO_250,1236.5650636239998,5.282250479154808
double_ensemble,16,ROC_STD_60,1101.1010186815668,4.703587020712646
double_ensemble,16,AMIHUD_20,973.8273994915726,4.159910706601175
double_ensemble,16,STD20,968.4547081504095,4.136960113667523
double_ensemble,16,MIN_RATIO_60,958.1141689365918,4.0927883027182235
double_ensemble,17,LOG_CIRC_MV,1070.553063034076,25.530893768282475
double_ensemble,17,AMIHUD_20_LN,436.6852122518471,10.414209392465134
double_ensemble,17,MA_RATIO_250,430.2792625304165,10.261438243168447
double_ensemble,17,ATR_RATIO_20,348.87766609166795,8.320146790172869
double_ensemble,17,STD30,304.61319164983087,7.264513366939716
double_ensemble,17,MIN_RATIO_250,293.3586225255405,6.996110782666411
double_ensemble,17,ROC120,214.61096695278204,5.118111365027643
double_ensemble,17,ROC_STD_60,189.6727566669137,4.523376905275481
double_ensemble,17,MA_RATIO_120,182.9822492107101,4.363819531597873
double_ensemble,17,ROC30,159.32343350808483,3.799596485357452
double_ensemble,18,LOG_CIRC_MV,1037.9502767381944,20.76137849230918
double_ensemble,18,STD250,713.7383270852828,14.276398287258962
double_ensemble,18,VSTD_60,573.7362192882936,11.476036059090768
double_ensemble,18,MA_RATIO_250,365.75150835471277,7.315866346650159
double_ensemble,18,MIN_RATIO_120,345.78335689085,6.916457666269239
double_ensemble,18,AMIHUD_20,212.60090972373462,4.252504241777893
double_ensemble,18,AMIHUD_20_LN,211.94234115805637,4.239331364847651
double_ensemble,18,ROC60,198.5202500938611,3.97085885803576
double_ensemble,18,MIN_RATIO_60,195.74269519304704,3.9153014099851786
double_ensemble,18,ROC120,168.91289508391435,3.3786440696266657
double_ensemble,19,AMIHUD_20,9105.713976232466,11.54200456914275
double_ensemble,19,LOG_CIRC_MV,8860.4750224723,11.231150403042225
double_ensemble,19,MA_RATIO_250,7895.967064160612,10.00858232206961
double_ensemble,19,MOM_ACC_60_120,7635.127051715645,9.677952936684422
double_ensemble,19,VSTD_60,6492.601291729386,8.229737280389351
double_ensemble,19,ROC60,5141.897172320687,6.517643845600232
double_ensemble,19,ROC_STD_120,4706.739402479391,5.966056899105309
double_ensemble,19,MIN_RATIO_60,4697.311773346673,5.954106848970852
double_ensemble,19,MOM_ACC_20_60,3797.357450648102,4.8133641316266305
double_ensemble,19,CORR_PV_20,3451.115206403464,4.374482614424028
double_ensemble,20,VSTD_60,634.0284915538425,16.550651160099143
double_ensemble,20,STD250,563.8952841800643,14.719897076575872
double_ensemble,20,LOG_CIRC_MV,549.3598918131261,14.340465849517312
double_ensemble,20,MIN_RATIO_250,468.1138992922537,12.219624123503504
double_ensemble,20,MOM_ACC_20_60,455.07755131692613,11.879323883663275
double_ensemble,20,ROC250,251.94670624125763,6.5768054614008085
double_ensemble,20,STD120,188.2318101753905,4.913594686907423
double_ensemble,20,MIN_RATIO_60,130.00658095239842,3.393685928193988
double_ensemble,20,ROC60,122.55201511308042,3.1990922775929307
double_ensemble,20,MA_RATIO_120,108.44818222219739,2.8309264596416486
