,lightgbm_clf_baseline,double_ensemble,lightgbm_ranker,lightgbm_reg_baseline
2023-07-03,0.2767657314872812,0.2718578663452011,0.25847405783568944,0.2139448425193666
2023-07-04,0.3074551029756842,0.2933141623050382,0.27703192484629585,0.2184521652342127
2023-07-05,0.3162724561184899,0.2768528683048598,0.30442442467042846,0.2246524781819496
2023-07-06,0.3447511849448896,0.28594619974997737,0.29770104506091605,0.25647053192381747
2023-07-07,0.24525507866912227,0.22386140954504039,0.23861995159223132,0.15627028503158177
2023-07-10,0.17711938661442486,0.1809625009042043,0.17885712376045695,0.08475578714459005
2023-07-11,0.24415617014548702,0.23236177912006648,0.22208109548535498,0.16124595520429144
2023-07-12,0.2337080868057556,0.21129592161317595,0.17810754857617053,0.16013873377609697
2023-07-13,0.2843561898010843,0.27579566915345666,0.2467129865114773,0.19716740381295433
2023-07-14,0.31505669684154275,0.31409116139926496,0.30135239818966325,0.22268812305452315
2023-07-17,0.2866243467315093,0.23282394666573178,0.211828508240243,0.15243364979012045
2023-07-18,0.295078656861307,0.2143301705970523,0.1772799741244056,0.14632451965630705
2023-07-19,0.3389706281906241,0.2654729487643099,0.23259409946747725,0.17935084133542561
2023-07-20,0.24002162350654474,0.19064514568407223,0.13073386025878694,0.11775308518453875
2023-07-21,0.2780960808118505,0.20433804401568428,0.16428091472557904,0.1280650352004907
2023-07-24,0.2717658884903495,0.21197017068943752,0.14532598991416257,0.05699706874915082
2023-07-25,0.1622601274832723,0.15174683588088753,0.061995286379493704,-0.003949166700642479
2023-07-26,0.23279825385358424,0.14341365641124285,0.07538509684377696,0.0010296005762915885
2023-07-27,0.09859656433639567,0.07296180571704958,0.04970271066218906,-0.07015717458989118
2023-07-28,0.16497192650209136,0.12606931393296222,0.10873768073474642,-0.03285043757111699
2023-07-31,0.09071588125069578,0.07709721418494882,0.07573091774992616,-0.05160016747851775
2023-08-01,0.01376569730984727,0.010851250181861768,0.02451747193007102,-0.05307977547780774
2023-08-02,-0.010542972428759926,-0.031047195752801987,-0.01411795831605902,-0.06855529769948836
2023-08-03,0.003142558352407581,0.003251937893455234,0.026722821253989885,-0.07070532973767706
2023-08-04,0.08972908580790001,0.033511974897863,0.06449163389503564,-0.00372829430978168
2023-08-07,0.08813843902253014,0.03679454691315475,0.05194548104949572,-0.0010366505437626697
2023-08-08,0.11515043829300058,0.09338654993347988,0.12323189510534242,0.0800361225663142
2023-08-09,0.08658668373767074,0.088644628051378,0.09923678692461564,0.029421155326781332
2023-08-10,0.08702486234595928,0.08732311077940698,0.10752932714369609,0.003649595067231327
2023-08-11,0.08764260365077897,0.06108430912672041,0.07902792944606142,0.029704959652226456
2023-08-14,0.04278310057926548,0.04154652039389381,0.05246540337814982,-0.007289302855542
2023-08-15,0.07122716760217516,0.0839513244915226,0.10248633691808762,0.05171242681738125
2023-08-16,0.08612607343526578,0.08714778305064669,0.1464060008585153,0.12164844576731322
2023-08-17,0.13719375814879972,0.11307747254813615,0.15340625481291206,0.13765867601543455
2023-08-18,0.11645153237633606,0.10902804327520198,0.15872767806720778,0.14223674579533235
2023-08-21,0.09434959933156634,0.08882346646924798,0.11257944669405696,0.1488153794916159
2023-08-22,0.11859594571458978,0.15033484193047134,0.17576320685283203,0.19940543476689543
2023-08-23,0.0812485829434982,0.13248641504743572,0.11659411110300108,0.1870269008002764
2023-08-24,0.1555093742680002,0.19790182852555388,0.18043252008672994,0.2502726396055395
2023-08-25,0.09865582068971898,0.14643182776733082,0.09704530308627946,0.16422655288454607
2023-08-28,0.12721977614435148,0.1231934696476303,0.1339762112349967,0.08966781006976986
2023-08-29,0.136007047129385,0.1590813472230724,0.13596133284312084,0.07483217078407578
2023-08-30,0.11155375997363211,0.14592352127823466,0.1157120070184922,0.0624287494573451
2023-08-31,0.09593056715069713,0.14466182175567804,0.12955763915351692,0.10416067067499951
2023-09-01,0.11967259822215988,0.16367964617309785,0.15933592352384598,0.09978497728317352
2023-09-04,0.14100287171004963,0.19745239729056158,0.20831785652561985,0.12462900528827353
2023-09-05,0.01824456213310256,0.0985290455068862,0.0816960968220421,0.027241157526514275
2023-09-06,0.023747558902714478,0.07333852419505735,0.08328010200078786,0.04302585306108057
2023-09-07,0.04587955734152272,0.1352286186682013,0.1121589772553865,0.07275386614691853
2023-09-08,0.021712320772655964,0.1302958884067203,0.11739249835010244,0.04674559936631305
2023-09-11,0.04846646688286134,0.1391614425474917,0.14278048124233197,0.06735957957892624
2023-09-12,0.036825907278182135,0.14806078976443296,0.1321558354307432,0.0812984937989714
2023-09-13,-0.03417965790266141,0.06515270961604619,0.05448684765334291,0.07069106385605478
2023-09-14,-0.030046813779161644,0.030410155242336034,0.040517859760178576,0.04205672451134425
2023-09-15,-0.010338386308522095,0.0425885053003697,0.07123843751405545,0.02020880433780495
2023-09-18,-0.013205353213933317,0.07983592220880356,0.07904394157801796,0.05555839609844231
2023-09-19,0.010448744458294319,0.12084798059014186,0.09167302030096436,0.0585792712312948
2023-09-20,0.019253704650979836,0.13241210372439904,0.10040606585109119,0.07377773212346306
2023-09-21,0.0430021900184622,0.09753559414576363,0.09773468480987346,0.08961175957120246
2023-09-22,0.08045136682971975,0.14699979027561447,0.1392006866659809,0.09787648367421485
2023-09-25,0.03473606584400433,0.10894678680376753,0.12239612644516214,0.0791128492675825
2023-09-26,0.05473796820147459,0.12365755586094566,0.13333595537627677,0.10335256601148048
2023-09-27,0.08694553734576986,0.16006700074496683,0.14181471567456452,0.09251409423056679
2023-09-28,0.06485518541761648,0.12663701913178899,0.08798638141313,0.0663526154808245
2023-10-09,0.051254474048002284,0.0838102060924066,0.1009059419865358,0.08551426623388605
2023-10-10,0.026077266679394483,0.05694025976940902,0.06660363815638953,0.1128350883501462
2023-10-11,0.022809056288496155,0.06728751368725584,0.08016283856710245,0.07664016627399245
2023-10-12,-0.0052486170763163635,0.04201137165752449,0.08664200727920784,0.08562763481759643
2023-10-13,-0.054421908928243015,-0.04185813809441006,0.0035451247034928427,0.020986457158619173
2023-10-16,-0.006242595978167201,-0.04203449377561637,-0.040043153345670934,0.025550066532467344
2023-10-17,0.021005001152582862,-0.030932854758358115,-0.049465465842761694,0.03356442196925499
2023-10-18,0.0632078443650241,-0.031255557485745274,-0.03689549772167989,0.04416287826867765
2023-10-19,0.061510460141413814,-0.02414418904248838,-0.010973030521299346,0.004208403339852466
2023-10-20,0.030467485698400968,-0.0503690084226997,-0.05535011108474668,0.0036520711693573387
2023-10-23,0.13954044961979636,0.055636236796896804,0.052681079185933406,0.1444116399535442
2023-10-24,0.1197915211389828,0.04021349448290918,0.023673939222556024,0.07467610322125968
2023-10-25,0.09086925050366089,0.02223262516478641,0.024709199628964448,0.10195603848957867
2023-10-26,0.05497774542896681,0.012659242525014337,0.0007777791519525,0.09666205862962508
2023-10-27,0.029456367805297638,0.04344878106487659,0.04761933663115439,0.09452144491920686
2023-10-30,0.11467118674812092,0.14725989592090397,0.10652830925097793,0.1381177395325317
2023-10-31,0.17232027474198247,0.19554012214786887,0.15537718625563815,0.1516744737533308
2023-11-01,0.15643997830653217,0.19725506156153239,0.1505117617016451,0.17472430210073855
2023-11-02,0.13684183525189034,0.1579554832949367,0.11449025523482118,0.15788026337611105
2023-11-03,0.12688201718052056,0.1431432958278596,0.08384499902091123,0.12765113156065686
2023-11-06,0.18569492799438056,0.18845364054735808,0.14438517983104127,0.18313791200999965
2023-11-07,0.17977744250694588,0.16185453511927253,0.16561726316857187,0.19890499724483118
2023-11-08,0.173424687715648,0.14547161838584355,0.14609619209148722,0.17574874652563627
2023-11-09,0.16985310528477066,0.14668659049759786,0.1707800320408951,0.18933752788798908
2023-11-10,0.18972931017639516,0.14471672840283123,0.11862806306675949,0.1631466455595336
2023-11-13,0.15726342728034076,0.12512261545437492,0.09806420435645806,0.15942582650689893
2023-11-14,0.17254596590297583,0.14061810771332953,0.09708326949199496,0.13022612667393973
2023-11-15,0.2175171252711351,0.1447971169152441,0.0952363611753634,0.15317829571535857
2023-11-16,0.17074572828869788,0.1034941286619139,0.08005368395859858,0.15619466122888087
2023-11-17,0.17498232477556677,0.09392196358697955,0.0699226930118193,0.16410292688260394
2023-11-20,0.1549538028014402,0.05868085901642949,0.020825668080796052,0.13278298163378724
2023-11-21,0.10437754392561757,0.02657859201483363,0.014874395797810663,0.10876336307698109
2023-11-22,0.07779843862646625,0.03399815701891935,-0.015980142427422853,0.13919160828029156
2023-11-23,0.05636097610267599,-0.005840190403948794,0.0023134032759358296,0.10257880751945095
2023-11-24,0.08928384525325082,-0.01499808590382037,-0.029674624186060414,0.1221900127332897
2023-11-27,0.03731161172287648,-0.06221018048482752,-0.05786416834686751,0.0211995480314425
2023-11-28,0.07650279039612803,-0.023259394594062004,-0.046729560083095145,0.021287595721689312
2023-11-29,0.08087110575449818,-0.027508485567652147,-0.06611951698842765,0.004241483364418443
2023-11-30,0.03964884140366995,-0.006903213992351623,-0.004983303002501521,-0.009153980409251373
2023-12-01,0.03065993756139894,0.06297498921304853,0.011522245675346734,0.04957406016195385
2023-12-04,0.06699047455117209,0.11719142221934828,0.06210794433896083,0.07735533628560588
2023-12-05,0.08192562194050257,0.13273874799298527,0.09161333907096618,0.06769434690747157
2023-12-06,0.12809249287854843,0.1555718044757495,0.1059296952332639,0.10639912264432325
2023-12-07,0.13802810873190213,0.14626222674086664,0.09246705401091299,0.02820411884742776
2023-12-08,0.15390182212109277,0.1965340760484006,0.13397769124541134,0.0398181520880194
2023-12-11,0.1636304682333682,0.19262991805364685,0.13580190359851377,0.016780476432285803
2023-12-12,0.18888621816376008,0.21525755818147882,0.1814220065295634,0.056676959772396514
2023-12-13,0.16166031568684736,0.18949148086088954,0.18822633240290618,0.010027566419877289
2023-12-14,0.1897901947561262,0.21760025174659076,0.2107138648769892,0.04269968517892253
2023-12-15,0.1737912200454099,0.20309397397428874,0.18849878048739707,0.045735507318744456
2023-12-18,0.18348325906582458,0.21823580195156428,0.1681819290517568,0.07641540075240863
2023-12-19,0.17994820519043114,0.22870832804202842,0.1693575094646679,0.0811120770217311
2023-12-20,0.0886707139797483,0.15013436447441642,0.07598525477381386,0.037613479779469834
2023-12-21,0.11919963446943463,0.1501198503635293,0.05402450943667567,0.017264890540002218
2023-12-22,0.006623500164947435,0.041978830569434605,-0.02273597835968744,-0.06867859199787688
2023-12-25,-0.013210789643750033,0.04625683789116524,-0.03491931201617321,-0.06074225475392676
2023-12-26,0.06145630872543941,0.10526413202677513,0.043718857242957966,0.01198483082654671
2023-12-27,0.08806829913945946,0.15896041351743287,0.05077218261019208,-0.005500890138257222
2023-12-28,0.1708355721875313,0.26282676908043157,0.09215197220325867,0.04182887433831409
2023-12-29,0.24036068446764597,0.32886792492125033,0.15109218050992634,0.04920728542777342
2024-01-02,0.1375324795209297,0.2581982848630888,0.1125405593559135,0.012261622798271834
2024-01-03,0.10764795315129759,0.24778375126888613,0.08021264242499443,0.024061708855009023
2024-01-04,0.08738695500132682,0.18019073711638295,0.05020765423237925,-0.04777127904299286
2024-01-05,-0.005222173740230543,0.13049653462931288,-0.04030148201551758,-0.041443121969414236
2024-01-08,-0.08159540471027595,0.05991713739980206,-0.07375230149028444,-0.10895519038736434
2024-01-09,-0.06923475211795284,0.05389633149677194,-0.06366628909780843,-0.07775727088096787
2024-01-10,-0.04937002624423182,0.025798338131082618,-0.05821985812227461,-0.09881778205939651
2024-01-11,0.0019364243597832943,0.04380008897709701,-0.047539169756776196,-0.10261443482826836
2024-01-12,-0.049605460558254454,-0.053082334726782046,-0.1235313451485966,-0.18518143688570135
2024-01-15,-0.07322204216871282,-0.06826843732201902,-0.08907036331356748,-0.2323923351318978
2024-01-16,-0.061991459578431406,-0.02942999931521553,-0.05577967549069986,-0.22380325712575055
2024-01-17,-0.1197464027846072,-0.08123000449123255,-0.15489841149867575,-0.240641707524965
2024-01-18,-0.08963664727608801,-0.024064123051773047,-0.051550726918620636,-0.17319149466172648
2024-01-19,-0.06920902838780522,-0.048903726799839224,0.008892826192409525,-0.16442106998037875
2024-01-22,0.02490143815327141,0.010183697038162843,0.005090190270420595,-0.04114413571678963
2024-01-23,-0.057668585761752746,0.0004658414966293719,-0.05535129807576267,-0.19963402610142572
2024-01-24,0.0033547893580256,0.01163435835651994,-0.06465723520448452,-0.17119372952420464
2024-01-25,-0.04600056180360746,-0.08002028265167024,-0.09321059743343063,-0.11897046681584948
2024-01-26,-0.0382773081385145,-0.0873056289047043,-0.08162395223755854,-0.06661905515313273
2024-01-29,-0.048417943407161705,-0.13528331900208942,-0.10471804105841158,-0.04248414990180215
2024-01-30,0.023390998546823496,-0.07596243034711693,-0.0837807265409463,0.05559636394403805
2024-01-31,0.06932332881424531,-0.006756080506814676,-0.004558375978896425,0.04117354567254735
2024-02-01,0.06265701958491718,0.010726269982797038,-0.026915869958807282,0.034053269502420526
2024-02-02,0.17541853853422967,0.0378174649207715,0.08839749143931705,0.12681505572695656
2024-02-05,0.244620495092641,0.10739799353779149,0.161822461766014,0.17325819263163456
2024-02-06,0.23764509592521832,0.119638397857404,0.11456830088297797,0.17244319013753978
2024-02-07,0.10760292876039389,0.03523500020103859,0.0027918908741914527,0.07296538000070943
2024-02-08,0.0850662106276445,0.07503670163918054,-0.020086651355655818,0.0458607819765596
2024-02-19,0.1307782288978587,0.04238654730067346,-0.03282843378585097,0.050284268508062696
2024-02-20,0.1582769056852135,0.05100058207405189,0.02258565355165442,0.058025125465232634
2024-02-21,0.16229083373609027,0.07250428732139783,0.04974024216571328,0.03188773029756443
2024-02-22,0.12961029851007344,0.069224181799044,0.025819430106256203,0.047081741735577824
2024-02-23,0.0630772560522902,0.012831954583808832,-0.0037949838796841914,0.03191309078429638
2024-02-26,-0.030226237539294622,-0.019166025038314664,-0.09682873078417305,-0.026794197407611454
2024-02-27,-0.046491263179496096,-0.01706994218056006,-0.07926264765792278,-0.017377896891948668
2024-02-28,-0.04200082197826537,-0.02399357716104453,-0.07662188436458281,-0.011666131179363007
2024-02-29,0.029594427311943748,-0.04514555018588933,-0.018305274567182044,-0.025223655468527173
2024-03-01,0.039180366690837694,0.014876289342282214,0.031921201626309244,-0.045359382296288525
2024-03-04,0.022810982544943688,0.034317885616456344,0.015343087205416234,-0.035821260281911675
2024-03-05,0.051420783186832804,0.04777156386810124,-0.0061019907106335735,-0.02569243274683666
2024-03-06,0.062434176164709414,0.07015444035818459,0.012147393442940699,-0.03698578783645693
2024-03-07,0.01332663657707207,0.008562419940605866,-0.024642241467279353,-0.03980401168179954
2024-03-08,0.06913904108719558,0.10051207188547809,0.0009999359866918363,-0.026896865717596582
2024-03-11,0.13987067511895615,0.11095973660939262,0.050977221245691484,-0.06642163696041413
2024-03-12,0.1166357269503972,0.1122704356964421,0.10678624383305275,-0.08701695682019796
2024-03-13,0.11550165271798948,0.0714856810834155,0.06051136119655443,-0.08155676760928257
2024-03-14,0.09545285741916287,0.06891760309366753,0.038737983772549625,-0.12076703495672045
2024-03-15,0.1381198400107311,0.11322635766905643,0.07112407102117695,-0.1930339898891366
2024-03-18,0.15019408351334396,0.14127374527906714,0.13690772290631062,-0.11712074641480918
2024-03-19,0.1825157155642071,0.17891207043477328,0.17225053194569623,-0.11602012022859978
2024-03-20,0.18390203070848765,0.18229042312432295,0.16975944874190937,-0.09959920847855747
2024-03-21,0.21157138980288678,0.23136346168990757,0.19841943623766872,-0.13796325838582313
2024-03-22,0.2528479118977943,0.2466464006076493,0.22490686151319564,-0.12967206175448154
2024-03-25,0.18078311393809984,0.17068739126978716,0.17021145657724085,-0.0829537609946635
2024-03-26,0.19365361693308653,0.14182663137870602,0.16109447140095293,-0.06883877962937893
2024-03-27,0.014630283254243823,0.009175022976609236,0.020725689485792086,-0.05759834738582256
2024-03-28,0.0534777953403032,0.031117902707687484,0.05667393823725804,-0.04998370361437182
2024-03-29,0.06938128892213871,0.02182086471397089,0.0375184449813482,-0.10009755794041085
2024-04-01,0.10666590781793492,0.0853668312806887,0.09570347587775722,-0.0730458839208083
2024-04-02,0.030549541236338115,0.07654797583336814,0.07569612395810205,0.005328350965137503
2024-04-03,0.0348129284869678,0.08044557490576808,0.09531887209537732,-0.07880351240381513
2024-04-08,0.046604808097893906,0.0811869235464531,0.08909257612925461,0.04275582471111186
2024-04-09,0.0558036726471759,0.07617213731005529,0.07490989199678902,-0.07741850455022962
2024-04-10,0.07883036286903616,0.09291716003443248,0.09853917622821229,-0.0693245055871214
2024-04-11,0.07784086873511754,0.0879956939956259,0.10088423363300265,-0.03343200286301616
2024-04-12,0.12460494184146209,0.10882786072390965,0.1436833278657934,-0.04558471067115083
2024-04-15,0.09077000875816375,0.08527373859491465,0.12881680919189742,-0.0019454562651599766
2024-04-16,0.06115060501662016,0.08384366466591632,0.13300356322231147,0.13230304526793527
2024-04-17,0.04925758515465532,0.07533782480080553,0.11720037299675133,0.036914567386962596
2024-04-18,0.03580157380809198,0.08836623096439092,0.11076817935454093,0.039791730935235296
2024-04-19,0.034706356507070935,0.11155471283508779,0.09893771188682786,0.14364655164525722
2024-04-22,0.009851532484834582,0.05144690814802578,0.08573340959994202,0.10470686374377396
2024-04-23,0.039921736814276625,0.06181283005847214,0.08879710975956599,-0.00014447368847598466
2024-04-24,0.042971951015626474,0.07357861753225968,0.05573328768071701,0.021158016068925797
2024-04-25,0.056501022038526694,0.023396232724200078,0.037481216792320415,-0.008852934821346607
2024-04-26,0.1398198288240988,0.1309118453171717,0.11305269436638374,-0.0120697611201625
2024-04-29,0.22274408551434888,0.2141298621756556,0.20391610314253203,0.06716013709590482
2024-04-30,0.1599984452832762,0.18972349847748884,0.13469143460473865,0.10871434245114879
2024-05-06,0.13572486614597168,0.13886661758103935,0.1071450509203099,0.05073789655993431
2024-05-07,0.10652792364507284,0.09895445329062204,0.0503510571061974,0.03725024155421682
2024-05-08,0.08101299325663132,0.04256782112227936,0.04805404530047048,0.03357645614899429
2024-05-09,0.08342085375642629,0.057301884906704625,0.07584968415211094,-0.033311017339201734
2024-05-10,0.10564107345548349,0.06729536256291396,0.09789255075725235,0.023535889564608246
2024-05-13,0.1430724699918315,0.039857900715672676,0.1362012699577042,0.0869357060699967
2024-05-14,0.13579472439124074,0.07319451629355067,0.1249809852333001,0.09916381591124566
2024-05-15,0.0953758066096086,0.02054125869694327,0.06909570037537875,0.13597692329587036
2024-05-16,0.09860725867193759,0.021527917103000577,0.031061591493116235,0.09983300172214078
2024-05-17,0.05645466137410446,-0.023364266585663863,0.03997492134408715,0.14455027634259368
2024-05-20,0.08687806475129477,-0.02407240386912338,0.039594783359191726,0.10514762873034893
2024-05-21,0.07111547383987253,-0.027883429505934518,0.04938981028524157,0.069279363048342
2024-05-22,0.07946829820005623,-0.029000145088933154,0.021867396259629426,0.033896792536336436
2024-05-23,0.04997385648181007,-0.01673824347614864,0.012365945222826536,0.08220899021236892
2024-05-24,0.02738336644322368,-0.025422630257732184,0.022900017704503856,0.05009726290448175
2024-05-27,0.0567228853856516,0.01996180280327574,0.046059530320478735,0.050776395570716545
2024-05-28,0.024560266405434374,-0.0007908317566712687,0.05027292192732181,0.1119584068183767
2024-05-29,0.1107234942685392,0.06316207751518425,0.09656243794994177,0.046748814859544366
2024-05-30,0.07045622646539786,0.028906791258268203,0.06192372820242711,0.0020572046417949626
2024-05-31,0.08098552396890059,0.036026123864283936,0.06841975801900907,-0.030483032794848434
2024-06-03,0.12830584162402328,0.05356189732011467,0.05696611232304297,-0.05890706847987185
2024-06-04,0.14504219952936045,0.06459166399436146,0.10228410585131174,-0.07208255965025197
2024-06-05,0.13869389408795818,0.08577130065661988,0.08081436174668606,-0.0595421191284417
2024-06-06,0.13532372423400246,0.08188162048290076,0.09994618964082128,-0.06357200725321528
2024-06-07,0.11432893505082668,0.08404561911778582,0.0723386420328026,-0.08052834558430318
2024-06-11,0.08894858890108258,0.03102684468392166,0.05792141323487088,-0.06543320962355552
2024-06-12,0.08687388255974549,0.0553069208200168,0.06728948674614811,-0.08224660232420672
2024-06-13,0.10456280186741128,0.04097783299893538,0.06293775963408701,-0.09193714466772686
2024-06-14,0.12617717457986516,0.10107394415191338,0.08394629967260829,-0.0766948300994847
2024-06-17,0.14781860273001882,0.12984803912999254,0.11459161177574079,-0.019834088302516477
2024-06-18,0.1424804902667206,0.1228951810347805,0.09835048836104314,-0.01934612455933725
2024-06-19,0.20334437819913026,0.14931949641004297,0.09688022294068648,-0.007595138348082682
2024-06-20,0.1841304479032413,0.14207105488056965,0.07376159345982344,-0.0346338942943654
2024-06-21,0.20033951654627746,0.1693526016405469,0.11665178457608695,0.0036673172372170436
2024-06-24,0.1054402189936764,0.10549720550200976,0.09472736615804062,-0.02984316438914254
2024-06-25,0.09856976429053571,0.10240545113618876,0.1034597121581051,-0.02673727230847998
2024-06-26,0.1310009479851695,0.13076676503707027,0.1088939343205364,-0.02823457909993923
2024-06-27,0.11421949334287594,0.12456140594422334,0.08754100242132473,-0.005290152091128502
2024-06-28,0.14931424670110482,0.07554578919325686,0.05125995963742766,0.013036106234603788
2024-07-01,0.16409641358370963,0.10803134143687632,0.04501852240881388,-0.007407517105362428
2024-07-02,0.1194862871636627,0.06387345706709047,0.03930979850698443,-0.05400786192815331
2024-07-03,0.03954159036724469,-0.04770163653815714,-0.036772831452008915,-0.022619967752574483
2024-07-04,0.05300954229602706,-0.020211769893731964,-0.04082101976438445,0.025282058328747376
2024-07-05,0.1403646549939063,0.02308642154857384,0.05126150336076769,0.024130288698350447
2024-07-08,0.18132792798288808,0.032804572953137504,0.09394464492032623,0.08757392445455604
2024-07-09,0.22232383397088312,0.06545361352007341,0.14270385799223087,0.15023465484208856
2024-07-10,0.2656395557558707,0.09258294161025356,0.1916013489277712,0.1660213966413307
2024-07-11,0.30733745658505335,0.11476163374621451,0.23090757204202972,0.14412625886396122
2024-07-12,0.27469711693391874,0.1414260763301461,0.22525027280053184,0.10939459543377827
2024-07-15,0.2788738000693787,0.08812377770703989,0.22470556535231814,0.11646379859746452
2024-07-16,0.29604629189494674,0.13741476578258804,0.2497583187921631,0.11891509167736017
2024-07-17,0.28521566025526346,0.10481408175522848,0.2451970038602675,0.14015477042011115
2024-07-18,0.29251574247853346,0.0629565959844622,0.2582497106526259,0.14812339964861587
2024-07-19,0.2744894626942574,0.11427456286231222,0.2912334656578145,0.13070937234989444
2024-07-22,0.3169841493118536,0.19168798430403233,0.343913616085872,0.1552121349511848
2024-07-23,0.24050027577680214,0.09704103762675988,0.28261073762465616,0.09483527815247421
2024-07-24,0.16002151613566537,0.050205184828661244,0.2075722479696664,0.058124219046815105
2024-07-25,0.1341202121731096,0.07277297520015082,0.21319614132889236,0.008442317620360778
2024-07-26,0.13980194099832477,0.0969127958495773,0.18039871011400344,-0.04434977450148822
2024-07-29,0.12225838086362631,0.08536032993551573,0.16570945845276674,-0.018736741268368294
2024-07-30,0.14018984608911245,0.0612123531598829,0.1625582876193047,-0.02308322833311974
2024-07-31,0.17742844341841807,0.1164121637860098,0.15442606012079332,-0.03812482553453462
2024-08-01,0.2039282474382321,0.07607546242073726,0.18654947142502817,-0.013819154795109125
2024-08-02,0.05991229277693814,-0.05089256443501643,0.06480993704558662,-0.0786065047775251
2024-08-05,0.043203479969295536,-0.05007006649009662,0.0292094604013435,-0.05462319077931568
2024-08-06,0.040790417317137624,-0.022518693027758767,0.03791269371520891,-0.06313827316633122
2024-08-07,0.037856561736265636,0.0006644591260670802,0.06452795814599603,-0.06611602894872078
2024-08-08,0.009726218741596885,0.027127973629130386,0.07804628635129478,-0.03605157505917765
2024-08-09,0.06189046507889105,0.07379145743092308,0.10452833738543048,-0.0033780495055720627
2024-08-12,0.08177692330794403,0.0800253349756669,0.06363192300417367,0.006260557799915227
2024-08-13,0.1140335736840312,0.10893481126993941,0.07267743994467822,0.05712399877982833
2024-08-14,0.11830172777666698,0.10811510068036556,0.026336445787009617,0.07234858150703825
2024-08-15,0.10819205041931255,0.11803335240487768,0.041824157966664915,0.11974702104052785
2024-08-16,0.11740751262335579,0.09702074650505217,0.04461474117401648,0.0850754171923628
2024-08-19,0.12230576827702724,0.08983183452354523,0.008862556749464862,0.053538271198746094
2024-08-20,0.153955549756235,0.07462089873818993,0.03367670094097945,0.11415808091706317
2024-08-21,0.17677213388076965,0.13271531746723714,0.08301879458894133,0.14548551222377834
2024-08-22,0.16087542948441194,0.1028710577387142,0.07161774886336499,0.11326748143072776
2024-08-23,0.012364569702271467,-0.049051821835664706,-0.079350509135525,0.018123897141608412
2024-08-26,-0.01766130044404347,-0.05028515817269341,-0.09658599837248791,0.021979614374061276
2024-08-27,-0.07396330944003633,-0.10138741484810547,-0.11364576279210037,0.11079920966440814
2024-08-28,-0.1369909276873754,-0.19419262414957833,-0.18163216416309508,0.04964663199753784
2024-08-29,-0.10665072404393044,-0.13097710765402482,-0.2208330850089444,0.06508551941586649
2024-08-30,-0.1104042207439627,-0.15030758905872815,-0.29488988997782295,0.06597541788696369
2024-09-02,-0.1215218528896452,-0.2015072876464964,-0.30730401350906483,0.052342898580433964
2024-09-03,-0.1601178962149276,-0.18644934728109586,-0.30671407541906975,0.03955327925501552
2024-09-04,-0.17461863516972498,-0.16662266944743234,-0.2723796502423755,-0.013862177002476586
2024-09-05,-0.14945403403111537,-0.12603591180193124,-0.24305025765586374,-0.03967045050847215
2024-09-06,-0.14030947646791256,-0.13518751932547404,-0.2011783786829097,-0.028037613011993083
2024-09-09,-0.11227039934522155,-0.12934341074156266,-0.20673007257394263,-0.06224329306521534
2024-09-10,-0.15502331443887662,-0.14400330756253285,-0.2129974568065524,-0.02634043772454364
2024-09-11,-0.15734905064729787,-0.1694443344027065,-0.20813165005584136,-0.0656658948688266
2024-09-12,-0.13783600031692403,-0.1932217412846953,-0.216619788853004,-0.05442550136512434
2024-09-13,-0.1753890279635552,-0.1996451006181355,-0.2405125699559673,-0.06225052773940435
2024-09-18,-0.14970930861012446,-0.1911561733006657,-0.2254008015564247,-0.07936039791323714
2024-09-19,-0.10892413909739561,-0.14896792015436083,-0.20785885043211955,-0.0279188444633842
2024-09-20,-0.1434420611532619,-0.13976412542328154,-0.19633140378202102,0.016303408610769645
2024-09-23,-0.14158694092113658,-0.11038731571419225,-0.19434512116717492,0.05087283892247791
2024-09-24,-0.15353200217452026,-0.1263480940790269,-0.1698251585712543,0.008883315439054903
2024-09-25,-0.17806060657055364,-0.1125400956066009,-0.14313257849716027,0.032658972281287266
2024-09-26,-0.150424733994956,-0.10641225798610787,-0.19470347774690105,-0.04367371108431542
2024-09-27,-0.00893243297724644,0.012697844358036675,-0.006000219927822162,0.09618451180162596
2024-09-30,0.021931779379467664,-0.003991419779661351,0.05621765060858253,0.06259308895998525
2024-10-08,0.04125151229485668,0.01690568316696787,0.09811579695509094,-0.003868060492932764
2024-10-09,0.09884708588245579,0.0843250722185347,0.07441601093425611,0.09658959974229381
2024-10-10,-0.004626661640193279,-0.05823291295446261,-0.017206029577632242,-0.0009753724347348951
2024-10-11,-0.06485565563259123,-0.1464332497828878,-0.06824090083727155,0.05743531489667266
2024-10-14,-0.10161317584203255,-0.18095935101048596,-0.13783390321058347,-0.018499110651788546
2024-10-15,-0.10715883996817718,-0.17715040129556167,-0.09111626702725864,0.012949294627156313
2024-10-16,-0.16192408525952665,-0.23063990973584053,-0.16698669441890618,0.04480956783164634
2024-10-17,-0.12329308944998316,-0.2524927306806502,-0.169926661986298,-0.027721321711317463
2024-10-18,-0.010121636446509274,-0.08264887551579225,-0.04626838991632621,-0.08826876218907594
2024-10-21,0.06417432447582648,0.04144015888982333,-0.0005036314599503494,-0.08324909668426304
2024-10-22,0.04000052676270684,-0.03348467442427174,-0.04430558257765876,-0.05291407555823555
2024-10-23,0.026021851035163662,-0.06801326204330467,-0.1022841252932542,-0.05494569661438464
2024-10-24,-0.015170309269290234,-0.09417868142700359,-0.12681960891975344,-0.07437100980109425
2024-10-25,0.07714452021078265,0.028696179633284285,-0.07526308412394678,-0.06505201333844697
2024-10-28,0.12651970967995696,0.08362556518884451,0.02542470423661958,-0.03951561869769586
2024-10-29,0.09317001258455328,-0.04915107232836974,-0.021014791779466867,-0.032462715043605074
2024-10-30,0.06626604838242994,-0.05298870119267582,-0.05400044514139019,-0.04069577306628082
2024-10-31,0.1453232084278899,-0.02708693469905193,0.02661566443348556,0.03957164465005893
2024-11-01,0.008536133974224829,-0.13106032399440948,-0.07627342512335225,-0.0946609963158405
2024-11-04,0.0546986747293029,-0.20013702142449669,-0.11130639526959009,-0.07763795377970525
2024-11-05,0.18860308468858936,-0.037482920247675564,-0.022866833186415587,-0.043534585282658966
2024-11-06,0.2193532258989995,0.00028713744663282407,0.017031416338713055,-0.017292025084638826
2024-11-07,0.21894870499423189,0.0003856682876248763,0.020096543806720716,0.01816916653708661
2024-11-08,0.21235011227120473,0.04013253198804996,0.0828453825193862,0.03827479183568445
2024-11-11,0.3023412678733715,0.16574292029426171,0.19130626485062263,0.11720824821274432
2024-11-12,0.2988286715645257,0.1641382446564321,0.2581529153409401,0.1665410366388857
2024-11-13,0.2975449060701549,0.218990183823101,0.2613546145129011,0.16918181600779103
2024-11-14,0.26187499972338374,0.1332284010592149,0.1996704950553368,0.1534046303106902
2024-11-15,0.2194572033729644,0.13902500453518724,0.1639343906251055,0.1757263323490907
2024-11-18,0.17110602860227636,0.14983150482576812,0.11834034811165367,0.23627641483966821
2024-11-19,0.2490004640326837,0.18664126621839464,0.1652834089946714,0.2237728989450393
2024-11-20,0.21747294211582222,0.12435024914541463,0.12577761067747875,0.17141905288827103
2024-11-21,0.18933522026138344,0.14721857441466588,0.1338611128720125,0.2090788728347741
2024-11-22,0.12355207115868362,0.092352014263799,0.06299246060577504,0.1677607877441279
2024-11-25,0.1532354498833397,0.17763077549231301,0.10533986941419596,0.15107339029448327
2024-11-26,0.1481187340860905,0.12798216606945376,0.08775441686916874,0.12694584213096213
2024-11-27,0.16392172824347895,0.18654021776703597,0.12718115543003328,0.15581921385539244
2024-11-28,0.14905392996579575,0.12876887885783053,0.08685749877859394,0.11843998485756016
2024-11-29,0.1484497227934909,0.22189878655096348,0.14358796105657232,0.15325139171553898
2024-12-02,0.15740414654695725,0.26695340647503013,0.1828543931248096,0.1416449370566997
2024-12-03,0.19554710526174393,0.3190242176210227,0.21285945360312453,0.13944201862035333
2024-12-04,0.1799778772518357,0.3418165628178145,0.2431826060955855,0.21283345813064108
2024-12-05,0.22445920110422884,0.3227908431404701,0.2800674332391602,0.18613337925762655
2024-12-06,0.2952319032283049,0.3762084692937726,0.3086050590626878,0.22967087572245862
2024-12-09,0.2649184996245885,0.34720964808327437,0.24240029093107643,0.15852950646565953
2024-12-10,0.2354821784063941,0.38472384738809406,0.2601716283907912,0.15018548086132014
2024-12-11,0.16204339862177325,0.32575952875276143,0.22641448507606807,0.1859578423144771
2024-12-12,0.1716514153376297,0.3317704094280784,0.2512372523378394,0.16573518923322125
2024-12-13,0.16506209175459766,0.30296955775345696,0.18864520451868724,0.08404039326674557
2024-12-16,0.11883393512876408,0.22464398843331895,0.13894059552692153,0.059310448712272604
2024-12-17,0.13663701945116746,0.24504952856445097,0.13084630795067312,0.09479315584492067
2024-12-18,0.1649565342993027,0.24273327556888893,0.19373688997655056,0.12474069891696339
2024-12-19,0.1882460536222096,0.21035242304835852,0.17441807608295448,0.14490621975099502
2024-12-20,0.14531165411515803,0.21832556855468527,0.15882812737328014,0.1644772492834355
2024-12-23,0.08216693155884361,0.142656926576743,0.10591236090697352,0.09713763182269769
2024-12-24,0.08276380704130841,-0.018840398347493497,0.05691182946351055,0.11971587360895791
2024-12-25,0.06418743119811968,0.058518808436269006,0.08701200317484431,0.0997113612636306
2024-12-26,0.06365124822939784,0.1050014346255229,0.12394441964176482,0.16324380187728266
2024-12-27,0.11939558066192862,0.07732302994806607,0.15269192874242726,0.170572006863594
2024-12-30,0.07058214164700181,0.0038701377292212147,0.0030732024928536196,0.10430638876759195
2024-12-31,-0.014784578983696771,-0.10419077185135153,-0.10858422041180729,-0.09959568901995836
2025-01-02,-0.10696214407421653,-0.1884720012732829,-0.18631677195049556,-0.2211725443286863
2025-01-03,-0.11574899548427901,-0.26039513245508383,-0.21222334246993602,-0.2989670530424161
2025-01-06,-0.09792907454984354,-0.2554857488403044,-0.17989867525707015,-0.25684917488941
2025-01-07,-0.06534159675431075,-0.31130711658467286,-0.130086234484823,-0.25910627563211236
2025-01-08,-0.04489718740394576,-0.24890759543650087,-0.14405044181472387,-0.2687861810578245
2025-01-09,-0.05156447599493288,-0.25802763430732706,-0.1231399782729274,-0.21400593690550154
2025-01-10,-0.08789521860546234,-0.24183056366571246,-0.19731806463481802,-0.3133293436915061
2025-01-13,-0.08831595776596084,-0.13515315752038246,-0.08462032005265376,-0.172304027137456
2025-01-14,-0.05696267822436591,-0.09828319163293633,-0.05271053987673395,-0.17622528643081847
2025-01-15,-0.04838103428685541,-0.08937602240638919,-0.12228804571554777,-0.20423711516470544
2025-01-16,-0.190735643916295,-0.24082675038655568,-0.23940757161720824,-0.27355790761801235
2025-01-17,-0.2350756035298919,-0.2318344878382786,-0.17132211801310152,-0.24155861897958578
2025-01-20,-0.1710572532081738,-0.19334020269761895,-0.14807788780904854,-0.21490577721556206
2025-01-21,-0.15779965147161432,-0.13595035032622446,-0.17951576924514262,-0.25438612406102695
2025-01-22,-0.10607660616296087,-0.08955515361999042,-0.08167577607823553,-0.14590371611682648
2025-01-23,-0.11751934780734817,-0.018792108474330185,-0.06560385615239014,-0.13633124318427364
2025-01-24,-0.08335530340120018,-0.024442909477181998,-0.03242739966317674,-0.08698696221763512
2025-01-27,-0.1156143283994073,-0.10372780613451522,-0.1153547520558969,-0.22665654767140844
2025-02-05,-0.09538404755440184,-0.07100416631528197,-0.02417502254339995,-0.0921887055327073
2025-02-06,-0.03469793616190474,-0.05455478927864476,-0.07420183363989477,-0.046421329567312826
2025-02-07,0.05735201285894657,0.08067477077561165,0.04202440857325256,0.03879686941265406
2025-02-10,0.05336867512306009,0.1254372499833781,0.04670198470318727,0.01983201493803431
2025-02-11,0.029566015904565618,0.10145291549754273,-0.0015772000654630607,-0.008495757241988302
2025-02-12,0.08656013097533566,0.17340303997152196,0.018282006030797576,-0.008890060780946455
2025-02-13,0.07357525158054473,0.20066557995176662,0.04235398883712584,0.008608026597593514
2025-02-14,0.037939453353576354,0.07889930863862933,0.0175757927008657,-0.022719846363837944
2025-02-17,0.07182857403752906,0.10675728776079413,0.06101712169325592,-0.03152703868800346
2025-02-18,-0.041667857467766585,-0.007321557022453338,-0.04993044831203563,-0.13726303521184738
2025-02-19,0.07439962233207352,0.14159239326271347,0.07903889627509814,0.013124298912784101
2025-02-20,0.06157298015676885,0.16882484629971883,0.10793877533060649,0.07529052669957818
2025-02-21,0.21254042882525603,0.3752817249038225,0.1418165854796507,0.216169234112977
2025-02-24,0.24988329597427839,0.3462989557220973,0.2402454318562138,0.3003032290287409
2025-02-25,0.2519534005283644,0.36911663208100187,0.22584742142446282,0.30414730862834705
2025-02-26,0.2754668955383679,0.40975678400758375,0.22760116575640005,0.3462402527951694
2025-02-27,0.3607917459414195,0.2586489371946537,0.17417272522146476,0.02218609962610093
2025-02-28,0.30132679581131483,0.21826325142976735,0.15250797250520887,0.04054262875696721
2025-03-03,0.2682324514824595,0.15524415464860097,0.09058302078157081,-0.00306597790060229
2025-03-04,0.2937310350882003,0.17570408745193355,0.1026819077779154,0.0040183756790825665
2025-03-05,0.32795943097703006,0.20949411451747152,0.11733883443635329,-5.106225283134798e-05
2025-03-06,0.3647226202217246,0.18970893851858964,0.11748077976594715,-0.0477945556942765
2025-03-07,0.3817628112862938,0.14826467211432398,0.16204016190635387,-0.07746832623146854
2025-03-10,0.41239820833827,0.17892319907788798,0.18683341361994113,-0.11265558424564459
2025-03-11,0.3393861069171717,0.13533269297416745,0.15953343393416647,-0.1112532099313787
2025-03-12,0.3368408021653489,0.13522253318163108,0.17356125940509257,-0.08671912726244171
2025-03-13,0.2980412491398505,0.09847813505942585,0.1290638839750853,-0.052805039199448844
2025-03-14,0.29108560605198136,0.1137763895898866,0.18109652607132343,-0.06557854450983105
2025-03-17,0.3024837462037263,0.11283468198013642,0.13807755243442504,-0.10633211484450386
2025-03-18,0.291298958211618,0.09825587766834053,0.09076943287691794,-0.11206408290939525
2025-03-19,0.2866045790338837,0.07776167279959209,0.06610757996815007,-0.1585219173524719
2025-03-20,0.26240305723940727,0.07136417174322,0.0756001390742818,-0.19641159201854805
2025-03-21,0.20559274548972428,0.018193861330113532,0.007784178027377733,-0.2261966536014184
2025-03-24,0.2529803648798446,0.07682417210595426,0.01469982441251392,-0.22113207039194036
2025-03-25,0.18623816639710813,0.04261121270868911,0.012928745797156256,-0.2152250143057871
2025-03-26,0.23563003388721143,0.06906237571833214,-0.002059122973926182,-0.2688245123210248
2025-03-27,0.22568509288540148,0.07988882102050465,-0.036035617190416064,-0.20395276039912955
2025-03-28,0.19970970761812004,0.032884875110313,0.015549728709818397,-0.20925014735812983
2025-03-31,0.17160549823793578,0.01530104996047015,0.010236339107734591,-0.189305161435889
2025-04-01,0.10893610634279877,-0.052827699790469,-0.047626729574300454,-0.1651852755580053
2025-04-02,0.05009091289385494,-0.06686766970174167,0.0012152989361446048,-0.11914150778710919
2025-04-03,0.0054183853719516175,-0.0813511616646971,0.030066415211670004,-0.1831875250771912
2025-04-07,-0.17251715832621253,-0.13577913840585376,-0.1480531126920329,0.057900715830972706
2025-04-08,-0.1177007670603525,-0.15648585872203583,-0.13940328169845562,0.06850711119721327
2025-04-09,-0.08063842522697562,-0.08541845900922244,-0.08853903444360715,0.10725995783423782
2025-04-10,-0.049661027978246355,-0.09379067666241757,-0.0460778597759174,0.013129133201116278
2025-04-11,-0.038960971236690733,-0.06730343568457593,-0.1028857661264103,0.034376309115875824
2025-04-14,-0.014307538619983302,-0.054598927638089996,-0.09450967722073837,-0.008747236223304406
2025-04-15,-0.054791684875924625,-0.10976688379015118,-0.11856598209711734,0.007898560387560722
2025-04-16,-0.036487809943557895,-0.08951111959582568,-0.10906445122901824,0.08971237241050566
2025-04-17,-0.026414213944713983,-0.10447047673787134,-0.09939714614263183,0.10568076801368997
2025-04-18,-0.032442765182880355,-0.12640315916072462,-0.11057256499886456,0.07060543643907181
2025-04-21,0.051422257335143065,-0.10595020772391504,-0.11122997056587319,0.02303852605323405
2025-04-22,0.004925586784663601,-0.11571721862038647,-0.11002988822157828,0.00908941949027238
2025-04-23,0.013962042659441823,-0.11152547086284033,-0.13431208864085428,-0.04122355318119847
2025-04-24,-0.006021404425237538,-0.06102787230934377,-0.1094123089863851,0.023927352612560977
2025-04-25,0.041315598026392696,-0.062071642874133755,0.029824589206840613,-0.011691204863237955
2025-04-28,0.03278041485427993,-0.07043815830377767,0.014749887676532195,0.09465900875138379
2025-04-29,0.08866083324831224,0.000224416257454759,0.039451333977124935,0.023673000628864706
2025-04-30,0.0951219543230896,0.0051826286044379275,0.025370074726952872,0.007198264254566733
2025-05-06,0.12257483737393436,0.047673598229984085,0.050352355437101204,0.005972058825554238
2025-05-07,0.04637320947434553,-0.0612805182762688,0.0007764321830682363,0.02366210693248655
2025-05-08,0.009192018114274999,-0.13479336224441563,-0.08336299513863082,-0.09935783425917438
2025-05-09,-0.07219564966923188,-0.15874371694208514,-0.07060505080639826,0.039527846157075525
2025-05-12,-0.043630425802158035,-0.12757452681285933,-0.07975405318207382,-0.06692326476074463
2025-05-13,-0.06566032901810984,-0.15887938616231,-0.0702019261323171,-0.02814554915366932
2025-05-14,-0.03658071514016039,-0.1532508326064929,-0.0663806251784075,-0.06551032339235845
2025-05-15,-0.06464109367170026,-0.17204274989191434,-0.07263760733117276,0.006373614040497791
2025-05-16,-0.0677476212695679,-0.1745513165330849,-0.07645604955576589,-0.03875658863964584
2025-05-19,-0.03676187593490401,-0.1733203432502463,-0.056933281654198246,0.02039210938296438
2025-05-20,-0.04320171008424095,-0.1500235798791116,-0.08468660555256675,-0.0296701639828953
2025-05-21,-0.012440183142858366,-0.11593726437842848,-0.05924935370813651,-0.020465544429469896
2025-05-22,-0.027491175972125463,-0.1270432602651463,-0.06814398270874246,-0.024290927938349825
2025-05-23,-0.02628633850443952,-0.10295742932861483,-0.02304614193764018,0.021052654251927257
2025-05-26,-0.05089122515102688,-0.10679188919319424,0.0022860315743508212,0.04372113533326866
2025-05-27,-0.09739893025463106,-0.13637547235799,0.008002151613566058,0.03935312136961964
2025-05-28,-0.055625206630022864,-0.12448982849843838,0.046033409225885634,0.04573276252999813
2025-05-29,-0.05559559303423595,-0.10093142087415878,0.06892170316561251,0.06848624959613492
2025-05-30,-0.07422367174774956,-0.09701064094310957,0.040445273266123835,0.08875393293297507
2025-06-03,-0.07219819458820664,-0.12218444420944538,0.020502790329818124,0.05965581674431097
2025-06-04,-0.017869388219703897,-0.07988132311699846,0.030897637088458,0.06230038231755378
2025-06-05,-0.07174310850480638,-0.12417223407716917,-0.052438274739672205,0.00840567102860293
2025-06-06,-0.04777993941703807,-0.13280608616999806,-0.04360210691577731,0.0017423472987960287
2025-06-09,-0.017134476757718158,-0.126571258293143,-0.05384977279086974,-0.07106302801367476
2025-06-10,-0.03583931473360189,-0.09706265192294375,0.0064552069266677805,0.03506055152874513
2025-06-11,-0.031386593789815995,-0.10442306484545905,-0.005646238437092396,-0.02933654049884982
2025-06-12,7.912849821932995e-05,-0.061836624822687716,0.002691275551246762,0.03387280370791311
2025-06-13,-0.036537644877155634,-0.07132048623509109,-0.013946566277024987,0.10002829584219089
2025-06-16,-0.042222654015478076,-0.097049377247967,-0.0009509024617581692,0.04894864926422688
2025-06-17,-0.04923833710421986,-0.11468606653898612,-0.016188464562680194,-0.016323396191488117
2025-06-18,-0.06421756985413364,-0.09584729658185827,0.012378760552736736,0.020585049736643803
2025-06-19,-0.12348238812955077,-0.11455298938188228,-0.05723369780425306,0.07940203267544918
2025-06-20,-0.16616264743639875,-0.11557226905837849,-0.07781620712989192,0.06634493735465227
2025-06-23,-0.12503116109028245,-0.054715693266472104,-0.04900478931361969,0.09312279533910281
2025-06-24,-0.11888840116920014,-0.028052095161068453,-0.06789382318321677,0.06708698533124244
2025-06-25,-0.11210375672138986,-0.023325003298916687,-0.06447134636429049,0.048059399502434604
2025-06-26,-0.09172678222851116,0.02824956890629262,0.1624883090323074,0.2161504410822174
2025-06-27,-0.112018824018606,0.020136438601929405,0.14687179643440493,0.18430119285731408
2025-06-30,-0.10839292358317579,-0.06791520884586641,0.10879811045993268,0.1525234994546648
2025-07-01,-0.12226039595677259,-0.01505465435598249,0.1351216752174632,0.2036239124104337
2025-07-02,-0.15121036835131024,-0.03949854257335333,0.12592472566845228,0.17703787621907788
2025-07-03,-0.05774694957731729,-0.013946571654480367,0.11855090426680473,0.14669528341137286
2025-07-04,-0.03494042447459431,0.025898299270779263,0.17109244373727242,0.20974624484679832
2025-07-07,-0.05492668365153551,0.0016094849480543776,0.20737819622677478,0.2154883102498311
2025-07-08,-0.0905339539833859,0.001259973745982508,0.08740920824498556,0.11722505352554372
2025-07-09,-0.11477977950625115,-0.006247391782671833,0.12765230318827453,0.16028777948020048
2025-07-10,-0.08879569491818558,0.004382502158794162,0.10616432348406138,0.09425071722706738
2025-07-11,-0.10830334500846839,-0.10848274210307912,0.08028503957373685,0.1128769513687275
2025-07-14,-0.07633037070690532,-0.09808982114175478,0.1476510379209299,0.17553692802524606
2025-07-15,-0.09696909247559056,-0.12832557881922502,0.10575241080379831,0.1482874841555071
2025-07-16,-0.09275536071236935,-0.12344593309683134,0.11814106615265596,0.157491682555673
2025-07-17,-0.09075639545283812,-0.09150470326851179,0.04244420164461027,0.10360267188811624
2025-07-18,-0.053244729774641994,-0.10108365577517335,0.12324704592222746,0.18180329054979785
2025-07-21,-0.07724843731512614,-0.12392397918142184,0.14131587676320984,0.15633544019650106
2025-07-22,-0.08223605526334837,-0.14234775986535447,0.10298538368034657,0.15698310282851793
2025-07-23,-0.02903229243976374,-0.1349056116002383,0.08411466643198243,0.1671730740323666
2025-07-24,-0.05455889549963321,-0.14227107430833802,0.05271552346173288,0.056398770720472426
2025-07-25,-0.13875004520491144,-0.14962069153457236,-0.02325626382108628,0.04258596089242786
2025-07-28,-0.14836434771929755,-0.1935165043777453,0.004492507789441104,0.09632774685304493
2025-07-29,-0.10600241716973831,-0.12790152066490187,0.047683047228545654,0.13874354564761845
2025-07-30,-0.02816530337735085,-0.03218700955898219,0.07427893009036643,0.19765959674248698
2025-07-31,-0.10989175679809113,-0.09499480946329986,0.062146788120108654,0.16172636577923252
2025-08-01,-0.1565017161081313,-0.17931667790836492,-0.03895096265788104,0.11906934342941067
2025-08-04,-0.16369917209048218,-0.1930067136596851,0.0040872206856741086,0.12687328985001095
2025-08-05,-0.10393218445521037,-0.12726275991651737,0.01152263641241248,0.11774005184397648
2025-08-06,-0.08478385273393121,-0.18679906952099704,-0.03242193885364145,0.11903498679188444
2025-08-07,-0.0408753330622907,-0.109466693146881,-0.011247135870232466,0.1028423936227468
2025-08-08,-0.12382241389191302,-0.13424162084351227,0.024015437716733336,0.10646431056650812
2025-08-11,-0.10523581904893495,-0.10931355568537444,0.008693658229423017,0.11387267816862676
2025-08-12,-0.11070872984146457,-0.08394218068049342,-0.011286008060158994,0.12640827287167275
2025-08-13,-0.07374473974345744,-0.08439348565332132,-0.0027763239839111455,0.09367603145464658
2025-08-14,-0.13419434905901204,-0.11582731487088888,0.0008285028238032678,0.13392507900092446
2025-08-15,-0.12878106427882038,-0.10778735327809685,-0.010676425912544085,0.11545503322171254
2025-08-18,-0.11394152486938577,-0.07602330690123281,0.007642874012777043,0.11835045137397983
2025-08-19,-0.14137675846135778,-0.09407299181371431,-0.027254100331025564,0.12805885642536316
2025-08-20,-0.1394484205321979,-0.1132636048958282,0.0021958068105814464,0.13086460042572942
2025-08-21,0.22122564460703287,0.18262891936771408,-0.10931167526551445,-0.07281600229639931
2025-08-22,0.13440225732211772,0.11741749611664963,-0.058467417619934424,-0.04918712557669273
2025-08-25,0.1357747921405836,0.12701990682462855,-0.06709545966068907,-0.06761742838284374
2025-08-26,0.11685627249784708,0.09331708898280872,-0.023350826195762026,0.07468064444575778
2025-08-27,0.1060678924438792,0.14848776664605257,-0.04782067590984138,-0.0003545767156323978
2025-08-28,0.05492948618362393,0.1271348701688154,-0.032144416478490756,-0.09549936746613971
2025-08-29,0.06041817237729056,0.017349631705322954,0.037690900048741954,0.03449486239880595
2025-09-01,0.09698154808558218,0.06400752631399446,-0.022068070702388014,-0.01005597075062595
2025-09-02,0.23018392402841178,0.1810496719823773,-0.13891335383507236,-0.07845875296184003
2025-09-03,0.24294330788788027,0.19283164748644716,-0.17542852758144017,-0.12941051932552736
2025-09-04,0.19238554211691475,0.2100586255025799,-0.2206895741278163,-0.09347564877670288
2025-09-05,0.14274113153160672,0.08046711359904633,-0.10156665892196391,-0.03955278227188799
2025-09-08,0.09918338778055459,0.0035098501389416604,-0.046316097924576985,0.01123900029795352
2025-09-09,0.11512035425778215,0.08606799676512872,-0.08075091800080607,-0.04410426777340136
2025-09-10,0.08852328939046622,0.08735551256266863,-0.030182625878751854,-0.044838541204176956
2025-09-11,-0.024869993666455335,-0.06927465484539586,0.12603530705454397,0.024278082575009345
2025-09-12,-0.022964043879261334,-0.0709347502091745,0.11711424951133469,0.019426573742289836
2025-09-15,0.005317128292823464,-0.02442860881574841,0.02619359259529141,-0.06537178443371511
2025-09-16,-0.06750951303292593,-0.06825158161548178,0.06201152794830732,-0.013194034531085126
2025-09-17,-0.10454230866353775,-0.12535399920286883,0.0631015925461073,-0.02923515972897911
2025-09-18,-0.07046718141586054,0.019565588469822856,0.015472593506907656,-0.0885536925837505
2025-09-19,0.04790817947859011,0.0391753684882869,-0.08572668670737674,-0.1356873448342767
2025-09-22,-0.0028454620681356516,0.0016911810560225789,-0.010769915671362363,-0.02218703775271974
2025-09-23,0.11535405539308378,0.09210494172626142,-0.09496975714253923,-0.06801142726596665
2025-09-24,0.009163713323036124,0.0348495133209485,-0.002006613736973646,-0.03469255502374955
2025-09-25,-0.0777114910270612,-0.051214853914930976,0.09532231039001177,-0.027176936800888056
2025-09-26,-0.05568399144180134,-0.007144720459979478,0.02602920791628558,0.005443180671053137
2025-09-29,-0.14148004265479458,-0.10912478505252546,0.14211455780575175,0.09107333762398909
2025-09-30,-0.17529262342279145,-0.20834809105151925,0.15424685728749304,0.16691970386443472
2025-10-09,-0.17144411173367918,-0.175165716922652,0.16256558192459575,0.17013323132449468
2025-10-10,-0.04279616526698992,-0.08405571866384146,0.08672915374766295,0.08269138646976018
2025-10-13,-0.09196719457040269,-0.12621965604330135,0.15797583319468447,0.14425246987710702
2025-10-14,-0.02260840650917015,-0.015482041200897249,0.11086247209058372,0.02208060605787332
2025-10-15,-0.11917493318596654,-0.06701117483752111,0.15343187081892015,0.043837208605791524
2025-10-16,-0.04394232505140595,0.06301826349035634,0.026857159075934122,-0.006095815569886978
2025-10-17,-0.00954668580368426,0.07833947224685708,-0.03632857118292359,-0.015393543812434326
2025-10-20,-0.024699335075016673,0.03097789178094552,0.01902313111585184,0.005353703594440475
2025-10-21,-0.11653792776290771,-0.048235547655346905,0.08981054944432283,0.08909081848231014
2025-10-22,-0.11365501541430699,-0.03872856061848424,0.04712769284312074,0.08554159950659387
2025-10-23,-0.10145823268385996,-0.0366251189855835,0.042668135886295956,0.015117099941563775
2025-10-24,0.2750470948719168,-0.24722486981355388,0.19702646020454048,0.21283430431184222
2025-10-27,0.2919230385925764,-0.2147967016378661,0.28146749592659487,0.19723411621786763
2025-10-28,0.20416206203911397,-0.15151262612737473,0.23889021249995318,0.14556795262044492
2025-10-29,0.22046240296864236,-0.19480817502006936,0.23945871133801738,0.13477122183099424
2025-10-30,0.26683460839418555,-0.24194070965542974,0.2337846090004406,0.09058657878601638
2025-10-31,0.16762755342547137,-0.1536485295323311,0.19647244127995014,0.03267974599187226
2025-11-03,0.11619688087233711,-0.08825341480385654,0.14154609219157852,-0.036426476177877996
2025-11-04,0.1509069934415324,-0.04265911482413457,0.16579894389598404,-0.012715927704106612
2025-11-05,0.14538619329187094,-0.03630236144317977,0.10492182714995194,0.04611931049381459
2025-11-06,0.18824658338748018,-0.08790485499107853,0.12596026492516768,0.08481145944828897
2025-11-07,0.19477942806745724,-0.05219466962162838,0.11140470491789109,0.0713074836142348
2025-11-10,0.04251741499347449,0.06529027295529088,0.06936554291588323,0.06492029171325155
2025-11-11,0.022161008875925276,0.16771438562288807,0.029372264514311394,0.0034777134575503096
2025-11-12,0.0041846137884158615,0.20472607810424287,0.043829200258273776,-0.006926498330307029
2025-11-13,0.07429603528626856,0.021641786485563762,0.1451934772982397,0.06700018109653383
2025-11-14,0.02998151238918528,0.10806170069931272,0.12503941698456275,0.019444306076967965
2025-11-17,0.064134405183123,0.07683088498211434,0.1346106052110376,0.017310912769238327
2025-11-18,0.11502038704780766,0.031709714482811346,0.15220688280765066,0.027119626656377356
2025-11-19,0.02050163249113921,0.12125921561891406,0.0543117886836349,-0.029092457912323594
2025-11-20,0.010186127552532264,0.07946487571522783,0.031300723770834656,-0.0020106789423008937
2025-11-21,-0.07843858363118278,0.15382064917167296,0.02502936463258844,-0.06551799864870109
2025-11-24,-0.12328166137316858,0.13821831215574015,-0.12220692692193029,-0.11282634036199857
2025-11-25,-0.1167775972091926,0.17698949643012885,-0.12684234922914,-0.13450094867238951
2025-11-26,-0.08034442966014513,0.17269345765527294,-0.11897999253422006,-0.11442575514699824
2025-11-27,-0.09547213557101739,0.11524504626724517,-0.11579685868408725,-0.10169513986264507
2025-11-28,-0.07091979818408918,0.013128723228849509,-0.049582826592529744,-0.06240283770323111
2025-12-01,-0.05277718291475278,0.015740095003088567,-0.08286085364833742,-0.06966014886848466
2025-12-02,-0.05756109725925164,0.04617640488204178,-0.057813988628210584,-0.04781284502632662
2025-12-03,-0.0018196467182204053,0.0959497619531842,-0.08587364711529369,-0.11519956942996619
2025-12-04,-0.024176496018136328,0.14429107493989923,-0.1468316767100433,-0.14394332088999395
2025-12-05,-0.04770190023806017,0.1161245000149667,-0.13651886726750545,-0.0690682011142919
2025-12-08,-0.0878474517698628,0.09312473490422922,-0.0862188974703468,-0.07439560854007435
2025-12-09,0.0036302211005029904,0.08356814695309643,-0.05015408338026366,-0.02480589200522579
2025-12-10,0.022898814872808544,0.09590493813059002,-0.001261229028644756,-0.05724204349488209
2025-12-11,0.015547527563339264,0.07341864976408137,-0.036350058798552826,-0.01038244190903973
2025-12-12,-0.01810627264998583,0.1340836771950004,-0.006735517705433366,-0.06981675892006273
2025-12-15,-0.07231401924265597,0.12070310738048588,-0.084200754213132,-0.0657332860425724
2025-12-16,-0.10198435412949053,0.05260010909595102,-0.08899853600072208,-0.08214893960781744
2025-12-17,-0.07412210148065539,0.06628120444738636,-0.079493889761718,-0.084355062292783
2025-12-18,-0.15280788362294023,0.09938979656035528,-0.14200625886364854,-0.09130338450849164
2025-12-19,-0.0718851960862488,-0.026729474011826355,0.03253468023319655,-0.0166099057896022
2025-12-22,-0.027940289059286114,-0.031887734280053696,-0.05518567140311278,-0.012283670497418058
2025-12-23,-0.0681142348232849,-0.029861240142592203,-0.007343017024187975,-0.0072862934476995225
2025-12-24,-0.02689257356539686,-0.027148680061834476,-0.0481631701706118,0.02322206267278893
2025-12-25,-0.03726588654449691,-0.04466603522395052,-0.09017358327688244,0.0013673105772648746
2025-12-26,-0.03356475957582168,-0.017988114109657505,-0.05296236356342774,0.0012751820348450682
2025-12-29,-0.019073818143027006,-0.028058822996534453,-0.051504701975438424,0.009506340518966308
2025-12-30,0.007905100319607564,-0.0032563565432483722,-0.06479673503533363,0.02270178516661254
2025-12-31,-0.044238696440400065,-0.0068701865237574536,-0.0779022628501485,-0.005791775917011102
2026-01-05,0.03431319645540733,-0.0561165991129098,-0.052046346283742405,0.03260070130172581
2026-01-06,0.03685960040784152,-0.012235974950151348,-0.083861335137596,0.025529084605042263
2026-01-07,0.022919150060169594,-0.05811243529524057,-0.021924755185362146,0.02137309016571882
2026-01-08,0.07250756793972161,-0.08567489927803651,-0.06846254957833346,-0.061445706756089
2026-01-09,0.03525987943093159,-0.13404089590260349,-0.14403486311368643,-0.11165038173940552
2026-01-12,-0.030791104629134054,-0.09589366293411454,-0.09260250114430595,-0.12891870581913809
2026-01-13,-0.018334537634310095,-0.11009265716956916,-0.07683146078843738,-0.054066281999272645
2026-01-14,0.04526725832834645,-0.10034664291620807,-0.06291382749961169,-0.12682921779755746
2026-01-15,0.04344381773961816,-0.09177155422156935,-0.10737427044056223,-0.08043696587729847
2026-01-16,0.0449193767711171,-0.06479053889579835,-0.08336059978852697,-0.09868908298044846
2026-01-19,0.020841402272026216,-0.04971323625154778,-0.05856931134059061,-0.11098450670662463
2026-01-20,-0.07102109862299484,-0.022586598343623566,-0.06640993767410162,-0.026904091579599023
2026-01-21,-0.04663979849209431,-0.041400538814127745,-0.07485415450123954,-0.04203867283320658
2026-01-22,-0.038683410470405945,-0.05022646816887599,-0.10256064217582972,-0.0719789838964701
2026-01-23,-0.09401098298771744,-0.1895867811240029,-0.14940369908205342,-0.18936136086566843
2026-01-26,-0.08683295435556888,-0.2695034496424295,-0.1248816718599299,-0.23220677768251607
2026-01-27,-0.039320284010060526,-0.2164589736713347,-0.12374348728916332,-0.18118913995349964
2026-01-28,-0.0435816641811501,-0.15962038626581812,-0.08199674469853373,-0.16549046053642616
2026-01-29,-0.026759952169193402,-0.10377466618335193,-0.09962559311913247,-0.1481359465213861
2026-01-30,-0.015373606805147407,-0.07793435384488136,-0.14537972382667458,-0.08324831761663011
2026-02-02,-0.033095590554199056,-0.0545214531567923,-0.05150763215696844,-0.07078412466498328
2026-02-03,0.015496184232414932,-0.10910520444510956,-0.07848043268283081,-0.16245190259489256
2026-02-04,-0.02155503404318584,-0.08614496180544579,-0.030965031979369607,-0.12405952169458576
2026-02-05,-0.08072538276332171,-0.0844865987827402,-0.02385007520660216,-0.0825650982265277
2026-02-06,-0.027928684829988712,-0.06976919323922393,-0.003736663397616004,-0.044738843761462345
2026-02-09,0.04041326148455148,-0.060380313866843505,-0.020713367546655446,-0.1279383322622865
2026-02-10,0.03413751682482634,-0.060097911043642774,0.009563261076332876,-0.10499968120727775
2026-02-11,0.09699651949295188,-0.004525894941097136,0.011293215502462347,-0.0917726462699191
2026-02-12,0.11556898935859262,-0.02894702936329743,-0.01865838914179217,-0.07829005787532145
2026-02-13,0.07080628286823883,-0.03340966979815026,0.001813435167944932,-0.11674742617436806
2026-02-24,0.05956222397606943,-0.04495587036656102,-0.0015022447971436443,-0.11853052261817448
2026-02-25,-0.03343930480415088,-0.03961101205483763,-0.08782577515215449,-0.1333606129704421
2026-02-26,-0.032396909539331394,-0.05624521475280348,-0.06046179160703897,-0.2042382246939305
2026-02-27,-0.05334675733308184,-0.05904521217229718,-0.04937146238294723,-0.20989490339312963
2026-03-02,0.0008023893672980749,-0.050158026773588646,-0.026084441556421884,-0.16885004696876346
2026-03-03,0.0016330888176908178,-0.015602124173012209,-0.005252205880500194,-0.13504048792701176
2026-03-04,0.014646293301721788,-0.007426322897237898,-0.038602863605007025,-0.090612351540759
2026-03-05,-0.03992940866348968,-0.046866736998047186,-0.08269507290433344,-0.165462277563766
2026-03-06,-0.03036381779765142,-0.02787614507824141,-0.03870376462135184,-0.15845728041410084
2026-03-09,-0.0011143767017343443,-0.04542748759848264,-0.05607684525783669,-0.1571322625292833
2026-03-10,-0.023925376265924034,-0.04853810719070324,-0.046362151235400086,-0.12729703449449048
2026-03-11,-0.06409496747465368,-0.08310047889420992,-0.08181141806616354,-0.08157940526856908
2026-03-12,-0.07806484310750873,-0.05288814320159113,-0.08427334151878343,0.019871580624132096
2026-03-13,-0.011173309797420967,-0.07310637597155302,-0.04379670237692159,0.1092648266195946
2026-03-16,-0.02468266895014522,-0.13168768541872686,-0.07686257987020284,0.09296915694959135
2026-03-17,-0.0004863010974642801,-0.09960510672340803,-0.05330622769423163,0.12210928379236907
2026-03-18,-0.06354997411791986,-0.09493440925664057,-0.03951492471053757,0.12136177295607842
2026-03-19,-0.10126357620470387,-0.011504351326609402,0.048274933316922286,0.23674491985412993
2026-03-20,-0.07696254040711067,-0.016426118381181118,0.04292458770102767,0.28711130594445855
2026-03-23,-0.08523483724104715,0.013073787947402566,0.037817926665267274,0.2589127467985847
2026-03-24,-0.09491842718640016,0.01735651860447092,0.059759444400359366,0.29859742200248723
2026-03-25,-0.06832646099662483,-0.05253127399989056,0.011862712265298144,0.22498979816921386
2026-03-26,-0.003861754133163708,0.035133005476759044,0.11630805712920061,0.2827566291638639
2026-03-27,-0.03386283664623265,-0.002143386712618561,0.07442399185195768,0.23969140691194
2026-03-30,-0.012459836044420074,0.006428813366437136,0.08469517247158759,0.17546340165718893
2026-03-31,-0.0221491995913431,0.0552825410813307,0.12923912145006497,0.2933880156130276
2026-04-01,-0.042443766039270844,0.006562817122582627,0.12197218243472298,0.20844648621666384
2026-04-02,0.008325327344689805,0.07771410665779942,0.16368262794574784,0.3298831825640997
2026-04-03,-0.015039919768228693,0.15989718103409592,0.21970546573144287,0.3975349789551039
2026-04-07,0.029029217848157225,0.17863293324357926,0.22801510758998544,0.39418198740479704
2026-04-08,0.05280383336780682,0.14942902686230444,0.13237599416171872,0.28983286596036867
2026-04-09,0.04162761956657763,0.14940258211815288,0.12032690305167941,0.3098305159381191
2026-04-10,-0.029497092482128916,0.10897302277543759,0.09767467858068353,0.2992824089905639
2026-04-13,0.001888825656951403,0.07453462250350132,0.11458580447279573,0.20713025692846315
2026-04-14,0.026090581988962858,0.06292026865193516,0.11200368899191679,0.15953767193814347
2026-04-15,0.01662831506371842,0.06292738683565284,0.11291914027851745,0.22016942075662527
2026-04-16,0.0551590957450475,0.09139215704358014,0.11581204156505134,0.15629407716593363
2026-04-17,-0.0015407657702282583,0.06989925216913619,0.03948137157490116,0.11568469757788427
2026-04-20,0.042121944182766824,0.06539452106328525,0.029420885224230857,0.0646896536565394
2026-04-21,0.03470368833593041,0.09461405908151774,0.05512250674755973,0.14537812183793927
2026-04-22,0.026196787488234907,0.10160672074852015,0.058275723563188456,0.13520589566496272
2026-04-23,-0.03968547201951676,0.0792855942008755,0.09502621662055385,0.13628266429653688
2026-04-24,-0.012181712165729336,0.06879411976876389,0.06246893107116374,0.13577124562271248
2026-04-27,0.02557902055519406,0.07710214765665696,0.03111782413133054,0.1543389650730671
2026-04-28,0.019634921437862034,0.08755670945481926,0.010365174850668579,0.10722321033850049
2026-04-29,-0.02032008995356914,0.08220616805374635,0.001065801943867156,0.09340945217774152
2026-04-30,0.036293399904320595,0.057828514096302096,0.03490674525941135,0.04128471171514642
2026-05-06,-0.043573229222811406,-0.016041963917734308,-0.041741049373354225,-0.020554490057912773
2026-05-07,-0.042750341948498534,-0.06778448939861145,-0.05775944803038152,-0.045543471007055455
2026-05-08,-0.07297164212189675,-0.08540553333959501,-0.054160486428361396,-0.08584327752084141
2026-05-11,-0.1277247216766445,-0.15156340835650076,-0.08692676805430015,-0.13647622629965606
2026-05-12,-0.11849092654119112,-0.09452358423152345,-0.08506476875343302,-0.13146833977348316
2026-05-13,-0.18574040182040288,-0.1581072148534256,-0.11204887107005856,-0.19343122581123143
2026-05-14,-0.23381209411517345,-0.16284589758829005,-0.1113468304546456,-0.1861074771170567
2026-05-15,-0.13534855274083019,-0.13549137290071167,-0.10168028728006794,-0.19820399013665368
2026-05-18,-0.13619825475209657,-0.06547314941877948,-0.07414132557469748,-0.09200650066464039
2026-05-19,-0.08740628484426531,-0.04775136233331345,-0.015203292168191402,-0.09616369637403267
2026-05-20,-0.1250656264878232,-0.0566640284659934,-0.03467207089991722,-0.09843708531778002
2026-05-21,-0.09636255359242162,-0.05377920704761316,0.007521203645307867,-0.03293576789721233
2026-05-22,-0.07661122253209672,-0.024767117979220512,-0.026960248008466112,-0.048713845116517156
2026-05-25,-0.14120978612639065,-0.03824492762963217,-0.09147190890315167,-0.0872754704067519
2026-05-26,-0.08560436169173742,-0.028075181379013138,-0.02043590882000892,-0.04432824298139499
2026-05-27,-0.0792306416750027,-0.0047475325376720185,0.04579048613270362,0.022672436356617413
2026-05-28,-0.04068663871032766,-0.07693946185216939,-0.04750512090590294,-0.07210160165835579
2026-05-29,-0.05808554268040158,-0.06791292397718612,0.00250124604694808,-0.038131930814298505
2026-06-01,-0.028636713874873754,0.03005392971448408,0.0727238288720882,0.03478725690425404
2026-06-02,-0.03553035222039978,0.025019129886451073,0.08418640460674674,0.06879608254677125
2026-06-03,-0.03045162792373031,0.03200016700142578,0.08310927924570252,-0.020001767088270662
2026-06-04,-0.04044288969634279,0.027794182313000702,0.08691362911567807,-0.017556354714637856
2026-06-05,-0.08264866730462987,-0.008741955088441089,0.07053224406190428,-0.016991045266814293
2026-06-08,-0.12194988854139716,0.05299427068152089,0.10261915184593674,0.05490473962087082
2026-06-09,-0.05172853630107438,0.0054919445159174575,0.029440689877887817,-0.023863154073413072
2026-06-10,-0.04180798002516781,0.09769813916712186,0.10402238823073595,0.06267243436691386
2026-06-11,-0.03103435039700605,0.09432683882923229,0.1717625427745731,0.12633331445548124
2026-06-12,-0.02655374292344653,-0.02346704474712538,0.07315074153451648,-0.0227745589447954
2026-06-15,-0.019135370190700628,-0.0840029929413978,0.02779806698355567,-0.12005589465325986
2026-06-16,0.025161864462733087,-0.11310866092575042,-0.052786934614846855,-0.1777383807936343
2026-06-17,0.09848641986404491,-0.04321957079814321,-0.025818907576021795,-0.1976061655392313
2026-06-18,0.04744511579762577,-0.030107865239599525,-0.11540437512941576,-0.2787801569291924
2026-06-22,0.06316879547602391,-0.046776159713093075,-0.15160977566538533,-0.3019654125012472
2026-06-23,0.07229620440810874,-0.03110410160598521,-0.09755493109852433,-0.2171667842509154
2026-06-24,0.08850158442223353,0.08081023122479138,0.06684772077169568,-0.09814792345479541
2026-06-25,0.12463883337591601,0.12687586827363365,0.06969219287041359,-0.08613505813540033
2026-06-26,0.09147065330903376,0.10222291358792875,0.09071444206545902,-0.07273770523274323
2026-06-29,0.1194577291404136,0.13198519987663904,0.1403494989161996,-0.05985225149741564
2026-06-30,0.08521193823878745,0.12181814100693587,0.09048587762376623,-0.11535032430680124
2026-07-01,0.08944790421249321,0.15272294673520234,0.0908809107058947,-0.1589577003500699
2026-07-02,0.10394398190160162,0.09817560711620692,0.08908680469751136,-0.15159423403352795
2026-07-03,0.14040273369574002,0.10390834144108406,0.09687651932829958,-0.14272801263931617
2026-07-06,0.1215695844783422,0.11834955856200127,0.09800870643815733,-0.1701133191724325
2026-07-07,0.2193920358022924,0.19414899646450545,0.11888166669445815,-0.09457423971952446
2026-07-08,0.23455196045382107,0.19650227711015805,0.1431359248537917,-0.043528818786402884
2026-07-09,0.18643015620294162,0.19703355471652262,0.1466790764325144,-0.07199166971891907
2026-07-10,0.18701850048343963,0.16735391312987366,0.09936962048396768,-0.0992700706992269
2026-07-13,0.23611362213338438,0.22485864833524147,0.2331202602879557,0.041953171633564906
2026-07-14,0.2605577132087311,0.22406273854458778,0.23230622425525815,0.017399866820141493
2026-07-15,0.3001314217265331,0.2043902905167658,0.21360650508209758,0.07058638426973007
2026-07-16,0.17726951662870796,0.10875329295582228,0.1400026778120159,-0.012246034944983409
2026-07-17,0.20167303611623613,0.1849401987334841,0.2012354825907092,0.20038445256858192
2026-07-20,0.19548101706966015,0.22864345477654943,0.2424114072506827,0.3573861954666738
2026-07-21,0.1161095612237638,0.1703550228730355,0.21856385896016955,0.14555565025148473
2026-07-22,0.16201697097638354,0.08183492746251124,0.18580196611206368,0.022437729733675305
2026-07-23,0.13057760656425876,0.050021461356724715,0.08401587840923667,0.012256437391010372
2026-07-24,0.15505017349873243,0.1521161515257014,0.1951025634530607,0.16298682510812368
2026-07-27,0.08301441456164746,0.07916933290029193,0.10566015681081237,-0.002750269893620286
