order_id,parent_order_id,symbol,side,signal_date,execution_date,requested_shares,cumulative_filled_shares,remaining_shares,cancelled_shares,filled_shares,signal_price,execution_price,commission,stamp_tax,transfer_fee,slippage,total_cost,status,reason,reject_reason
ORD_000001,,000001.SZ,BUY,2021-09-29,2021-09-30,15700,15700,0,0,15700,18.15,18.11,71.08,0.0,5.69,314.0,390.77,FILLED,Top-K目标建仓/加仓,
ORD_000002_P14500,ORD_000002,600000.SH,BUY,2021-09-29,2021-09-30,31500,14500,17000,0,14500,9.02,9.04,32.77,0.0,2.62,145.0,180.39,PARTIALLY_FILLED,Top-K目标建仓/加仓,
ORD_000002,,600000.SH,BUY,2021-09-29,2021-10-08,31500,31500,0,0,17000,9.02,9.06,38.51,0.0,3.08,170.0,211.59,FILLED,Top-K目标建仓/加仓,
ORD_000003,,000001.SZ,SELL,2021-10-29,2021-11-01,15700,15700,0,0,15700,19.5,19.31,75.79,303.17,6.06,314.0,699.02,FILLED,"触发跟踪止盈 (最高浮盈: 13.69%, 自高点回撤: 5.29%)",
ORD_000004,,000001.SZ,BUY,2021-11-03,2021-11-04,15800,15800,0,0,15800,18.03,18.1,71.5,0.0,5.72,316.0,393.22,FILLED,Top-K目标建仓/加仓,
ORD_000005,,600000.SH,BUY,2021-11-03,2021-11-04,1900,1900,0,0,1900,8.53,8.54,5.0,0.0,0.32,19.0,24.32,FILLED,Top-K目标建仓/加仓,
ORD_000007,,600000.SH,SELL,2021-12-01,2021-12-02,300,300,0,0,300,8.56,8.55,5.0,2.56,0.05,3.0,10.61,FILLED,Top-K目标再平衡减仓,
ORD_000006,,000001.SZ,BUY,2021-12-01,2021-12-02,200,200,0,0,200,17.64,17.64,5.0,0.0,0.07,4.0,9.07,FILLED,Top-K目标建仓/加仓,
ORD_000008,,000001.SZ,SELL,2021-12-14,2021-12-15,16000,16000,0,0,16000,17.58,17.49,69.96,279.84,5.6,320.0,675.4,FILLED,"触发跟踪止盈 (最高浮盈: 5.34%, 自高点回撤: 7.76%)",
ORD_000009,,000001.SZ,BUY,2021-12-29,2021-12-30,16800,16800,0,0,16800,16.75,16.78,70.48,0.0,5.64,336.0,412.12,FILLED,Top-K目标建仓/加仓,
ORD_000011,,600000.SH,SELL,2022-01-27,2022-01-28,100,100,0,0,100,8.45,8.47,5.0,0.85,0.02,1.0,6.87,FILLED,Top-K目标再平衡减仓,
ORD_000010,,000001.SZ,BUY,2022-01-27,2022-01-28,300,300,0,0,300,16.3,16.41,5.0,0.0,0.1,6.0,11.1,FILLED,Top-K目标建仓/加仓,
ORD_000013,,600000.SH,SELL,2022-03-03,2022-03-04,300,300,0,0,300,8.46,8.43,5.0,2.53,0.05,3.0,10.58,FILLED,Top-K目标再平衡减仓,
ORD_000012,,000001.SZ,BUY,2022-03-03,2022-03-04,500,500,0,0,500,15.71,15.64,5.0,0.0,0.16,10.0,15.16,FILLED,Top-K目标建仓/加仓,
ORD_000014,,000001.SZ,SELL,2022-03-04,2022-03-07,17600,17600,0,0,17600,15.33,15.15,66.66,266.64,5.33,352.0,690.63,FILLED,触发个股硬止损 (浮亏: -8.43% <= -8.0%),
ORD_000015_P23300,ORD_000015,600000.SH,SELL,2022-03-07,2022-03-08,32700,23300,9400,0,23300,8.29,8.28,48.23,192.92,3.86,233.0,478.01,PARTIALLY_FILLED,触发个股硬止损 (浮亏: -8.11% <= -8.0%),
ORD_000015,,600000.SH,SELL,2022-03-07,2022-03-09,32700,32700,0,0,9400,8.29,8.1,19.04,76.14,1.52,94.0,190.7,FILLED,触发个股硬止损 (浮亏: -8.11% <= -8.0%),
ORD_000016,,000001.SZ,BUY,2022-03-31,2022-04-01,17600,17600,0,0,17600,15.38,15.39,67.72,0.0,5.42,352.0,425.14,FILLED,Top-K目标建仓/加仓,
ORD_000017_P15900,ORD_000017,600000.SH,BUY,2022-03-31,2022-04-01,33900,15900,18000,0,15900,8.0,7.96,31.64,0.0,2.53,159.0,193.17,PARTIALLY_FILLED,Top-K目标建仓/加仓,
ORD_000017,,600000.SH,BUY,2022-03-31,2022-04-06,33900,33900,0,0,18000,8.0,8.01,36.05,0.0,2.88,180.0,218.93,FILLED,Top-K目标建仓/加仓,
ORD_000018,,000001.SZ,SELL,2022-04-13,2022-04-14,17600,17600,0,0,17600,15.8,15.98,70.31,281.25,5.62,352.0,709.18,FILLED,"触发跟踪止盈 (最高浮盈: 8.25%, 自高点回撤: 5.16%)",
ORD_000019,,000001.SZ,BUY,2022-05-05,2022-05-06,17900,17900,0,0,17900,15.32,15.04,67.3,0.0,2.69,358.0,427.99,FILLED,Top-K目标建仓/加仓,
ORD_000020,,600000.SH,BUY,2022-05-05,2022-05-06,400,400,0,0,400,7.99,7.95,5.0,0.0,0.03,4.0,9.03,FILLED,Top-K目标建仓/加仓,
ORD_000022,,600000.SH,SELL,2022-06-02,2022-06-06,400,400,0,0,400,7.89,7.86,5.0,3.14,0.03,4.0,12.17,FILLED,Top-K目标再平衡减仓,
ORD_000021,,000001.SZ,BUY,2022-06-02,2022-06-06,1300,1300,0,0,1300,13.95,13.92,5.0,0.0,0.18,13.0,18.18,FILLED,Top-K目标建仓/加仓,
ORD_000023,,000001.SZ,SELL,2022-07-01,2022-07-04,900,900,0,0,900,14.92,14.94,5.0,13.45,0.13,9.0,27.58,FILLED,Top-K目标再平衡减仓,
ORD_000024,,600000.SH,BUY,2022-07-01,2022-07-04,400,400,0,0,400,7.99,8.0,5.0,0.0,0.03,4.0,9.03,FILLED,Top-K目标建仓/加仓,
ORD_000025,,000001.SZ,SELL,2022-07-14,2022-07-15,18300,18300,0,0,18300,13.37,13.47,61.63,246.5,2.47,183.0,493.6,FILLED,触发个股硬止损 (浮亏: -10.63% <= -8.0%),
ORD_000026_P9800,ORD_000026,600000.SH,SELL,2022-07-21,2022-07-22,34300,9800,24500,0,9800,7.33,7.33,17.96,71.83,0.72,98.0,188.51,PARTIALLY_FILLED,触发个股硬止损 (浮亏: -8.22% <= -8.0%),
ORD_000026_P18300,ORD_000026,600000.SH,SELL,2022-07-21,2022-07-25,34300,18300,16000,0,8500,7.33,7.32,15.55,62.22,0.62,85.0,163.39,PARTIALLY_FILLED,触发个股硬止损 (浮亏: -8.22% <= -8.0%),
ORD_000026_P27600,ORD_000026,600000.SH,SELL,2022-07-21,2022-07-26,34300,27600,6700,0,9300,7.33,7.35,17.09,68.36,0.68,93.0,179.13,PARTIALLY_FILLED,触发个股硬止损 (浮亏: -8.22% <= -8.0%),
ORD_000026,,600000.SH,SELL,2022-07-21,2022-07-27,34300,34300,0,0,6700,7.33,7.35,12.31,49.25,0.49,67.0,129.05,FILLED,触发个股硬止损 (浮亏: -8.22% <= -8.0%),
ORD_000027,,000001.SZ,BUY,2022-07-29,2022-08-01,20500,20500,0,0,20500,12.68,12.67,64.93,0.0,2.6,205.0,272.53,FILLED,Top-K目标建仓/加仓,
ORD_000028_P12200,ORD_000028,600000.SH,BUY,2022-07-29,2022-08-01,35800,12200,23600,0,12200,7.26,7.27,22.17,0.0,0.89,122.0,145.06,PARTIALLY_FILLED,Top-K目标建仓/加仓,
ORD_000029,,000001.SZ,SELL,2022-08-01,2022-08-02,4200,4200,0,0,4200,12.42,12.21,12.82,51.28,0.51,42.0,106.61,FILLED,组合最大回撤熔断降仓,
ORD_000028_P32600,ORD_000028,600000.SH,BUY,2022-07-29,2022-08-02,35800,32600,3200,0,20400,7.26,7.23,36.87,0.0,1.47,204.0,242.34,PARTIALLY_FILLED,Top-K目标建仓/加仓,
ORD_000030,,000001.SZ,SELL,2022-08-02,2022-08-03,6100,6100,0,0,6100,12.26,12.18,18.57,74.3,0.74,61.0,154.61,FILLED,组合最大回撤熔断降仓,
ORD_000028,,600000.SH,BUY,2022-07-29,2022-08-03,35800,35800,0,0,3200,7.26,7.14,5.71,0.0,0.23,32.0,37.94,FILLED,Top-K目标建仓/加仓,
ORD_000031,,000001.SZ,SELL,2022-08-03,2022-08-04,2900,2900,0,0,2900,12.03,12.09,8.77,35.06,0.35,29.0,73.18,FILLED,组合最大回撤熔断降仓,
ORD_000032,,600000.SH,SELL,2022-08-03,2022-08-04,10200,10200,0,0,10200,7.07,7.08,18.05,72.22,0.72,102.0,192.99,FILLED,组合最大回撤熔断降仓,
ORD_000033,,600000.SH,SELL,2022-08-04,2022-08-05,100,100,0,0,100,7.09,7.08,5.0,0.71,0.01,1.0,6.72,FILLED,组合最大回撤熔断降仓,
ORD_000034,,600000.SH,SELL,2022-08-05,2022-08-08,200,200,0,0,200,7.15,7.16,5.0,1.43,0.01,2.0,8.44,FILLED,组合最大回撤熔断降仓,
ORD_000035,,600000.SH,SELL,2022-08-11,2022-08-12,100,100,0,0,100,7.18,7.18,5.0,0.72,0.01,1.0,6.73,FILLED,组合最大回撤熔断降仓,
ORD_000036,,600000.SH,SELL,2022-08-12,2022-08-15,200,200,0,0,200,7.24,7.23,5.0,1.45,0.01,2.0,8.46,FILLED,组合最大回撤熔断降仓,
ORD_000037,,600000.SH,SELL,2022-08-17,2022-08-18,100,100,0,0,100,7.28,7.26,5.0,0.73,0.01,1.0,6.74,FILLED,组合最大回撤熔断降仓,
ORD_000038,,000001.SZ,SELL,2022-08-26,2022-08-29,900,900,0,0,900,12.61,12.49,5.0,11.24,0.11,9.0,25.35,FILLED,Top-K目标再平衡减仓,
ORD_000039,,600000.SH,SELL,2022-08-26,2022-08-29,13700,13700,0,0,13700,7.22,7.15,24.49,97.95,0.98,137.0,260.42,FILLED,Top-K目标再平衡减仓,
ORD_000040,,000001.SZ,BUY,2022-09-26,2022-09-27,300,300,0,0,300,12.0,12.01,5.0,0.0,0.04,3.0,8.04,FILLED,Top-K目标建仓/加仓,
ORD_000041,,600000.SH,BUY,2022-09-26,2022-09-27,200,200,0,0,200,7.06,7.05,5.0,0.0,0.01,2.0,7.01,FILLED,Top-K目标建仓/加仓,
ORD_000042,,000001.SZ,SELL,2022-10-10,2022-10-11,6700,6700,0,0,6700,11.47,11.53,19.31,77.25,0.77,67.0,164.33,FILLED,触发个股硬止损 (浮亏: -9.26% <= -8.0%),
ORD_000043,,000001.SZ,BUY,2022-10-31,2022-11-01,7700,7700,0,0,7700,10.34,10.39,20.0,0.0,0.8,77.0,97.8,FILLED,Top-K目标建仓/加仓,
ORD_000044,,600000.SH,BUY,2022-10-31,2022-11-01,600,600,0,0,600,6.64,6.69,5.0,0.0,0.04,6.0,11.04,FILLED,Top-K目标建仓/加仓,
ORD_000045,,000001.SZ,SELL,2022-11-18,2022-11-21,7700,7700,0,0,7700,11.59,11.47,22.08,88.32,0.88,77.0,188.28,FILLED,"触发跟踪止盈 (最高浮盈: 18.19%, 自高点回撤: 5.62%)",
ORD_000047,,600000.SH,SELL,2022-11-28,2022-11-29,600,600,0,0,600,7.07,7.09,5.0,4.25,0.04,6.0,15.29,FILLED,Top-K目标再平衡减仓,
ORD_000046,,000001.SZ,BUY,2022-11-28,2022-11-29,6800,6800,0,0,6800,11.81,12.17,20.69,0.0,0.83,68.0,89.52,FILLED,Top-K目标建仓/加仓,
ORD_000048,,000001.SZ,SELL,2022-12-02,2022-12-05,6800,6800,0,0,6800,12.9,13.08,22.24,88.94,0.89,68.0,180.07,FILLED,"触发跟踪止盈 (最高浮盈: 12.24%, 自高点回撤: 5.56%)",
ORD_000049,,000001.SZ,BUY,2022-12-26,2022-12-27,6300,6300,0,0,6300,12.77,12.88,20.29,0.0,0.81,63.0,84.1,FILLED,Top-K目标建仓/加仓,
ORD_000050,,600000.SH,BUY,2022-12-26,2022-12-27,100,100,0,0,100,7.1,7.14,5.0,0.0,0.01,1.0,6.01,FILLED,Top-K目标建仓/加仓,
ORD_000051,,000001.SZ,SELL,2023-01-31,2023-02-01,800,800,0,0,800,14.99,15.01,5.0,12.01,0.12,16.0,33.13,FILLED,Top-K目标再平衡减仓,
ORD_000052,,600000.SH,SELL,2023-01-31,2023-02-01,300,300,0,0,300,7.37,7.39,5.0,2.22,0.02,3.0,10.24,FILLED,Top-K目标再平衡减仓,
ORD_000053,,000001.SZ,SELL,2023-02-01,2023-02-02,5500,5500,0,0,5500,14.7,14.73,20.25,81.02,0.81,55.0,157.08,FILLED,"触发跟踪止盈 (最高浮盈: 22.20%, 自高点回撤: 6.61%)",
ORD_000054,,000001.SZ,BUY,2023-02-28,2023-03-01,6000,6000,0,0,6000,13.78,13.81,20.71,0.0,0.83,60.0,81.54,FILLED,Top-K目标建仓/加仓,
ORD_000055,,600000.SH,BUY,2023-02-28,2023-03-01,300,300,0,0,300,7.18,7.18,5.0,0.0,0.02,3.0,8.02,FILLED,Top-K目标建仓/加仓,
ORD_000056,,000001.SZ,SELL,2023-03-20,2023-03-21,6000,6000,0,0,6000,12.57,12.64,18.96,75.84,0.76,60.0,155.56,FILLED,触发个股硬止损 (浮亏: -8.98% <= -8.0%),
ORD_000058,,600000.SH,SELL,2023-03-28,2023-03-29,100,100,0,0,100,7.18,7.22,5.0,0.72,0.01,1.0,6.73,FILLED,Top-K目标再平衡减仓,
ORD_000057,,000001.SZ,BUY,2023-03-28,2023-03-29,6500,6500,0,0,6500,12.64,12.74,20.7,0.0,0.83,65.0,86.53,FILLED,Top-K目标建仓/加仓,
ORD_000060,,600000.SH,SELL,2023-04-26,2023-04-27,400,400,0,0,400,7.46,7.47,5.0,2.99,0.03,4.0,12.02,FILLED,Top-K目标再平衡减仓,
ORD_000059,,000001.SZ,BUY,2023-04-26,2023-04-27,200,200,0,0,200,12.12,12.07,5.0,0.0,0.02,2.0,7.02,FILLED,Top-K目标建仓/加仓,
ORD_000061,,600000.SH,SELL,2023-05-10,2023-05-11,11000,11000,0,0,11000,7.7,7.71,21.2,84.81,0.85,110.0,216.86,FILLED,"触发跟踪止盈 (最高浮盈: 14.66%, 自高点回撤: 6.33%)",
ORD_000062,,000001.SZ,SELL,2023-05-10,2023-05-11,6700,6700,0,0,6700,12.84,12.94,21.67,86.7,0.87,67.0,176.24,FILLED,"触发跟踪止盈 (最高浮盈: 6.92%, 自高点回撤: 5.59%)",
ORD_000063,,000001.SZ,BUY,2023-05-29,2023-05-30,6900,6900,0,0,6900,11.98,11.99,20.68,0.0,0.83,69.0,90.51,FILLED,Top-K目标建仓/加仓,
ORD_000064,,600000.SH,BUY,2023-05-29,2023-05-30,11100,11100,0,0,11100,7.41,7.43,20.62,0.0,0.82,111.0,132.44,FILLED,Top-K目标建仓/加仓,
ORD_000065,,000001.SZ,BUY,2023-06-28,2023-06-29,300,300,0,0,300,11.3,11.3,5.0,0.0,0.03,3.0,8.03,FILLED,Top-K目标建仓/加仓,
ORD_000066,,600000.SH,BUY,2023-06-28,2023-06-29,200,200,0,0,200,7.21,7.22,5.0,0.0,0.01,2.0,7.01,FILLED,Top-K目标建仓/加仓,
ORD_000067,,000001.SZ,SELL,2023-07-26,2023-07-27,200,200,0,0,200,11.67,11.67,5.0,2.33,0.02,2.0,9.35,FILLED,Top-K目标再平衡减仓,
ORD_000068,,000001.SZ,BUY,2023-08-23,2023-08-24,200,200,0,0,200,11.25,11.3,5.0,0.0,0.02,2.0,7.02,FILLED,Top-K目标建仓/加仓,
ORD_000069,,600000.SH,BUY,2023-08-23,2023-08-24,300,300,0,0,300,7.02,7.04,5.0,0.0,0.02,3.0,8.02,FILLED,Top-K目标建仓/加仓,
ORD_000071,,600000.SH,SELL,2023-09-20,2023-09-21,100,100,0,0,100,7.13,7.12,5.0,0.36,0.01,1.0,6.37,FILLED,Top-K目标再平衡减仓,
ORD_000070,,000001.SZ,BUY,2023-09-20,2023-09-21,100,100,0,0,100,11.15,11.15,5.0,0.0,0.01,1.0,6.01,FILLED,Top-K目标建仓/加仓,
ORD_000072,,000001.SZ,SELL,2023-09-21,2023-09-22,7300,7300,0,0,7300,11.05,11.02,20.11,40.22,0.8,73.0,134.13,FILLED,"触发跟踪止盈 (最高浮盈: 5.02%, 自高点回撤: 11.81%)",
ORD_000073,,600000.SH,SELL,2023-10-24,2023-10-25,11500,11500,0,0,11500,6.82,6.85,19.69,39.39,0.79,115.0,174.87,FILLED,触发个股硬止损 (浮亏: -8.04% <= -8.0%),
ORD_000074,,000001.SZ,BUY,2023-10-26,2023-10-27,7800,7800,0,0,7800,10.41,10.39,20.26,0.0,0.81,78.0,99.07,FILLED,Top-K目标建仓/加仓,
ORD_000075_P9700,ORD_000075,600000.SH,BUY,2023-10-26,2023-10-27,11700,9700,2000,0,9700,6.96,6.97,16.9,0.0,0.68,97.0,114.58,PARTIALLY_FILLED,Top-K目标建仓/加仓,
ORD_000075,,600000.SH,BUY,2023-10-26,2023-10-30,11700,11700,0,0,2000,6.96,6.87,5.0,0.0,0.14,20.0,25.14,FILLED,Top-K目标建仓/加仓,
ORD_000076,,000001.SZ,BUY,2023-11-23,2023-11-24,200,200,0,0,200,10.15,10.12,5.0,0.0,0.02,2.0,7.02,FILLED,Top-K目标建仓/加仓,
ORD_000077,,000001.SZ,SELL,2023-12-05,2023-12-06,8000,8000,0,0,8000,9.48,9.43,18.86,37.72,0.75,80.0,137.33,FILLED,触发个股硬止损 (浮亏: -8.70% <= -8.0%),
ORD_000078,,000001.SZ,BUY,2023-12-21,2023-12-22,8700,8700,0,0,8700,9.17,9.2,20.01,0.0,0.8,87.0,107.81,FILLED,Top-K目标建仓/加仓,
ORD_000079,,600000.SH,BUY,2023-12-21,2023-12-22,500,500,0,0,500,6.57,6.58,5.0,0.0,0.03,5.0,10.03,FILLED,Top-K目标建仓/加仓,
ORD_000080,,000001.SZ,SELL,2024-02-02,2024-02-05,8700,8700,0,0,8700,9.27,9.18,19.97,39.93,0.8,87.0,147.7,FILLED,"触发跟踪止盈 (最高浮盈: 7.39%, 自高点回撤: 6.17%)",
ORD_000082,,600000.SH,SELL,2024-02-26,2024-02-27,800,800,0,0,800,7.1,7.06,5.0,2.82,0.06,8.0,15.88,FILLED,Top-K目标再平衡减仓,
ORD_000081,,000001.SZ,BUY,2024-02-26,2024-02-27,7700,7700,0,0,7700,10.53,10.5,20.21,0.0,0.81,77.0,98.02,FILLED,Top-K目标建仓/加仓,
ORD_000083,,600000.SH,SELL,2024-04-24,2024-04-25,400,400,0,0,400,7.36,7.32,5.0,1.46,0.03,4.0,10.49,FILLED,Top-K目标再平衡减仓,
ORD_000084,,000001.SZ,SELL,2024-05-27,2024-05-28,500,500,0,0,500,11.51,11.49,5.0,2.87,0.06,5.0,12.93,FILLED,Top-K目标再平衡减仓,
ORD_000085,,600000.SH,SELL,2024-05-27,2024-05-28,1300,1300,0,0,1300,8.54,8.57,5.0,5.57,0.11,13.0,23.68,FILLED,Top-K目标再平衡减仓,
ORD_000086,,000001.SZ,SELL,2024-05-30,2024-05-31,7200,7200,0,0,7200,11.12,11.13,20.03,40.07,0.8,72.0,132.9,FILLED,"触发跟踪止盈 (最高浮盈: 11.81%, 自高点回撤: 5.28%)",
ORD_000087,,600000.SH,SELL,2024-06-11,2024-06-12,9700,9700,0,0,9700,8.15,8.14,19.74,39.48,0.79,97.0,157.01,FILLED,"触发跟踪止盈 (最高浮盈: 24.69%, 自高点回撤: 5.67%)",
ORD_000088,,000001.SZ,BUY,2024-06-25,2024-06-26,8100,8100,0,0,8100,10.08,10.07,20.39,0.0,0.82,81.0,102.21,FILLED,Top-K目标建仓/加仓,
ORD_000089,,600000.SH,BUY,2024-06-25,2024-06-26,10000,10000,0,0,10000,8.2,8.21,20.53,0.0,0.82,100.0,121.35,FILLED,Top-K目标建仓/加仓,
ORD_000090,,600000.SH,SELL,2024-07-22,2024-07-23,10000,10000,0,0,10000,8.58,8.61,21.53,43.05,0.86,100.0,165.44,FILLED,"触发跟踪止盈 (最高浮盈: 10.48%, 自高点回撤: 5.40%)",
ORD_000091,,600000.SH,BUY,2024-07-23,2024-07-24,9600,9600,0,0,9600,8.59,8.62,20.69,0.0,0.83,96.0,117.52,FILLED,Top-K目标建仓/加仓,
ORD_000092,,000001.SZ,SELL,2024-08-20,2024-08-21,100,100,0,0,100,10.34,10.29,5.0,0.51,0.01,1.0,6.52,FILLED,Top-K目标再平衡减仓,
ORD_000093,,600000.SH,SELL,2024-08-20,2024-08-21,300,300,0,0,300,8.91,8.9,5.0,1.33,0.03,3.0,9.36,FILLED,Top-K目标再平衡减仓,
ORD_000094,,600000.SH,SELL,2024-08-29,2024-08-30,9300,9300,0,0,9300,8.55,8.53,19.83,39.66,0.79,93.0,153.28,FILLED,"触发跟踪止盈 (最高浮盈: 5.22%, 自高点回撤: 5.73%)",
ORD_000095,,000001.SZ,BUY,2024-09-19,2024-09-20,400,400,0,0,400,9.81,9.82,5.0,0.0,0.04,4.0,9.04,FILLED,Top-K目标建仓/加仓,
ORD_000096,,600000.SH,BUY,2024-09-19,2024-09-20,9700,9700,0,0,9700,8.52,8.5,20.61,0.0,0.82,97.0,118.43,FILLED,Top-K目标建仓/加仓,
ORD_000097,,000001.SZ,SELL,2024-10-09,2024-10-10,8400,8400,0,0,8400,11.68,11.61,24.38,48.76,0.98,84.0,158.12,FILLED,"触发跟踪止盈 (最高浮盈: 33.52%, 自高点回撤: 13.03%)",
ORD_000098,,600000.SH,SELL,2024-10-09,2024-10-10,9700,9700,0,0,9700,9.91,10.05,24.37,48.74,0.97,97.0,171.08,FILLED,"触发跟踪止盈 (最高浮盈: 29.65%, 自高点回撤: 10.07%)",
ORD_000099,,000001.SZ,BUY,2024-10-24,2024-10-25,7200,7200,0,0,7200,11.75,11.78,21.2,0.0,0.85,72.0,94.05,FILLED,Top-K目标建仓/加仓,
ORD_000100,,600000.SH,BUY,2024-10-24,2024-10-25,8400,8400,0,0,8400,10.14,10.15,21.32,0.0,0.85,84.0,106.17,FILLED,Top-K目标建仓/加仓,
ORD_000101,,000001.SZ,BUY,2024-11-21,2024-11-22,100,100,0,0,100,11.59,11.6,5.0,0.0,0.01,1.0,6.01,FILLED,Top-K目标建仓/加仓,
ORD_000102,,600000.SH,BUY,2024-11-21,2024-11-22,300,300,0,0,300,9.72,9.73,5.0,0.0,0.03,3.0,8.03,FILLED,Top-K目标建仓/加仓,
ORD_000103,,600000.SH,SELL,2024-11-26,2024-11-27,8700,8700,0,0,8700,9.31,9.3,20.23,40.45,0.81,87.0,148.49,FILLED,触发个股硬止损 (浮亏: -8.14% <= -8.0%),
ORD_000104,,600000.SH,BUY,2024-12-19,2024-12-20,8800,8800,0,0,8800,9.53,9.58,21.08,0.0,0.84,88.0,109.92,FILLED,Top-K目标建仓/加仓,
ORD_000105,,600000.SH,SELL,2025-01-13,2025-01-14,8800,8800,0,0,8800,10.0,10.02,22.04,44.09,0.88,88.0,155.01,FILLED,"触发跟踪止盈 (最高浮盈: 10.23%, 自高点回撤: 5.30%)",
ORD_000106,,000001.SZ,BUY,2025-01-17,2025-01-20,100,100,0,0,100,11.45,11.51,5.0,0.0,0.01,1.0,6.01,FILLED,Top-K目标建仓/加仓,
ORD_000107,,600000.SH,BUY,2025-01-17,2025-01-20,8200,8200,0,0,8200,10.27,10.33,21.18,0.0,0.85,82.0,104.03,FILLED,Top-K目标建仓/加仓,
ORD_000108,,000001.SZ,SELL,2025-02-24,2025-02-25,100,100,0,0,100,11.59,11.55,5.0,0.58,0.01,1.0,6.59,FILLED,Top-K目标再平衡减仓,
ORD_000109,,600000.SH,BUY,2025-02-24,2025-02-25,100,100,0,0,100,10.21,10.21,5.0,0.0,0.01,1.0,6.01,FILLED,Top-K目标建仓/加仓,
ORD_000111,,600000.SH,SELL,2025-03-24,2025-03-25,300,300,0,0,300,10.61,10.64,5.0,1.6,0.03,3.0,9.63,FILLED,Top-K目标再平衡减仓,
ORD_000110,,000001.SZ,BUY,2025-03-24,2025-03-25,100,100,0,0,100,11.38,11.39,5.0,0.0,0.01,1.0,6.01,FILLED,Top-K目标建仓/加仓,
ORD_000112,,000001.SZ,SELL,2025-04-07,2025-04-08,7400,7400,0,0,7400,10.7,10.67,19.74,39.48,0.79,74.0,134.01,FILLED,触发个股硬止损 (浮亏: -9.08% <= -8.0%),
ORD_000114,,600000.SH,SELL,2025-04-22,2025-04-23,100,100,0,0,100,10.71,10.7,5.0,0.54,0.01,1.0,6.55,FILLED,Top-K目标再平衡减仓,
ORD_000113,,000001.SZ,BUY,2025-04-22,2025-04-23,7600,7600,0,0,7600,11.04,11.05,21.0,0.0,0.84,76.0,97.84,FILLED,Top-K目标建仓/加仓,
ORD_000115,,000001.SZ,SELL,2025-05-23,2025-05-26,100,100,0,0,100,11.46,11.43,5.0,0.57,0.01,1.0,6.58,FILLED,Top-K目标再平衡减仓,
ORD_000116,,600000.SH,SELL,2025-05-23,2025-05-26,900,900,0,0,900,12.23,12.18,5.0,5.48,0.11,9.0,19.59,FILLED,Top-K目标再平衡减仓,
ORD_000117,,000001.SZ,SELL,2025-06-23,2025-06-24,300,300,0,0,300,11.93,11.89,5.0,1.78,0.04,3.0,9.82,FILLED,Top-K目标再平衡减仓,
ORD_000118,,600000.SH,SELL,2025-06-23,2025-06-24,500,500,0,0,500,13.31,13.3,5.0,3.33,0.07,5.0,13.4,FILLED,Top-K目标再平衡减仓,
ORD_000119,,600000.SH,SELL,2025-07-11,2025-07-14,6500,6500,0,0,6500,13.8,13.74,22.33,44.66,0.89,65.0,132.88,FILLED,"触发跟踪止盈 (最高浮盈: 43.30%, 自高点回撤: 6.76%)",
ORD_000120,,000001.SZ,SELL,2025-07-16,2025-07-17,7200,7200,0,0,7200,12.64,12.6,22.68,45.36,0.91,72.0,140.95,FILLED,"触发跟踪止盈 (最高浮盈: 20.63%, 自高点回撤: 5.18%)",
ORD_000121,,000001.SZ,BUY,2025-07-21,2025-07-22,22000,22000,0,0,22000,12.61,12.61,69.36,0.0,2.77,220.0,292.13,FILLED,Top-K目标建仓/加仓,
ORD_000122,,600000.SH,BUY,2025-07-21,2025-07-22,20500,20500,0,0,20500,13.48,13.47,69.03,0.0,2.76,205.0,276.79,FILLED,Top-K目标建仓/加仓,
ORD_000124,,600000.SH,SELL,2025-08-18,2025-08-19,400,400,0,0,400,13.64,13.63,5.0,2.73,0.05,4.0,11.78,FILLED,Top-K目标再平衡减仓,
ORD_000123,,000001.SZ,BUY,2025-08-18,2025-08-19,700,700,0,0,700,12.08,12.11,5.0,0.0,0.08,7.0,12.08,FILLED,Top-K目标建仓/加仓,
ORD_000125,,600000.SH,SELL,2025-09-01,2025-09-02,20100,20100,0,0,20100,13.49,13.42,67.44,134.87,2.7,201.0,406.01,FILLED,"触发跟踪止盈 (最高浮盈: 6.09%, 自高点回撤: 5.60%)",
ORD_000126,,000001.SZ,BUY,2025-09-15,2025-09-16,500,500,0,0,500,11.65,11.67,5.0,0.0,0.06,5.0,10.06,FILLED,Top-K目标建仓/加仓,
ORD_000127,,600000.SH,BUY,2025-09-15,2025-09-16,20100,20100,0,0,20100,13.43,13.42,67.44,0.0,2.7,201.0,271.14,FILLED,Top-K目标建仓/加仓,
ORD_000128,,000001.SZ,SELL,2025-09-18,2025-09-19,23200,23200,0,0,23200,11.41,11.4,66.12,132.24,2.64,232.0,433.0,FILLED,触发个股硬止损 (浮亏: -9.26% <= -8.0%),
ORD_000129,,600000.SH,SELL,2025-09-24,2025-09-25,20100,20100,0,0,20100,12.22,12.22,61.41,122.81,2.46,201.0,387.68,FILLED,触发个股硬止损 (浮亏: -8.94% <= -8.0%),
ORD_000130,,000001.SZ,BUY,2025-10-21,2025-10-22,22900,22900,0,0,22900,11.43,11.41,65.32,0.0,2.61,229.0,296.93,FILLED,Top-K目标建仓/加仓,
ORD_000131,,600000.SH,BUY,2025-10-21,2025-10-22,20100,20100,0,0,20100,12.99,12.98,65.22,0.0,2.61,201.0,268.83,FILLED,Top-K目标建仓/加仓,
ORD_000132,,600000.SH,SELL,2025-10-29,2025-10-30,20100,20100,0,0,20100,11.81,11.78,59.19,118.39,2.37,201.0,380.95,FILLED,触发个股硬止损 (浮亏: -9.01% <= -8.0%),
ORD_000133,,000001.SZ,SELL,2025-10-29,2025-10-30,10500,10500,0,0,10500,11.39,11.37,29.85,59.69,1.19,105.0,195.73,FILLED,组合最大回撤熔断降仓,
ORD_000134,,000001.SZ,SELL,2025-11-18,2025-11-19,5500,5500,0,0,5500,11.59,11.57,15.91,31.82,0.64,55.0,103.37,FILLED,Top-K目标再平衡减仓,
ORD_000135,,600000.SH,BUY,2025-11-18,2025-11-19,7000,7000,0,0,7000,11.45,11.44,20.02,0.0,0.8,70.0,90.82,FILLED,Top-K目标建仓/加仓,
ORD_000136,,000001.SZ,SELL,2025-12-10,2025-12-11,6900,6900,0,0,6900,11.33,11.34,19.56,39.12,0.78,69.0,128.46,FILLED,"触发跟踪止盈 (最高浮盈: 5.08%, 自高点回撤: 5.50%)",
ORD_000138,,600000.SH,SELL,2025-12-16,2025-12-17,100,100,0,0,100,11.55,11.53,5.0,0.58,0.01,1.0,6.59,FILLED,Top-K目标再平衡减仓,
ORD_000137,,000001.SZ,BUY,2025-12-16,2025-12-17,7000,7000,0,0,7000,11.48,11.48,20.09,0.0,0.8,70.0,90.89,FILLED,Top-K目标建仓/加仓,
ORD_000139,,600000.SH,SELL,2026-01-05,2026-01-06,6900,6900,0,0,6900,11.82,11.77,20.3,40.61,0.81,69.0,130.72,FILLED,"触发跟踪止盈 (最高浮盈: 9.09%, 自高点回撤: 5.29%)",
ORD_000140,,000001.SZ,BUY,2026-01-15,2026-01-16,100,100,0,0,100,11.31,11.35,5.0,0.0,0.01,1.0,6.01,FILLED,Top-K目标建仓/加仓,
ORD_000141,,600000.SH,BUY,2026-01-15,2026-01-16,7200,7200,0,0,7200,11.16,11.2,20.16,0.0,0.81,72.0,92.97,FILLED,Top-K目标建仓/加仓,
ORD_000142,,600000.SH,SELL,2026-01-27,2026-01-28,7200,7200,0,0,7200,10.2,10.19,18.34,36.68,0.73,72.0,127.75,FILLED,触发个股硬止损 (浮亏: -8.93% <= -8.0%),
ORD_000143,,000001.SZ,BUY,2026-02-12,2026-02-13,100,100,0,0,100,10.96,10.97,5.0,0.0,0.01,1.0,6.01,FILLED,Top-K目标建仓/加仓,
ORD_000144,,600000.SH,BUY,2026-02-12,2026-02-13,7900,7900,0,0,7900,9.98,9.99,19.73,0.0,0.79,79.0,99.52,FILLED,Top-K目标建仓/加仓,
ORD_000146,,600000.SH,SELL,2026-03-20,2026-03-23,200,200,0,0,200,10.28,10.22,5.0,1.02,0.02,2.0,8.04,FILLED,Top-K目标再平衡减仓,
ORD_000145,,000001.SZ,BUY,2026-03-20,2026-03-23,200,200,0,0,200,10.77,10.69,5.0,0.0,0.02,2.0,7.02,FILLED,Top-K目标建仓/加仓,
ORD_000147,,000001.SZ,SELL,2026-03-23,2026-03-24,7400,7400,0,0,7400,10.45,10.51,19.44,38.89,0.78,74.0,133.11,FILLED,触发个股硬止损 (浮亏: -8.73% <= -8.0%),
ORD_000148,,000001.SZ,BUY,2026-04-20,2026-04-21,7100,7100,0,0,7100,11.06,11.05,19.61,0.0,0.78,71.0,91.39,FILLED,Top-K目标建仓/加仓,
ORD_000149,,600000.SH,BUY,2026-04-20,2026-04-21,400,400,0,0,400,9.78,9.79,5.0,0.0,0.04,4.0,9.04,FILLED,Top-K目标建仓/加仓,
ORD_000150,,600000.SH,SELL,2026-05-06,2026-05-07,8100,8100,0,0,8100,9.18,9.17,18.57,37.14,0.74,81.0,137.45,FILLED,触发个股硬止损 (浮亏: -8.02% <= -8.0%),
ORD_000151,,000001.SZ,BUY,2026-05-21,2026-05-22,200,200,0,0,200,10.7,10.71,5.0,0.0,0.02,2.0,7.02,FILLED,Top-K目标建仓/加仓,
ORD_000152,,600000.SH,BUY,2026-05-21,2026-05-22,8800,8800,0,0,8800,8.86,8.89,19.56,0.0,0.78,88.0,108.34,FILLED,Top-K目标建仓/加仓,
ORD_000153,,000001.SZ,SELL,2026-05-22,2026-05-25,7300,7300,0,0,7300,10.68,10.67,19.47,38.95,0.78,73.0,132.2,FILLED,"触发跟踪止盈 (最高浮盈: 5.07%, 自高点回撤: 7.93%)",
ORD_000154,,600000.SH,SELL,2026-06-18,2026-06-22,8800,8800,0,0,8800,9.09,9.02,19.84,39.69,0.79,88.0,148.32,FILLED,"触发跟踪止盈 (最高浮盈: 9.34%, 自高点回撤: 6.48%)",
ORD_000155,,000001.SZ,BUY,2026-06-18,2026-06-22,7400,7400,0,0,7400,10.52,10.53,19.48,0.0,0.78,74.0,94.26,FILLED,Top-K目标建仓/加仓,
ORD_000156,,000001.SZ,SELL,2026-07-17,2026-07-20,100,100,0,0,100,10.78,10.74,5.0,0.54,0.01,1.0,6.55,FILLED,Top-K目标再平衡减仓,
ORD_000157,,600000.SH,BUY,2026-07-17,2026-07-20,8900,8900,0,0,8900,8.87,8.86,19.71,0.0,0.79,89.0,109.5,FILLED,Top-K目标建仓/加仓,
ORD_000158,,600000.SH,SELL,2026-08-07,2026-08-10,8900,8900,0,0,8900,9.21,9.19,20.45,40.9,0.82,89.0,151.17,FILLED,"触发跟踪止盈 (最高浮盈: 9.71%, 自高点回撤: 5.25%)",
ORD_000159,,000001.SZ,SELL,2026-08-14,2026-08-17,200,200,0,0,200,11.11,11.19,5.0,1.12,0.02,2.0,8.14,FILLED,Top-K目标再平衡减仓,
ORD_000160,,600000.SH,BUY,2026-08-14,2026-08-17,8700,8700,0,0,8700,9.1,9.1,19.79,0.0,0.79,87.0,107.58,FILLED,Top-K目标建仓/加仓,
ORD_000161,,000001.SZ,SELL,2026-08-18,2026-08-19,7100,7100,0,0,7100,11.05,11.07,19.65,39.3,0.79,71.0,130.74,FILLED,"触发跟踪止盈 (最高浮盈: 10.73%, 自高点回撤: 5.23%)",
