,classification_rankic,regression_rankic,lambdarank_rankic,reg_minus_clf,rank_minus_clf
2023-07-03,0.284112857236344,0.2003923423266867,0.19440201183542588,-0.08372051490965729,-0.08971084540091812
2023-07-04,0.31833415913319063,0.22706369298046708,0.21690801836080292,-0.09127046615272355,-0.10142614077238771
2023-07-05,0.3074532332401583,0.25668214230321,0.19116690194172037,-0.05077109093694826,-0.1162863312984379
2023-07-06,0.3099381117540924,0.26228381369338305,0.2111417539988969,-0.047654298060709366,-0.09879635775519552
2023-07-07,0.23042786915916622,0.16845410406923883,0.16866395344638577,-0.061973765089927385,-0.06176391571278045
2023-07-10,0.1675134235387843,0.1454729836970192,0.12422015914965144,-0.022040439841765097,-0.04329326438913285
2023-07-11,0.2353651126048221,0.15953435073683161,0.16122308749427394,-0.07583076186799048,-0.07414202511054815
2023-07-12,0.2271160997218901,0.13791594759570422,0.16921858358619565,-0.08920015212618587,-0.05789751613569444
2023-07-13,0.2893434761823148,0.21706928218505284,0.22595128075744875,-0.07227419399726198,-0.06339219542486607
2023-07-14,0.3224580492454119,0.24532140593105425,0.2387579151219201,-0.07713664331435763,-0.08370013412349178
2023-07-17,0.26624066241109284,0.2097937147416375,0.18706383965321643,-0.05644694766945535,-0.07917682275787641
2023-07-18,0.3004882698038049,0.18074580012343788,0.16334782729110814,-0.119742469680367,-0.13714044251269675
2023-07-19,0.33129049145998307,0.21394336785086598,0.16155356324847853,-0.11734712360911709,-0.16973692821150455
2023-07-20,0.24287308571011115,0.1424383706646089,0.1081157386611371,-0.10043471504550225,-0.13475734704897405
2023-07-21,0.26620640010470525,0.11936374146251257,0.1000787859991394,-0.1468426586421927,-0.16612761410556587
2023-07-24,0.2801524536495692,0.10672115095758852,0.11255676843061857,-0.17343130269198068,-0.16759568521895063
2023-07-25,0.1990487953117325,0.026848754338858805,0.02288323101592805,-0.1722000409728737,-0.17616556429580446
2023-07-26,0.2203009129335363,-0.009578246988387312,-0.0049900915679816134,-0.2298791599219236,-0.2252910045015179
2023-07-27,0.14297191458252584,-0.004272151898911651,-0.0061490941479835255,-0.14724406648143748,-0.14912100873050937
2023-07-28,0.09696448861059478,-0.03236565068236046,0.0016308810052890418,-0.12933013929295525,-0.09533360760530574
2023-07-31,0.08979638580122844,-0.0844913172013001,-0.04565824572744964,-0.17428770300252855,-0.1354546315286781
2023-08-01,-0.014648913835322002,-0.10173692168405964,-0.07582013932572924,-0.08708800784873763,-0.06117122549040724
2023-08-02,-0.04270990617549206,-0.0696844583421234,-0.10490153619843882,-0.026974552166631346,-0.06219163002294677
2023-08-03,-0.011861134742490679,-0.019242558560865528,-0.04101499072318953,-0.007381423818374849,-0.02915385598069885
2023-08-04,0.02749797308935847,-0.07257462878655109,-0.14491154863452413,-0.10007260187590956,-0.1724095217238826
2023-08-07,0.0723732553030374,-0.019362647171571764,-0.1330597287013752,-0.09173590247460917,-0.2054329840044126
2023-08-08,0.10086851103800255,0.016505912320482458,-0.0945705335535844,-0.0843625987175201,-0.19543904459158695
2023-08-09,0.07382255550383406,0.024227537432239744,-0.045181802670437615,-0.04959501807159431,-0.11900435817427167
2023-08-10,0.06406091701738512,0.006977488293941849,-0.10073573590595547,-0.05708342872344327,-0.1647966529233406
2023-08-11,0.026185365420291547,-0.028068908252490615,-0.13449619164444385,-0.05425427367278216,-0.1606815570647354
2023-08-14,0.04189628765899952,0.05092166242483091,-0.09609146897282489,0.009025374765831394,-0.13798775663182442
2023-08-15,0.04969577239363114,0.044984601453651074,-0.05209401066251308,-0.004711170939980067,-0.10178978305614422
2023-08-16,0.06847078203010407,0.050231032906534794,-0.011968054340935695,-0.018239749123569272,-0.08043883637103977
2023-08-17,0.12637830434440603,0.10203848150434175,-0.0059171652391991365,-0.02433982284006428,-0.13229546958360516
2023-08-18,0.08865222178868702,0.07322869221682271,0.007137569827636215,-0.015423529571864311,-0.0815146519610508
2023-08-21,0.11493594438936823,0.09725844562053265,-0.006050891901559481,-0.01767749876883558,-0.12098683629092771
2023-08-22,0.11536204926035433,0.11352553592915046,0.004200502505587251,-0.0018365133312038678,-0.11116154675476708
2023-08-23,0.10544195967924781,0.1059397430787267,-0.0032038201529726953,0.0004977833994788822,-0.10864577983222051
2023-08-24,0.13644465837185948,0.10992557361252883,0.025775402108766828,-0.026519084759330652,-0.11066925626309265
2023-08-25,0.12326867466896974,0.12796526126169314,0.08023503943525068,0.004696586592723401,-0.04303363523371906
2023-08-28,0.09002882236419514,0.06341429106192235,0.04318399180248048,-0.026614531302272787,-0.04684483056171466
2023-08-29,0.10180367620401824,0.05380050014587009,-0.021195474180775026,-0.048003176058148155,-0.12299915038479327
2023-08-30,0.07513689062920689,0.04360092491577796,-0.022659702886084845,-0.03153596571342893,-0.09779659351529174
2023-08-31,0.09391722720436102,0.08560131780470763,0.03247476861497862,-0.00831590939965339,-0.0614424585893824
2023-09-01,0.09707107588532986,0.06991444449071565,0.027080606705040016,-0.027156631394614203,-0.06999046918028984
2023-09-04,0.10332430464341796,0.10190072054820296,0.07462662952494396,-0.001423584095215008,-0.028697675118474
2023-09-05,-0.055788325670048426,-0.048030464979617514,-0.015544635420390583,0.007757860690430912,0.04024369024965784
2023-09-06,0.024173028578517268,0.008171962409250545,0.07082937328441007,-0.016001066169266723,0.0466563447058928
2023-09-07,0.008107183621277374,0.014595334934317984,0.08538706277311296,0.00648815131304061,0.0772798791518356
2023-09-08,0.02233398016698514,-0.00940185177473313,0.06714305101403864,-0.03173583194171827,0.0448090708470535
2023-09-11,0.05644330180140136,0.0478069804558391,0.04942388599455448,-0.008636321345562262,-0.007019415806846882
2023-09-12,0.009652646322431162,0.013268277514989366,0.013118438705769179,0.003615631192558203,0.0034657923833380164
2023-09-13,-0.04205872887745792,0.023218678590458237,0.028303861051634634,0.06527740746791616,0.07036258992909256
2023-09-14,-0.050274880200820285,0.0017118044521954024,0.05313879316744425,0.05198668465301569,0.10341367336826454
2023-09-15,-0.05963069061235553,-0.04280505466946145,-0.027494391958735008,0.01682563594289408,0.03213629865362052
2023-09-18,-0.04629624595488253,0.008659431849283455,-0.07340962553538163,0.05495567780416598,-0.027113379580499107
2023-09-19,0.018717185004969224,0.044970322206296216,0.027802920760373245,0.026253137201326993,0.009085735755404022
2023-09-20,0.01946677481798628,0.06890736705288501,0.061164364562222524,0.04944059223489873,0.04169758974423625
2023-09-21,0.051406212494978315,0.08933754016201263,0.15541176443385277,0.03793132766703432,0.10400555193887445
2023-09-22,0.07728754300767032,0.1305869194217631,0.2042439435972515,0.05329937641409277,0.1269564005895812
2023-09-25,0.04121194566182801,0.11014522461102656,0.20968300040280877,0.06893327894919855,0.16847105474098076
2023-09-26,0.02787726415289701,0.11259481121277105,0.23688630191312007,0.08471754705987404,0.20900903776022306
2023-09-27,0.07325662410368322,0.10347405612169128,0.1886246811166199,0.030217432018008056,0.11536805701293668
2023-09-28,0.03183322365121965,0.07125909475643967,0.16736042878683652,0.03942587110522002,0.13552720513561686
2023-10-09,0.04887575749282233,0.13136170009565404,0.24532258496161924,0.08248594260283171,0.1964468274687969
2023-10-10,0.04745739265700212,0.1295778080068112,0.20508129723330246,0.08212041534980909,0.15762390457630032
2023-10-11,0.04330811362951885,0.14282085841657516,0.2388031138516222,0.09951274478705631,0.19549500022210337
2023-10-12,-0.03060994410934764,0.030145018881577192,0.15253785712427803,0.06075496299092483,0.18314780123362567
2023-10-13,-0.0626499197431602,-0.010610139717999177,0.13079323983785032,0.05203978002516102,0.19344315958101052
2023-10-16,-0.00944370455958656,0.0629957435308425,0.19792912979626964,0.07243944809042906,0.2073728343558562
2023-10-17,-0.05312765170470616,0.0576486471940169,0.1597502801149357,0.11077629889872306,0.21287793181964185
2023-10-18,0.014069363834857353,0.13267975106128382,0.20826651832800347,0.11861038722642647,0.19419715449314612
2023-10-19,0.023497498851715263,0.09839326018970576,0.19083736812603083,0.0748957613379905,0.16733986927431557
2023-10-20,0.01954244012998218,0.10561523306103479,0.18739163162908537,0.0860727929310526,0.16784919149910318
2023-10-23,0.12767323325611302,0.2557923823287249,0.27058341518751866,0.1281191490726119,0.14291018193140564
2023-10-24,0.12745272391789597,0.2385791615087912,0.29833784048499,0.11112643759089522,0.17088511656709404
2023-10-25,0.05353464517048237,0.20826652897554346,0.22178544711442477,0.1547318838050611,0.1682508019439424
2023-10-26,0.021613757940662687,0.2220604780829634,0.17985837679740607,0.2004467201423007,0.15824461885674337
2023-10-27,0.009729079044645001,0.17757099672424212,0.13955758825840778,0.1678419176795971,0.12982850921376277
2023-10-30,0.05842574292686893,0.21000644825950382,0.10818490308610057,0.1515807053326349,0.04975916015923164
2023-10-31,0.1435620230795307,0.205400493984255,0.13378188478694933,0.0618384709047243,-0.00978013829258137
2023-11-01,0.13021044050291253,0.18881074309316626,0.11500727273427108,0.05860030259025373,-0.015203167768641446
2023-11-02,0.09271111839926735,0.1760535427302522,0.09609346900423525,0.08334242433098485,0.0033823506049679014
2023-11-03,0.10765881862957748,0.21381936462244772,0.08060180967368191,0.10616054599287024,-0.027057008955895565
2023-11-06,0.13663669922364724,0.20283144965532401,0.13767295072541966,0.06619475043167677,0.0010362515017724172
2023-11-07,0.14713553416239664,0.20303531766086275,0.17276444379303305,0.05589978349846611,0.02562890963063641
2023-11-08,0.1432613103927533,0.2175277789993255,0.15479133327005765,0.07426646860657218,0.011530022877304341
2023-11-09,0.13448614940795986,0.2728689080471899,0.1407670812236093,0.13838275863923002,0.006280931815649454
2023-11-10,0.17180615226694101,0.25198697557539207,0.10821478991646487,0.08018082330845105,-0.06359136235047615
2023-11-13,0.1437977249809085,0.23851580464418795,0.0954129973752907,0.09471807966327944,-0.04838472760561781
2023-11-14,0.18051422568299536,0.2153828621900946,0.10503172571647443,0.03486863650709923,-0.07548249996652093
2023-11-15,0.15521832583460757,0.20890868993256062,0.103803430591645,0.05369036409795305,-0.05141489524296257
2023-11-16,0.1405585445507636,0.2214258165682048,0.06848345197375967,0.08086727201744118,-0.07207509257700394
2023-11-17,0.13331142307150923,0.193632477891804,0.0722657910837763,0.06032105482029476,-0.061045631987732926
2023-11-20,0.10759167669614629,0.13971504152063458,0.045920470762881874,0.032123364824488285,-0.06167120593326442
2023-11-21,0.05994235387210438,0.11008476617039548,-0.0197937400383163,0.0501424122982911,-0.07973609391042068
2023-11-22,0.027631903352353,0.10145731625225632,0.001156336208876536,0.07382541289990333,-0.026475567143476465
2023-11-23,0.010015815470074291,0.06138354419926463,-0.000626429865291545,0.05136772872919034,-0.010642245335365836
2023-11-24,0.02086855972327037,0.05665584036369377,-0.009100095852520666,0.0357872806404234,-0.029968655575791037
2023-11-27,0.01970022864925867,0.04886443064741741,-0.018145558296270823,0.02916420199815874,-0.037845786945529494
2023-11-28,0.030486720490338175,0.054006153535297224,-0.0048138199236967254,0.02351943304495905,-0.0353005404140349
2023-11-29,0.04133023535972718,0.04709656478859636,-0.013953599628777118,0.005766329428869184,-0.055283834988504296
2023-11-30,0.05209038784598842,0.07442451468446105,-0.007290582326078084,0.022334126838472634,-0.059380970172066505
2023-12-01,0.041580132524352255,0.04425585763819992,0.03955515782793181,0.0026757251138476643,-0.002024974696420448
2023-12-04,0.08284392144827595,0.0806460260458866,0.08281939487705127,-0.0021978954023893493,-2.452657122467561e-05
2023-12-05,0.10350195113957683,0.06992397812723927,0.08845892294188001,-0.03357797301233756,-0.015043028197696817
2023-12-06,0.11279905356840902,0.06616631709682698,0.08845996846266445,-0.046632736471582045,-0.024339085105744576
2023-12-07,0.14145996302815603,-0.0005191446202115079,0.08792531009475349,-0.14197910764836755,-0.05353465293340254
2023-12-08,0.1502585659896907,-0.05989144711693932,0.11062093699838375,-0.21015001310663,-0.03963762899130695
2023-12-11,0.18862053755842303,-0.10715459376730373,0.12162158922000438,-0.29577513132572675,-0.06699894833841866
2023-12-12,0.20781188627887576,-0.05714849940691457,0.10931253836884021,-0.26496038568579033,-0.09849934791003555
2023-12-13,0.19329294058234728,0.009864127819551892,0.12809903093848748,-0.18342881276279538,-0.0651939096438598
2023-12-14,0.2017992371106449,0.00467676968783859,0.12631712243012355,-0.1971224674228063,-0.07548211468052135
2023-12-15,0.19086271188012938,0.0011953879912698655,0.10860298516321136,-0.1896673238888595,-0.08225972671691802
2023-12-18,0.18777315779167464,0.005527926821386165,0.1328117455484252,-0.18224523097028847,-0.054961412243249436
2023-12-19,0.20572038699625483,-0.009489944176039307,0.16658723463092284,-0.21521033117229413,-0.03913315236533199
2023-12-20,0.1290897512548117,-0.022789173847592246,0.07522952925307388,-0.15187892510240394,-0.05386022200173782
2023-12-21,0.1502232441921623,-0.0028238523387971648,0.10438533069665962,-0.15304709653095946,-0.045837913495502675
2023-12-22,0.07058892507010117,-0.05138350170679397,0.0319619515583068,-0.12197242677689514,-0.03862697351179437
2023-12-25,0.032746864399184124,0.02792924153765906,0.024361394968376866,-0.004817622861525064,-0.008385469430807257
2023-12-26,0.09915634730349651,-0.13136128378639786,-0.04432446965258608,-0.23051763108989437,-0.14348081695608259
2023-12-27,0.11863376655591318,-0.05701264326876721,-0.02427939533907748,-0.17564640982468038,-0.14291316189499065
2023-12-28,0.1582752937300952,-0.058725842651397776,-0.044776698977471316,-0.21700113638149296,-0.20305199270756652
2023-12-29,0.22096009635533512,-0.04128851979350562,0.0010174049918508737,-0.26224861614884076,-0.21994269136348424
2024-01-02,0.15274155120822933,-0.09080919756960758,-0.04903921078392576,-0.2435507487778369,-0.20178076199215508
2024-01-03,0.13499805024439704,-0.16498426373032585,-0.08327819764330127,-0.29998231397472286,-0.2182762478876983
2024-01-04,0.1271437334877051,-0.1545096122134794,-0.09357741522439478,-0.2816533457011845,-0.22072114871209988
2024-01-05,0.01551337593145649,-0.2065026157721496,-0.11663599198041853,-0.22201599170360609,-0.132149367911875
2024-01-08,-0.08708535712419269,-0.3038631296144919,-0.16521906643550216,-0.21677777249029923,-0.07813370931130947
2024-01-09,-0.08885616993698216,-0.2516323050589414,-0.17563514016696227,-0.16277613512195926,-0.08677897022998012
2024-01-10,-0.04286405457262887,-0.19695137480372382,-0.1663778117408202,-0.15408732023109495,-0.12351375716819132
2024-01-11,-0.02475532448235277,-0.17249679963255005,-0.16659585450827807,-0.14774147515019728,-0.1418405300259253
2024-01-12,-0.08161340542350623,-0.21262440895262497,-0.20129536632899295,-0.13101100352911874,-0.11968196090548672
2024-01-15,-0.09005718238073293,-0.24058011641904262,-0.22290417214092062,-0.15052293403830969,-0.1328469897601877
2024-01-16,-0.08122292324931171,-0.22292971238433276,-0.2282542138555978,-0.14170678913502105,-0.14703129060628609
2024-01-17,-0.13472911641668575,-0.21550256785156113,-0.2305141676033488,-0.08077345143487538,-0.09578505118666306
2024-01-18,-0.1390452127343418,-0.23127153999637223,-0.18122250250328478,-0.09222632726203042,-0.04217728976894297
2024-01-19,-0.09430125410703981,-0.15377131483657128,-0.1541009126425116,-0.05947006072953147,-0.0597996585354718
2024-01-22,0.0055092513281315356,0.052047553813066826,-0.059088034124869,0.04653830248493529,-0.06459728545300053
2024-01-23,-0.11155578040955229,-0.125292252894932,-0.15735090788039788,-0.013736472485379722,-0.04579512747084559
2024-01-24,-0.017097109940046918,0.028165749642259708,-0.10894247392904582,0.04526285958230662,-0.09184536398899891
2024-01-25,-0.028943993585409195,0.05246598031832932,-0.06842211072344868,0.08140997390373851,-0.03947811713803949
2024-01-26,-0.04444983421864859,0.05834281505422445,-0.059676393915035215,0.10279264927287304,-0.015226559696386623
2024-01-29,-0.0715959657773925,0.06628525256707933,-0.07655686256224495,0.1378812183444718,-0.004960896784852453
2024-01-30,0.023422841364195236,0.18492451838458496,-0.014003424044864586,0.16150167702038973,-0.03742626540905982
2024-01-31,0.0934999629548982,0.18811715653661096,0.04184664944088926,0.09461719358171276,-0.05165331351400893
2024-02-01,0.038984139504352755,0.17943221884916633,0.05325075336713021,0.14044807934481357,0.014266613862777458
2024-02-02,0.20343903262459898,0.3380681261880268,0.12186962845160243,0.1346290935634278,-0.08156940417299655
2024-02-05,0.2847046340186203,0.4157423610014513,0.19295698895563898,0.131037726982831,-0.0917476450629813
2024-02-06,0.23772198811808148,0.341341734057976,0.167796856134035,0.10361974593989454,-0.06992513198404648
2024-02-07,0.08913893618969461,0.20938196314358565,0.07311446514237989,0.12024302695389104,-0.01602447104731472
2024-02-08,0.07687170414229111,0.2076630036413563,0.09729103643580977,0.13079129949906518,0.020419332293518666
2024-02-19,0.14420183025295838,0.25026011767879863,0.15139920317984043,0.10605828742584025,0.007197372926882051
2024-02-20,0.14326355340234265,0.2583226969029377,0.1875935771374452,0.11505914350059504,0.04433002373510256
2024-02-21,0.17869407701132003,0.26601653462292524,0.19597554234222078,0.0873224576116052,0.017281465330900747
2024-02-22,0.15542876852310422,0.23382781828250693,0.1827435149715915,0.0783990497594027,0.027314746448487276
2024-02-23,0.08624806028100034,0.17975079558298282,0.12598029481861578,0.09350273530198248,0.03973223453761544
2024-02-26,-0.01244901135186238,0.04965835446967708,0.016814741828596498,0.06210736582153946,0.02926375318045888
2024-02-27,-0.026218386468925013,0.00952569408945248,0.02683901804218986,0.035744080558377495,0.053057404511114875
2024-02-28,-0.03624059456407893,0.0030524732006800936,0.03526279792677394,0.03929306776475902,0.07150339249085287
2024-02-29,0.040829432516657216,0.01627218777984832,0.070987556613178,-0.024557244736808898,0.030158124096520786
2024-03-01,0.049049757568397,0.010357705776990477,0.115823874804658,-0.03869205179140653,0.066774117236261
2024-03-04,0.05269175903853756,0.03159919313704314,0.046659406289174046,-0.02109256590149442,-0.0060323527493635135
2024-03-05,0.07368571005944291,0.039834246346499465,0.07081522057380896,-0.033851463712943446,-0.0028704894856339536
2024-03-06,0.08409302785801807,0.005618919860593123,0.0920690401899771,-0.07847410799742495,0.00797601233195902
2024-03-07,0.03788788914331063,0.018674972769988977,0.09268824470265571,-0.01921291637332165,0.054800355559345086
2024-03-08,0.0759126501582245,-0.016582364910750262,0.07999890467218118,-0.09249501506897476,0.00408625451395668
2024-03-11,0.09382006459307526,-0.016642474867084745,0.1394546965223218,-0.11046253946016,0.04563463192924655
2024-03-12,0.14478496808113853,0.042009375100894426,0.1297607618531207,-0.10277559298024411,-0.015024206228017839
2024-03-13,0.12923396504983292,0.021594496894159834,0.12278543794125045,-0.10763946815567309,-0.006448527108582472
2024-03-14,0.07913715117528003,0.024480206788969543,0.09783306020296656,-0.05465694438631048,0.01869590902768653
2024-03-15,0.14727178576076655,0.0439462673276989,0.14145653708652314,-0.10332551843306764,-0.005815248674243406
2024-03-18,0.16951386143783095,0.12205795396983864,0.17421871269024086,-0.04745590746799232,0.004704851252409908
2024-03-19,0.17349207487665813,0.0893844641287956,0.16467482605612524,-0.08410761074786254,-0.008817248820532891
2024-03-20,0.22340939193739823,0.1114763333611083,0.23115372507190374,-0.11193305857628992,0.00774433313450551
2024-03-21,0.18211572804857212,0.0846093111566846,0.22070457125761617,-0.09750641689188752,0.038588843209044044
2024-03-22,0.21942494520259603,0.060719476002954485,0.24055528592050507,-0.15870546919964154,0.021130340717909035
2024-03-25,0.20254162028603734,0.10244475748854583,0.2466379581106084,-0.10009686279749151,0.044096337824571064
2024-03-26,0.1544239688072801,0.06421993247002207,0.17648180037736816,-0.09020403633725803,0.02205783157008806
2024-03-27,0.031825922435079965,-0.004043201032245546,0.061916712352478934,-0.035869123467325514,0.03009078991739897
2024-03-28,0.03398385284337833,-0.007283238155748223,0.0353184679775054,-0.04126709099912655,0.0013346151341270748
2024-03-29,0.05155769559613734,-0.027124823921307537,0.05517603120113726,-0.07868251951744487,0.0036183356049999185
2024-04-01,0.062375859501122774,-0.022087578986884977,0.10135213541698405,-0.08446343848800775,0.03897627591586128
2024-04-02,0.07317668924430991,-0.03449653082864602,0.13190884970556271,-0.10767322007295593,0.058732160461252805
2024-04-03,0.05054484583130001,0.018360710236880448,0.08887691106963419,-0.032184135594419565,0.03833206523833418
2024-04-08,0.06704924989999632,0.07850160939045255,0.08974549899505868,0.011452359490456226,0.022696249095062362
2024-04-09,0.09844689407486992,0.044662321012149314,0.08484312361913512,-0.05378457306272061,-0.013603770455734798
2024-04-10,0.07613172032828998,0.047587294861221104,0.0806255111321266,-0.028544425467068875,0.00449379080383662
2024-04-11,0.11416345273994265,0.07466529418568647,0.11684377900933751,-0.039498158554256174,0.0026803262693948643
2024-04-12,0.0589679180064965,0.10925884871982311,0.09507693992915968,0.05029093071332661,0.03610902192266318
2024-04-15,0.06065228952245744,0.10245801519673514,0.0946137964821585,0.041805725674277705,0.03396150695970106
2024-04-16,0.03989801392848811,0.15460006125735398,0.10384525995392213,0.11470204732886588,0.06394724602543403
2024-04-17,0.028883198048632066,0.10192663231710043,0.061363804281814295,0.07304343426846836,0.03248060623318223
2024-04-18,0.026581685037615856,0.08423285177972653,0.06496796655324105,0.057651166742110675,0.0383862815156252
2024-04-19,0.03853381435297715,0.09865895605188851,0.017231609149474945,0.060125141698911366,-0.021302205203502202
2024-04-22,0.006004537270445898,0.04773899566203466,0.023728722663128917,0.041734458391588763,0.017724185392683018
2024-04-23,0.02418095187494176,0.0605411543660158,0.05195711197640393,0.03636020249107404,0.02777616010146217
2024-04-24,0.0037736868877441304,-0.015010695972147476,0.049366465476191744,-0.018784382859891608,0.04559277858844761
2024-04-25,0.03171700558392638,0.07895021761264362,0.09817035040501437,0.04723321202871724,0.066453344821088
2024-04-26,0.14203212391564649,0.03542717951369666,0.14910442859208384,-0.10660494440194983,0.007072304676437352
2024-04-29,0.19022207005474293,0.13340354251882502,0.1680547364663527,-0.0568185275359179,-0.022167333588390237
2024-04-30,0.14529914431561608,0.0913777891718653,0.1787911419093402,-0.05392135514375078,0.03349199759372412
2024-05-06,0.13442002266632563,0.08410629964259443,0.09927684992147971,-0.0503137230237312,-0.03514317274484592
2024-05-07,0.08883767142686944,0.0007285467955535366,0.045941899200042914,-0.0881091246313159,-0.04289577222682652
2024-05-08,0.04287507477369976,0.02359131765342093,0.0692810384145022,-0.019283757120278834,0.026405963640802436
2024-05-09,0.07675989798252242,0.004278275294330804,0.010259773085127818,-0.07248162268819161,-0.0665001248973946
2024-05-10,0.09443115099310183,0.031449387018347645,0.04804154675707869,-0.06298176397475419,-0.04638960423602314
2024-05-13,0.1368151837393648,0.10021509416957051,0.026578559049420077,-0.036600089569794284,-0.11023662468994472
2024-05-14,0.09092407658663806,0.08732613245145364,-0.043562751870851804,-0.003597944135184425,-0.13448682845748988
2024-05-15,0.11943852103292865,0.13015697587942077,0.0001806884754771313,0.010718454846492115,-0.11925783255745152
2024-05-16,0.09082994075532064,0.12739812510260873,-0.04823545639124869,0.03656818434728809,-0.13906539714656932
2024-05-17,0.035392958374458106,0.12303604307262671,-0.04674054326139439,0.0876430846981686,-0.0821335016358525
2024-05-20,0.054031949616012515,0.12497827085673943,-0.04511072439848214,0.07094632124072692,-0.09914267401449466
2024-05-21,0.06380649452426196,0.09756138340073614,-0.02964052951420848,0.03375488887647418,-0.09344702403847044
2024-05-22,0.04551439479179431,0.041646927201077925,-0.04135388793129031,-0.003867467590716385,-0.08686828272308461
2024-05-23,0.03923897531848307,0.03385944388194459,-0.03782431782969141,-0.005379531436538479,-0.07706329314817448
2024-05-24,0.023984782429648747,0.06214228489958723,-0.05366508187766887,0.03815750246993849,-0.07764986430731761
2024-05-27,0.029350701641202123,0.056292260968321996,-0.049912484710171484,0.026941559327119873,-0.07926318635137361
2024-05-28,0.019397561374505864,0.08695593423309549,-0.03444825176809877,0.06755837285858962,-0.053845813142604636
2024-05-29,0.09804248271088575,0.08692011601730285,0.010854784105331979,-0.011122366693582908,-0.08718769860555378
2024-05-30,0.0812250438109413,0.024025162981024042,0.007866422032338748,-0.057199880829917255,-0.07335862177860256
2024-05-31,0.07709534989941812,0.024456360548348353,-0.011130620055005109,-0.05263898935106977,-0.08822596995442322
2024-06-03,0.1373960956199585,0.045677500329962144,0.02650577638307759,-0.09171859528999635,-0.1108903192368809
2024-06-04,0.14279065911553526,0.028155033619372816,0.03966927139009348,-0.11463562549616245,-0.10312138772544178
2024-06-05,0.18375692926135562,0.04694451385411137,0.075289292997759,-0.13681241540724426,-0.10846763626359662
2024-06-06,0.15691705629500094,0.05286263301036709,0.07308887896067401,-0.10405442328463385,-0.08382817733432693
2024-06-07,0.15465080140800083,0.035126601957084995,0.03763106618504306,-0.11952419945091583,-0.11701973522295778
2024-06-11,0.12581086264050362,0.019228873130592933,0.054919641615720695,-0.10658198950991069,-0.07089122102478293
2024-06-12,0.11770622913373663,0.05383871038295745,0.08046988446190895,-0.06386751875077917,-0.03723634467182768
2024-06-13,0.12831902591670433,0.03503262758811643,0.07369277726638235,-0.0932863983285879,-0.05462624865032198
2024-06-14,0.14594638296255613,0.0552394942878672,0.1059190470521393,-0.09070688867468893,-0.040027335910416836
2024-06-17,0.17447968079402873,0.058721456140749265,0.11734439239720378,-0.11575822465327947,-0.057135288396824954
2024-06-18,0.1788590607566132,0.049280715966700195,0.09385052149266937,-0.129578344789913,-0.08500853926394383
2024-06-19,0.2274802126951406,0.04679927878779207,0.144386421427942,-0.18068093390734852,-0.0830937912671986
2024-06-20,0.19463865956420476,0.06606959367925802,0.1508610529886371,-0.12856906588494674,-0.043777606575567646
2024-06-21,0.18112686570389677,0.07147952222504303,0.15500397257457738,-0.10964734347885374,-0.026122893129319397
2024-06-24,0.08571255491113951,0.05061407881598358,0.10566220876717973,-0.03509847609515593,0.019949653856040223
2024-06-25,0.13768358747844164,0.07923744850649365,0.1401893447360858,-0.05844613897194799,0.0025057572576441534
2024-06-26,0.13300519519700763,0.0718832346642082,0.13592695145570508,-0.06112196053279942,0.00292175625869745
2024-06-27,0.09994685371869175,0.04508029079588084,0.1374546199271793,-0.054866562922810905,0.03750776620848756
2024-06-28,0.09212180998714785,0.07396529423585627,0.11137232598470741,-0.018156515751291583,0.01925051599755956
2024-07-01,0.14792679590374283,0.1045581853839004,0.13457946120266753,-0.043368610519842435,-0.013347334701075297
2024-07-02,0.06537932007839808,0.09788611719263682,0.134332009581918,0.032506797114238734,0.0689526895035199
2024-07-03,-0.032991902477632506,0.05794045085599228,0.06392732764924455,0.09093235333362479,0.09691923012687706
2024-07-04,-0.018313472525416805,0.1151153315340874,0.10884228013344092,0.1334288040595042,0.12715575265885773
2024-07-05,0.10238202405592872,0.14420133917133604,0.18135598669833325,0.04181931511540732,0.07897396264240453
2024-07-08,0.10006173053851718,0.13940971733234575,0.1622633417364119,0.039347986793828574,0.06220161119789473
2024-07-09,0.17445794185683797,0.1595080306202649,0.21370026124243285,-0.014949911236573077,0.03924231938559489
2024-07-10,0.19380962197008583,0.2055060004018002,0.27882959636371407,0.011696378431714366,0.08501997439362824
2024-07-11,0.18579362275545577,0.1884347607616028,0.23710460442567913,0.0026411380061470147,0.051310981670223355
2024-07-12,0.19088701812352935,0.14144955510803323,0.19387333499698864,-0.04943746301549612,0.0029863168734592938
2024-07-15,0.18817927952773567,0.1523741949831417,0.19456579196872711,-0.03580508454459397,0.006386512440991449
2024-07-16,0.19428043230727882,0.1584538827850453,0.23690308773019353,-0.03582654952223352,0.04262265542291471
2024-07-17,0.17554851487114392,0.17477942382236009,0.270393219454169,-0.0007690910487838376,0.09484470458302507
2024-07-18,0.20343221637767114,0.16526275728288203,0.25304896612709676,-0.03816945909478911,0.04961674974942562
2024-07-19,0.20527621890836595,0.13239357828136786,0.2429792418170751,-0.07288264062699809,0.03770302290870914
2024-07-22,0.2424788459902726,0.17285790616904584,0.2613279503878611,-0.06962093982122677,0.018849104397588495
2024-07-23,0.1725925733838134,0.13705365142211837,0.20069963850008868,-0.03553892196169503,0.02810706511627528
2024-07-24,0.10316969962038158,0.10146918206518964,0.10787051647484604,-0.0017005175551919466,0.004700816854464454
2024-07-25,0.11847701916774628,0.040924407756473234,0.10950417242127833,-0.07755261141127304,-0.00897284674646795
2024-07-26,0.1405502468649282,0.01514921911421212,0.11857444328120084,-0.12540102775071607,-0.02197580358372736
2024-07-29,0.08888778365075502,0.01705096306130083,0.08943332177529878,-0.07183682058945419,0.0005455381245437624
2024-07-30,0.12518110602395086,-0.03218998185623221,0.09259346234173951,-0.15737108788018306,-0.03258764368221134
2024-07-31,0.20405619210784254,0.0005772346964555863,0.1993872851989452,-0.20347895741138694,-0.004668906908897347
2024-08-01,0.1559094502478179,0.004517931001381637,0.10860409089322559,-0.15139151924643626,-0.04730535935459232
2024-08-02,-0.006938504552330917,0.014835250846296699,-0.05416430573488048,0.021773755398627616,-0.047225801182549564
2024-08-05,0.07106781762137429,0.016878183124698423,0.03006390431003549,-0.05418963449667587,-0.041003913311338805
2024-08-06,0.10992205675856175,0.00970458312698075,0.021865455360416123,-0.100217473631581,-0.08805660139814563
2024-08-07,0.03664389774976015,0.007715935399149576,-0.018508937155162438,-0.028927962350610577,-0.05515283490492259
2024-08-08,0.043254075976620954,-0.00027941357503401964,-0.012120112772541752,-0.04353348955165497,-0.05537418874916271
2024-08-09,0.04832843430442434,0.025206763135363675,0.03848307614018112,-0.023121671169060668,-0.009845358164243222
2024-08-12,0.06331638846626916,0.07393533432352817,0.07931407609762653,0.010618945857259005,0.015997687631357366
2024-08-13,0.07137655608442997,0.10621996233200905,0.1035215977530243,0.034843406247579076,0.03214504166859433
2024-08-14,0.056294726166697166,0.12948344222843905,0.04248097312614294,0.07318871606174188,-0.013813753040554225
2024-08-15,0.08345185896555582,0.12085619170624629,0.0758637645955933,0.037404332740690466,-0.0075880943699625225
2024-08-16,0.07710845196499731,0.1478641712154025,0.0372428389601438,0.07075571925040518,-0.039865613004853515
2024-08-19,0.06497657013228335,0.12332021350390508,0.03920609844027104,0.058343643371621734,-0.02577047169201231
2024-08-20,0.07375064774274796,0.17693850455691668,0.06484927223390159,0.10318785681416871,-0.00890137550884637
2024-08-21,0.1372732361873068,0.17728008388067407,0.07366800443034428,0.040006847693367265,-0.06360523175696252
2024-08-22,0.09041349878961717,0.15575192575316077,0.002134774439712992,0.0653384269635436,-0.08827872434990418
2024-08-23,0.02318469604617946,0.049007493396515174,-0.02232336346140945,0.025822797350335713,-0.04550805950758891
2024-08-26,-0.0009513376450466589,0.054811289117849625,-0.004055036493434294,0.055762626762896284,-0.003103698848387635
2024-08-27,-0.05504733610973251,-0.0026342215830107924,-0.01474553334640851,0.05241311452672172,0.040301802763324
2024-08-28,-0.1493483906216491,0.0175351797331053,-0.11794598657386411,0.1668835703547544,0.03140240404778498
2024-08-29,-0.09755010749419088,0.1123047035413032,-0.08657396008797258,0.20985481103549408,0.0109761474062183
2024-08-30,-0.11535850769525918,0.11962967273043919,-0.07913949353702342,0.23498818042569836,0.036219014158235766
2024-09-02,-0.11060313984985233,0.0942010372827714,-0.08516357431660378,0.20480417713262372,0.025439565533248554
2024-09-03,-0.153943182423789,0.03599708321257959,-0.13294167545275656,0.18994026563636857,0.021001506971032424
2024-09-04,-0.12680698421666822,0.07063511892338926,-0.146160866552801,0.1974421031400575,-0.019353882336132777
2024-09-05,-0.13053106393927594,0.07835619358218021,-0.13877719351677434,0.20888725752145615,-0.008246129577498401
2024-09-06,-0.13924524280199563,0.08627452538505695,-0.10787527230149677,0.22551976818705258,0.03136997050049886
2024-09-09,-0.10814825063766718,0.09456983165016282,-0.10435472426601887,0.20271808228783,0.0037935263716483147
2024-09-10,-0.12896910165673706,0.09140529322127387,-0.13060253565089525,0.22037439487801092,-0.00163343399415819
2024-09-11,-0.14525317890552644,0.051644905864064256,-0.12570512226341204,0.1968980847695907,0.019548056642114398
2024-09-12,-0.13962456592874042,0.06346817242701022,-0.11170063374209714,0.20309273835575065,0.027923932186643283
2024-09-13,-0.1576100261893157,0.06256555760187724,-0.12760837115770426,0.22017558379119292,0.030001655031611424
2024-09-18,-0.137281719859194,0.07755148784204476,-0.1168481873606023,0.21483320770123876,0.020433532498591686
2024-09-19,-0.11187925399982275,0.1067546745512847,-0.10218755884270134,0.21863392855110747,0.009691695157121413
2024-09-20,-0.10893800334570941,0.11213324264171722,-0.09850301643653074,0.2210712459874266,0.01043498690917867
2024-09-23,-0.07741869659157972,0.1497202903982565,-0.06498653955212856,0.2271389869898362,0.012432157039451164
2024-09-24,-0.08464971439038185,0.14786830141408472,-0.0869671626996952,0.23251801580446657,-0.0023174483093133524
2024-09-25,-0.10460380325132629,0.15125257976612072,-0.10206238911027868,0.255856383017447,0.00254141414104761
2024-09-26,-0.08508021015513664,0.14678717393670818,-0.1005052717267975,0.23186738409184482,-0.015425061571660861
2024-09-27,0.07667709825733833,0.18488556865331568,0.0221438936214507,0.10820847039597735,-0.05453320463588763
2024-09-30,0.04324292541752444,0.11554636113506013,0.03810589130286094,0.0723034357175357,-0.0051370341146635
2024-10-08,0.012623727930486007,0.11596196920672318,0.041669719804995786,0.10333824127623717,0.029045991874509777
2024-10-09,0.085886306010315,0.1900579535688961,0.0924045520373273,0.1041716475585811,0.0065182460270123005
2024-10-10,-0.050504710480829114,0.1389336049147624,-0.005918253892826673,0.1894383153955915,0.04458645658800244
2024-10-11,-0.03335534288064651,0.18709796439567716,-0.002648526847192162,0.22045330727632367,0.03070681603345435
2024-10-14,-0.0920814096458796,0.1581628913843679,-0.02247436811046936,0.25024430103024753,0.06960704153541024
2024-10-15,-0.12194505811149256,0.12293052543054027,-0.027024629545206617,0.24487558354203282,0.09492042856628594
2024-10-16,-0.1262973129675615,0.1155604333238562,-0.042194367953085,0.2418577462914177,0.08410294501447649
2024-10-17,-0.10565135008229871,0.13810991268618386,-0.029951680957964685,0.2437612627684826,0.07569966912433403
2024-10-18,0.005004936570713282,0.18102139119088267,0.1327760760040806,0.1760164546201694,0.12777113943336732
2024-10-21,0.051037471884452366,0.16134177320617998,0.1502026509507824,0.11030430132172761,0.09916517906633002
2024-10-22,0.04238274119741951,0.17977663447462108,0.1639131290134671,0.13739389327720158,0.1215303878160476
2024-10-23,0.025874293320713563,0.190250064385245,0.15853366444721256,0.16437577106453144,0.132659371126499
2024-10-24,0.005277493242288618,0.15539303794337353,0.12786915614025976,0.1501155447010849,0.12259166289797115
2024-10-25,0.08536341594420353,0.1719614838258906,0.2016782833995751,0.08659806788168707,0.11631486745537158
2024-10-28,0.12137394540199249,0.2079686484563159,0.19858608169102668,0.08659470305432342,0.07721213628903419
2024-10-29,0.12557235511527282,0.045131207086486366,0.08174933537879285,-0.08044114802878645,-0.043823019736479965
2024-10-30,0.1058220470483644,0.09273646919502779,0.11473510559042638,-0.01308557785333661,0.00891305854206198
2024-10-31,0.1872371139123134,0.14434533587519596,0.1460473869773361,-0.04289177803711744,-0.0411897269349773
2024-11-01,0.07887290902693886,0.09544045051977108,0.12144495207677668,0.016567541492832225,0.04257204304983782
2024-11-04,0.02359917575499396,0.0866972298265417,0.10958481212392723,0.06309805407154774,0.08598563636893328
2024-11-05,0.17869148255082865,0.1599653055591469,0.133213142939686,-0.018726176991681748,-0.04547833961114264
2024-11-06,0.24437111920018795,0.16780437641983562,0.11225361739897946,-0.07656674278035233,-0.1321175018012085
2024-11-07,0.2317833077702286,0.1672346453668611,0.1201012455922615,-0.06454866240336748,-0.1116820621779671
2024-11-08,0.2052845405392597,0.16977344275772943,0.1305895699576412,-0.035511097781530276,-0.0746949705816185
2024-11-11,0.23782004349805264,0.19047577605044222,0.13546346198421075,-0.047344267447610416,-0.10235658151384189
2024-11-12,0.23900769739857783,0.20133429968904556,0.17614074247999048,-0.037673397709532264,-0.06286695491858735
2024-11-13,0.26344859589244,0.2163582081719402,0.21381650591408508,-0.04709038772049981,-0.04963208997835494
2024-11-14,0.18706818828748878,0.22739939120959327,0.21926341825314488,0.04033120292210449,0.0321952299656561
2024-11-15,0.1679037370078376,0.3128868598080767,0.1625398561113429,0.1449831228002391,-0.005363880896494699
2024-11-18,0.18480534717705338,0.33968837918981554,0.2049174963645875,0.15488303201276216,0.020112149187534123
2024-11-19,0.22209092785534093,0.22948354425178166,0.2125914237979654,0.007392616396440732,-0.00949950405737554
2024-11-20,0.23629461541567415,0.2114861373757113,0.23244387622889184,-0.02480847803996286,-0.0038507391867823038
2024-11-21,0.24276431867628878,0.24285462518384515,0.20751098511476165,9.030650755637026e-05,-0.03525333356152713
2024-11-22,0.17492394247040224,0.2053370906199212,0.1914382554488896,0.030413148149518954,0.01651431297848735
2024-11-25,0.2030400281517852,0.2095052691007296,0.19704833247426132,0.006465240948944406,-0.005991695677523889
2024-11-26,0.20004110777343972,0.1544459809808626,0.17438585932849912,-0.04559512679257713,-0.025655248444940604
2024-11-27,0.2352449793448466,0.12247877674161434,0.2021143943102929,-0.11276620260323225,-0.03313058503455368
2024-11-28,0.20125744829376502,0.12190803070710242,0.16674390063434294,-0.0793494175866626,-0.03451354765942208
2024-11-29,0.21202217028832362,0.13917813480695748,0.2250926068557238,-0.07284403548136614,0.013070436567400173
2024-12-02,0.2631936136131433,0.14340275503828753,0.254407463500589,-0.11979085857485577,-0.008786150112554292
2024-12-03,0.323612204787565,0.16224181460663667,0.28052940996075115,-0.16137039018092836,-0.043082794826813875
2024-12-04,0.2335333946904492,0.19645475226111847,0.30931913035441705,-0.03707864242933073,0.07578573566396785
2024-12-05,0.23327175296886984,0.1575925155321874,0.30100625221791283,-0.07567923743668245,0.06773449924904298
2024-12-06,0.32279215462267585,0.18068863244522182,0.29228534078765017,-0.14210352217745403,-0.03050681383502568
2024-12-09,0.27874120129173285,0.18028105499397087,0.2878566934108138,-0.09846014629776198,0.00911549211908097
2024-12-10,0.26008828431973163,0.1570598897330326,0.25250395523177543,-0.10302839458669905,-0.007584329087956199
2024-12-11,0.2169616851231886,0.15104121338701612,0.18846031670245822,-0.06592047173617249,-0.028501368420730394
2024-12-12,0.23056008513179463,0.16619417862705943,0.20745506699418184,-0.0643659065047352,-0.023105018137612787
2024-12-13,0.22089454828403154,0.10806707479216962,0.17240030299449913,-0.11282747349186192,-0.04849424528953242
2024-12-16,0.15953984361202386,0.04418133434918578,0.11980385314123575,-0.11535850926283808,-0.039735990470788116
2024-12-17,0.19956416944537408,0.08001138730628098,0.1457769991305906,-0.11955278213909311,-0.05378717031478347
2024-12-18,0.1757339358438681,0.10811104218386654,0.1202543148744532,-0.06762289366000156,-0.05547962096941489
2024-12-19,0.11291837400460158,0.1094989544871198,0.10922892310980369,-0.0034194195174817865,-0.0036894508947978993
2024-12-20,0.09718577387636065,0.08419935934021376,0.057811485181545795,-0.012986414536146892,-0.03937428869481486
2024-12-23,0.07274925431886822,0.06152513911371704,0.07512304022291225,-0.01122411520515118,0.0023737859040440235
2024-12-24,0.08874300531150266,0.08368740936992726,0.0810284368259249,-0.005055595941575397,-0.0077145684855777635
2024-12-25,0.09963130019162825,0.11032179467147947,0.09418178851983876,0.010690494479851223,-0.005449511671789489
2024-12-26,0.10931915655833761,0.09765567927338753,0.16335916496116826,-0.011663477284950083,0.054040008402830644
2024-12-27,0.2025374741099475,0.062146378328310076,0.17312793231943366,-0.14039109578163741,-0.029409541790513832
2024-12-30,0.13335601556711257,0.03452072750703415,0.11015223631198276,-0.09883528806007842,-0.023203779255129814
2024-12-31,-0.03576498379602139,-0.08421149677410142,-0.07373855125901477,-0.04844651297808003,-0.03797356746299338
2025-01-02,-0.15012350708232353,-0.17393022113345866,-0.1745579726636116,-0.02380671405113513,-0.024434465581288062
2025-01-03,-0.22980241895929013,-0.17607622460536473,-0.19073971257253491,0.053726194353925394,0.039062706386755214
2025-01-06,-0.1898137115293703,-0.13038748654030918,-0.1254328401403114,0.05942622498906111,0.0643808713890589
2025-01-07,-0.1873719491564436,-0.1587654616897774,-0.12956736035249022,0.02860648746666619,0.057804588803953366
2025-01-08,-0.1451036089535875,-0.21580247541446632,-0.17988285291312467,-0.0706988664608788,-0.03477924395953716
2025-01-09,-0.14940811689844052,-0.2358016332753417,-0.13628206857285624,-0.08639351637690118,0.013126048325584283
2025-01-10,-0.2176955829988762,-0.2429180249986809,-0.1906331722123123,-0.025222441999804696,0.027062410786563906
2025-01-13,-0.14001936055809808,-0.1668819516077502,-0.07652769342086731,-0.026862591049652135,0.06349166713723077
2025-01-14,-0.109949429061733,-0.21422504728341327,-0.09124717929097671,-0.10427561822168027,0.018702249770756282
2025-01-15,-0.14220168675632328,-0.2216369695067341,-0.10308166362089353,-0.07943528275041081,0.03912002313542974
2025-01-16,-0.23631249100450832,-0.2599435560681123,-0.15651678312077288,-0.02363106506360399,0.07979570788373544
2025-01-17,-0.18109544748069534,-0.2523140151611508,-0.15289361183248276,-0.07121856768045548,0.028201835648212575
2025-01-20,-0.1475736644227157,-0.22841848918533986,-0.12941761545814393,-0.08084482476262417,0.018156048964571764
2025-01-21,-0.14444862528096553,-0.23763306298248252,-0.17705324008277795,-0.09318443770151699,-0.032604614801812426
2025-01-22,-0.02287447292683584,-0.1663498788658368,-0.08731666386716322,-0.14347540593900096,-0.06444219094032738
2025-01-23,-0.06853977603890692,-0.1351645369504711,-0.10552143398176528,-0.06662476091156418,-0.03698165794285836
2025-01-24,-0.010051158649741146,-0.11821524952825253,-0.04051617435276542,-0.10816409087851139,-0.030465015703024276
2025-01-27,-0.06614565207235029,-0.15830684252559002,-0.11929438874676389,-0.09216119045323973,-0.053148736674413596
2025-02-05,-0.10426915544086618,-0.15876589631088725,-0.11328032897990736,-0.05449674087002107,-0.009011173539041184
2025-02-06,-0.058534315758613634,-0.08312238062116142,-0.0368731662302415,-0.02458806486254779,0.021661149528372135
2025-02-07,-0.014433244646275491,-0.05278685813295371,0.03445758715625063,-0.03835361348667822,0.04889083180252612
2025-02-10,0.011875448139076544,0.013304330604469563,0.0824035066234867,0.0014288824653930186,0.07052805848441016
2025-02-11,-0.030487521529081227,-0.0671623332611445,0.015443237030536627,-0.03667481173206327,0.045930758559617854
2025-02-12,0.014113027260061115,-0.02535288143187922,0.03244214017078008,-0.03946590869194033,0.018329112910718964
2025-02-13,0.030243881779947107,0.04079150415569983,0.04352009302699295,0.01054762237575272,0.013276211247045845
2025-02-14,0.055148808622441335,0.030080826210939115,-0.002194255850379588,-0.02506798241150222,-0.05734306447282092
2025-02-17,0.047754418280381704,-0.005950220081551442,0.0034646284942384006,-0.05370463836193315,-0.044289789786143306
2025-02-18,-0.05000350019330039,-0.04281745659925913,-0.04854086762280944,0.007186043594041257,0.0014626325704909515
2025-02-19,0.10272107146806811,0.012123084714886106,0.03495570416377222,-0.09059798675318201,-0.06776536730429589
2025-02-20,0.18588095983398578,0.05175453120376821,0.06406944190344414,-0.13412642863021756,-0.12181151793054164
2025-02-21,0.2845649222163616,0.07590239270370897,0.2041951567867542,-0.20866252951265263,-0.08036976542960739
2025-02-24,0.2864926829198374,0.10508139700097206,0.2508295164387692,-0.18141128591886535,-0.03566316648106821
2025-02-25,0.3610158794308106,0.15921578599747224,0.297151125071968,-0.20180009343333835,-0.06386475435884259
2025-02-26,0.3726898414736086,0.21422393985227026,0.29917880940283015,-0.15846590162133836,-0.07351103207077847
2025-02-27,0.30604322054070415,0.25944658102340395,0.1648553551637089,-0.0465966395173002,-0.14118786537699526
2025-02-28,0.3014500059380513,0.208424605697201,0.15186381177309294,-0.09302540024085032,-0.14958619416495839
2025-03-03,0.1615625042249505,0.16848734044404584,0.13322744621614166,0.006924836219095343,-0.02833505800880884
2025-03-04,0.258343051783169,0.21799394061801786,0.16493790889351656,-0.040349111165151164,-0.09340514288965246
2025-03-05,0.29468963819583016,0.24809506294418213,0.16813011518989834,-0.046594575251648035,-0.12655952300593182
2025-03-06,0.38717203583844334,0.25910874149066443,0.15700670020444737,-0.1280632943477789,-0.23016533563399597
2025-03-07,0.3616188953854962,0.20621734281571563,0.14998379629412148,-0.15540155256978055,-0.2116350990913747
2025-03-10,0.4015775034034864,0.16954297767920104,0.1266430535235695,-0.23203452572428537,-0.2749344498799169
2025-03-11,0.30901744421664956,0.12201048443310905,0.1107030605683284,-0.1870069597835405,-0.19831438364832116
2025-03-12,0.32230187641529595,0.11161673078795507,0.11147075481529217,-0.21068514562734086,-0.21083112160000378
2025-03-13,0.29361429183179616,0.09110995277466918,0.12160319525366639,-0.20250433905712698,-0.17201109657812977
2025-03-14,0.3090192794833118,0.15358909682211358,0.1357145466420989,-0.15543018266119824,-0.17330473284121292
2025-03-17,0.27517638918040177,0.11651893623117698,0.13267834538679113,-0.1586574529492248,-0.14249804379361064
2025-03-18,0.2798532312143187,0.1091565849177293,0.106068631677859,-0.17069664629658943,-0.1737845995364597
2025-03-19,0.2782062833620808,0.092291383447797,0.09948120621877306,-0.1859148999142838,-0.17872507714330776
2025-03-20,0.26433856536358824,0.0450340233004622,0.08257274888991546,-0.21930454206312605,-0.1817658164736728
2025-03-21,0.1969106868554645,0.010201205020684175,0.07095448073263377,-0.18670948183478034,-0.12595620612283073
2025-03-24,0.215063025198041,0.04562374597518744,0.07999937071043864,-0.16943927922285357,-0.13506365448760235
2025-03-25,0.17183554821119498,0.01311514247403354,0.05675962495259767,-0.15872040573716145,-0.1150759232585973
2025-03-26,0.20557783266718338,-0.005363539246466165,0.052203983358111786,-0.21094137191364953,-0.1533738493090716
2025-03-27,0.21110390054433859,0.021090235499932983,0.10826107992205093,-0.1900136650444056,-0.10284282062228765
2025-03-28,0.1754609729135019,-0.0068703659870492425,0.09052765620249072,-0.18233133890055114,-0.08493331671101119
2025-03-31,0.17643621198387754,-0.01645330851100821,0.12184103450339591,-0.19288952049488575,-0.054595177480481635
2025-04-01,0.0776192254408485,-0.08262545540055045,0.0256290438615165,-0.16024468084139895,-0.051990181579331995
2025-04-02,-0.00804188245215317,-0.07935783841493387,-0.0069723857067971375,-0.0713159559627807,0.0010694967453560317
2025-04-03,-0.16660709336234164,-0.10650211544334841,-0.07001224112320995,0.06010497791899323,0.0965948522391317
2025-04-07,-0.17134555595606407,-0.04562112972915116,-0.03874425736105427,0.1257244262269129,0.1326012985950098
2025-04-08,-0.20648226968262054,-0.06502074062705065,-0.08421118263805492,0.14146152905556988,0.12227108704456562
2025-04-09,-0.08900620425267784,-0.0005754390244925818,-0.053218629365767475,0.08843076522818526,0.03578757488691037
2025-04-10,-0.03867083638216113,-0.038855964642027604,-0.017189512934756665,-0.00018512825986647524,0.021481323447404464
2025-04-11,-0.02874306346792658,-0.02861913566021249,-0.05829084796476067,0.00012392780771408943,-0.02954778449683409
2025-04-14,0.027780778802023617,-0.04475206578779848,-0.06720518757653461,-0.07253284458982209,-0.09498596637855823
2025-04-15,-0.005252879867388464,-0.01050505334490026,-0.06402008099712057,-0.0052521734775117955,-0.05876720112973211
2025-04-16,-0.045698305795508085,-0.012818595795013972,-0.07659110974694032,0.03287971000049411,-0.030892803951432235
2025-04-17,-0.028531009110253976,0.016341517884981713,-0.05853209501126146,0.04487252699523569,-0.030001085901007488
2025-04-18,-0.029275590067508794,0.005766634282159207,-0.07572433065152409,0.035042224349668,-0.0464487405840153
2025-04-21,0.04943845801920154,0.00046887624217926125,-0.06162989639831816,-0.04896958177702228,-0.1110683544175197
2025-04-22,0.061667830169684634,-0.03019626483845182,-0.048623264754520806,-0.09186409500813646,-0.11029109492420544
2025-04-23,0.05100474296670198,-0.0240614255154464,-0.04769730707734107,-0.07506616848214838,-0.09870205004404306
2025-04-24,0.059630634379081546,0.007724671573926827,-0.01838914191302757,-0.05190596280515472,-0.07801977629210911
2025-04-25,-0.029410227612735346,-0.012260606588953811,-0.06480109514973156,0.017149621023781536,-0.03539086753699622
2025-04-28,-0.0359875076252223,0.07176175879677661,-0.07569135133674365,0.10774926642199892,-0.03970384371152135
2025-04-29,-0.010865336217347615,0.06105364470057328,-0.05210770747561692,0.0719189809179209,-0.0412423712582693
2025-04-30,0.031590470008353966,0.09286308478291025,0.007753925760672558,0.06127261477455628,-0.023836544247681408
2025-05-06,0.05479102953286086,0.07864896591636349,0.027344518862175312,0.02385793638350263,-0.027446510670685546
2025-05-07,-0.012318668807460261,0.04745577562518615,-0.05001586084892284,0.059774444432646415,-0.037697192041462574
2025-05-08,-0.05543511814360329,0.011958610113125547,-0.021498278745032472,0.06739372825672883,0.03393683939857081
2025-05-09,-0.10135594338617314,0.06674861414629085,-0.04972295307664204,0.168104557532464,0.0516329903095311
2025-05-12,-0.04447525950329495,-0.0013225113976766609,0.025873223937191717,0.04315274810561829,0.07034848344048666
2025-05-13,-0.08898741299110074,-0.017094720536693503,-0.01250931503410103,0.07189269245440724,0.07647809795699971
2025-05-14,-0.0518321490691232,0.019465839497914618,0.003943899368626204,0.07129798856703781,0.05577604843774941
2025-05-15,-0.07913989748203598,0.04073757744788083,-0.04888046056713931,0.11987747492991681,0.030259436914896673
2025-05-16,-0.05052778642816152,0.011763390853018718,-0.068452559824873,0.062291177281180235,-0.01792477339671148
2025-05-19,-0.0574931346337692,0.0630259479064796,-0.07566785390752219,0.12051908254024879,-0.01817471927375299
2025-05-20,-0.03809192568440408,0.056785713152080926,-0.06025719304511535,0.094877638836485,-0.02216526736071127
2025-05-21,-0.02588024835934039,0.0701765324652936,-0.024100389325725436,0.09605678082463398,0.0017798590336149528
2025-05-22,-0.050254787106829464,0.04656268414657677,-0.029761136754707842,0.09681747125340623,0.020493650352121622
2025-05-23,-0.045541120072716365,0.047208935625935214,-0.042168501575126444,0.09275005569865158,0.0033726184975899215
2025-05-26,-0.06625839201979898,0.031421640988636104,-0.07548460152122247,0.09768003300843509,-0.009226209501423485
2025-05-27,-0.09612117151470359,0.0036336799048663454,-0.09377332047975522,0.09975485141956994,0.0023478510349483755
2025-05-28,-0.026422055110951324,0.03920469005214768,-0.07766175068770678,0.065626745163099,-0.05123969557675546
2025-05-29,-0.0677122356652083,0.05044559780646603,-0.019851480041363164,0.11815783347167433,0.04786075562384513
2025-05-30,-0.06435988881014222,0.08573966879051623,-0.0541549085075755,0.15009955760065846,0.010204980302566724
2025-06-03,-0.07531648410331497,0.06665650241686272,-0.09431932765304521,0.1419729865201777,-0.01900284354973024
2025-06-04,-0.011644400538142849,0.0941277178565314,-0.0662762981523736,0.10577211839467425,-0.05463189761423075
2025-06-05,-0.05716030802799072,0.030959156382885194,-0.10119958633326885,0.08811946441087591,-0.04403927830527813
2025-06-06,-0.06953903387872552,0.02857711332287603,-0.10797384469258117,0.09811614720160156,-0.03843481081385565
2025-06-09,-0.042500639122169594,0.01021067292253733,-0.07599060635443952,0.05271131204470692,-0.03348996723226993
2025-06-10,-0.06133551084227474,0.05951890110719826,-0.06735829706718043,0.120854411949473,-0.0060227862249056865
2025-06-11,-0.05590987054890074,0.037448626010049994,-0.11268367311197561,0.09335849655895073,-0.05677380256307487
2025-06-12,-0.024968113354693806,0.054928536107409755,-0.08003444385159071,0.07989664946210356,-0.05506633049689691
2025-06-13,-0.0017376537366704458,0.05878067093015793,-0.07633149714236966,0.060518324666828376,-0.0745938434056992
2025-06-16,-0.0056593912997159705,0.026853802877352048,-0.05953460155668704,0.03251319417706802,-0.053875210256971076
2025-06-17,-0.03011396209381398,0.027530586328368644,-0.10084836431897747,0.057644548422182626,-0.07073440222516349
2025-06-18,-0.0346363091182689,0.009681336650230313,-0.1158774654145083,0.04431764576849921,-0.0812411562962394
2025-06-19,-0.10319154399385365,0.0024121719115176325,-0.11537783628389366,0.10560371590537128,-0.012186292290040007
2025-06-20,-0.12068463194460619,-0.0035376556382562896,-0.18257314737128708,0.11714697630634989,-0.06188851542668089
2025-06-23,-0.08049846917959669,0.004971719490997604,-0.15564364089900604,0.08547018867059429,-0.07514517171940935
2025-06-24,-0.07113099681599892,0.003986354071995617,-0.1090009455397367,0.07511735088799454,-0.03786994872373778
2025-06-25,-0.10132675273776656,-0.007663220080588625,-0.10150881574893499,0.09366353265717793,-0.0001820630111684235
2025-06-26,-0.048629679334011675,0.08091149681530936,-0.04115927984920723,0.12954117614932104,0.007470399484804442
2025-06-27,-0.07191825934985166,0.0483964859238025,-0.017966246148296637,0.12031474527365416,0.05395201320155502
2025-06-30,-0.08975867453827242,0.019383078928061136,-0.060662969621242166,0.10914175346633356,0.029095704917030257
2025-07-01,-0.10673827398795577,0.018286181737022202,-0.025595229255499792,0.12502445572497797,0.08114304473245598
2025-07-02,-0.0924767001216787,0.05768126772455633,-0.02985682734734383,0.15015796784623503,0.06261987277433487
2025-07-03,-0.05896174117549116,0.048252329899956946,0.006180183711844496,0.10721407107544811,0.06514192488733565
2025-07-04,-0.03452935549582141,0.09996104792420353,0.04720954774672613,0.13449040342002494,0.08173890324254754
2025-07-07,-0.026243298574638425,0.08742200658262855,0.025807444832831466,0.11366530515726697,0.05205074340746989
2025-07-08,-0.048534264619145645,-5.237452135980064e-05,0.026080214776109598,0.04848189009778584,0.07461447939525524
2025-07-09,-0.10342969963790956,0.008483534965708668,0.015407832448976306,0.11191323460361823,0.11883753208688587
2025-07-10,-0.06793348969409564,0.026124424022689243,0.04963805513941328,0.09405791371678489,0.11757154483350893
2025-07-11,-0.09481041827454176,-0.000535307873447016,-0.024752476931157362,0.09427511040109474,0.07005794134338439
2025-07-14,-0.04275010378561092,0.07006251946330225,0.033465452199426204,0.11281262324891317,0.07621555598503713
2025-07-15,-0.08111916556190561,0.013289062155477711,0.010494163195631914,0.09440822771738333,0.09161332875753753
2025-07-16,-0.09673603348008618,0.017758343552213448,-0.015332104914830329,0.11449437703229963,0.08140392856525586
2025-07-17,-0.08128332716093994,-0.007964546793073603,-0.017815471250344602,0.07331878036786635,0.06346785591059534
2025-07-18,-0.0688067262089069,0.09913017505178502,0.0433334630462509,0.16793690126069194,0.11214018925515781
2025-07-21,-0.07733786278120751,0.05987785476680362,0.02848401843559229,0.13721571754801112,0.1058218812167998
2025-07-22,-0.07177816569982405,0.026876342600427396,0.049010877869938275,0.09865450830025145,0.12078904356976233
2025-07-23,-0.06780226689292208,0.04547647637116989,0.03287959520667502,0.11327874326409197,0.1006818620995971
2025-07-24,-0.08489013580245722,-0.016360563150365697,0.03290996200246273,0.06852957265209152,0.11780009780491996
2025-07-25,-0.14687973688523187,-0.019617305754431737,-0.0401727812311782,0.12726243113080013,0.10670695565405366
2025-07-28,-0.1660775470380883,-0.0033825736354247066,-0.01435535576183373,0.1626949734026636,0.15172219127625458
2025-07-29,-0.07124914721295005,0.03704144146309902,0.05999457210428906,0.10829058867604907,0.1312437193172391
2025-07-30,-0.05338690502320006,0.07087016126924071,0.07970165161997476,0.12425706629244077,0.13308855664317482
2025-07-31,-0.16012305088809306,0.006376539847423422,-0.002053940481072022,0.16649959073551648,0.15806911040702104
2025-08-01,-0.19282387659135214,-0.038859979916615765,-0.02986490492913291,0.15396389667473637,0.16295897166221923
2025-08-04,-0.15912969811021338,-0.016832822182495585,-0.01327372520638207,0.14229687592771778,0.14585597290383132
2025-08-05,-0.13865770098337415,0.020005986771849858,0.01612625438128794,0.15866368775522402,0.1547839553646621
2025-08-06,-0.09987909613699282,0.0246188355288282,0.0046148981968347266,0.12449793166582102,0.10449399433382754
2025-08-07,-0.07874818967962179,0.031365279425826974,0.008954272563549642,0.11011346910544875,0.08770246224317142
2025-08-08,-0.12990461790156954,0.026548378681876678,0.007386581212084568,0.15645299658344622,0.13729119911365412
2025-08-11,-0.1372627787218235,0.022473984224151512,-0.01656323803974811,0.159736762945975,0.12069954068207539
2025-08-12,-0.12828357902555965,0.01680110403289008,-0.022317088575676013,0.14508468305844974,0.10596649044988363
2025-08-13,-0.11266590758492073,0.015022661932964003,-0.02535571596767398,0.12768856951788474,0.08731019161724675
2025-08-14,-0.1363881549418981,-0.005291350489331467,-0.04235669132422412,0.13109680445256663,0.09403146361767398
2025-08-15,-0.07687924366660182,0.05017078147433368,0.013029519433806556,0.1270500251409355,0.08990876310040838
2025-08-18,-0.13564367637710859,-0.004573216292770875,-0.061505456971476566,0.1310704600843377,0.07413821940563202
2025-08-19,-0.1530715742547841,-0.003782072712339413,-0.030832446349926972,0.1492895015424447,0.12223912790485712
2025-08-20,-0.1234293417934517,0.05317552061885377,0.00459602648105712,0.17660486241230547,0.12802536827450883
2025-08-21,0.21468866517621438,-0.11453218268762147,-0.14433584546385408,-0.3292208478638359,-0.35902451064006846
2025-08-22,0.1395221441942883,0.005253720361034624,-0.09892804108863447,-0.13426842383325366,-0.23845018528292278
2025-08-25,0.17850126816888004,-0.04491986036331469,-0.11088287844434506,-0.22342112853219473,-0.2893841466132251
2025-08-26,0.157800099349295,-0.048824777527467805,-0.09879736348020532,-0.20662487687676281,-0.25659746282950036
2025-08-27,0.1898572830870547,-0.045996817617484614,-0.12147882993126537,-0.23585410070453933,-0.3113361130183201
2025-08-28,0.1248291215514124,-0.05885897593085569,-0.07350881393118468,-0.1836880974822681,-0.1983379354825971
2025-08-29,0.060258028322642467,0.08072267923414264,-0.012695547268258426,0.020464650911500175,-0.07295357559090089
2025-09-01,0.10758623991719467,-0.01959904179255932,-0.06344386644462705,-0.127185281709754,-0.1710301063618217
2025-09-02,0.15656873563321735,-0.10426106168751646,-0.16891207271410333,-0.2608297973207338,-0.3254808083473207
2025-09-03,0.20050776289963607,-0.19404290926043055,-0.22688390093199784,-0.3945506721600666,-0.4273916638316339
2025-09-04,0.10672920965767733,-0.11349929819476456,-0.16997983406973452,-0.2202285078524419,-0.27670904372741184
2025-09-05,0.15709998150231866,-0.11538556367786454,-0.1599367959271614,-0.2724855451801832,-0.31703677742948005
2025-09-08,0.08582609047100642,-0.06846535643102514,-0.09160204013981522,-0.15429144690203156,-0.17742813061082163
2025-09-09,0.05979967615842961,-0.09424321065648239,-0.12010857102816155,-0.15404288681491202,-0.17990824718659115
2025-09-10,0.03167191875840895,-0.0345841261383304,-0.1060765727016348,-0.06625604489673935,-0.13774849146004375
2025-09-11,-0.06597491019057777,0.04366989087785488,-0.012513547520662732,0.10964480106843266,0.05346136266991504
2025-09-12,-0.0434830430869346,0.05327970485229013,-0.02177908802109138,0.09676274793922474,0.021703955065843217
2025-09-15,-0.037781513863055345,0.025220745258058924,0.0016465758511692219,0.06300225912111426,0.03942808971422457
2025-09-16,-0.07561483802913002,-0.007439649126614642,0.04096369949136317,0.06817518890251538,0.11657853752049319
2025-09-17,-0.05736888424321418,0.021095459896745685,0.03619157434831328,0.07846434413995987,0.09356045859152745
2025-09-18,0.028591329216800382,0.03262866745930926,-0.06039297087526442,0.0040373382425088755,-0.0889843000920648
2025-09-19,0.06238199901147645,-0.034955040161937935,-0.07805577482206023,-0.09733703917341438,-0.14043777383353667
2025-09-22,0.005268859069493942,0.031126435866953357,0.005117594113132934,0.025857576797459415,-0.00015126495636100766
2025-09-23,0.08584087812154806,-0.04219300323004489,-0.11331176415516794,-0.12803388135159294,-0.199152642276716
2025-09-24,0.05145352193638719,0.018209633013737035,-0.01329842842793598,-0.03324388892265016,-0.06475195036432317
2025-09-25,-0.10173645775897149,0.0888936538977912,0.06708737671341407,0.1906301116567627,0.16882383447238555
2025-09-26,-0.039412741770438575,0.10570653805042182,0.06111910478994247,0.1451192798208604,0.10053184656038106
2025-09-29,-0.17532666787673823,0.2365872797854076,0.21289424979288946,0.41191394766214584,0.3882209176696277
2025-09-30,-0.20384539618153624,0.1916382111390047,0.19699807999460325,0.39548360732054094,0.40084347617613947
2025-10-09,-0.11914645246019534,0.2104397893129191,0.15934775582722713,0.32958624177311446,0.27849420828742244
2025-10-10,0.05094592469715055,0.0533809492566239,0.031721587963291734,0.0024350245594733505,-0.019224336733858816
2025-10-13,-0.08420981836397677,0.1748855162520349,0.14458297521381488,0.2590953346160117,0.22879279357779164
2025-10-14,-0.01641724759516883,0.1567741774426742,0.06613076003475957,0.17319142503784302,0.0825480076299284
2025-10-15,-0.08943419453216583,0.1324242756658789,0.06808830589213351,0.22185847019804472,0.15752250042429933
2025-10-16,-0.06888609053474762,0.1129541937029244,0.09031009741685729,0.181840284237672,0.1591961879516049
2025-10-17,-0.04436824534004412,0.12083009564009523,0.06143699256421524,0.16519834098013936,0.10580523790425936
2025-10-20,-0.009539342050696618,0.11225639698446467,0.06701536627979593,0.12179573903516129,0.07655470833049255
2025-10-21,-0.09142365402879819,0.12976806375822564,0.08705571438325177,0.22119171778702384,0.17847936841204998
2025-10-22,-0.023418058776782526,0.07268468103838296,0.07239181818504614,0.09610273981516548,0.09580987696182866
2025-10-23,-0.20220123962542372,0.21499662759308658,0.13396157395060454,0.41719786721851027,0.3361628135760283
2025-10-24,0.1706979206312036,0.24871131003087876,0.1905156034755137,0.07801338939967517,0.019817682844310097
2025-10-27,0.25383004483554156,0.2389856003023247,0.2632914270294776,-0.014844444533216844,0.009461382193936052
2025-10-28,0.19275197372542088,0.191217680157765,0.25579335551707516,-0.0015342935676558866,0.06304138179165428
2025-10-29,0.22746895992547383,0.20076006576069977,0.2701327051734037,-0.026708894164774066,0.042663745247929874
2025-10-30,0.20164615004421602,0.20760718998561487,0.21280037135486013,0.005961039941398849,0.011154221310644113
2025-10-31,0.0901123934460266,0.1468602647629137,0.11712004947206897,0.05674787131688709,0.027007656026042368
2025-11-03,0.12984344798235084,0.09211711867241444,0.1405148851746518,-0.0377263293099364,0.010671437192300959
2025-11-04,0.034035285251709096,0.03530099029953286,0.05179890971371705,0.0012657050478237647,0.01776362446200795
2025-11-05,0.1901347141482913,0.0955670570204211,0.16846982929039672,-0.0945676571278702,-0.021664884857894584
2025-11-06,0.1759073661542506,0.10800215313985542,0.15759343840606788,-0.06790521301439517,-0.018313927748182718
2025-11-07,0.14901403435724933,0.0776932387253908,0.13029719034443604,-0.07132079563185853,-0.01871684401281329
2025-11-10,0.14469494768747299,0.028179124404463,0.08940887300054474,-0.11651582328300998,-0.05528607468692824
2025-11-11,0.023188779550051254,0.012913039624527545,0.042141715251649066,-0.010275739925523709,0.01895293570159781
2025-11-12,0.02545623356065419,0.03909845387724871,0.023227886973859455,0.013642220316594518,-0.002228346586794737
2025-11-13,0.131479167580659,0.07874777877882849,0.04109203660543515,-0.05273138880183051,-0.09038713097522386
2025-11-14,0.10034108056797113,0.06815487477702219,0.0542464181664605,-0.03218620579094894,-0.046094662401510625
2025-11-17,0.11918300651408367,0.08199728599721194,0.12105168131625754,-0.03718572051687173,0.0018686748021738697
2025-11-18,0.12103687403928892,0.08497544797685672,0.08928735121064504,-0.036061426062432206,-0.03174952282864388
2025-11-19,0.08376031039796539,0.04118590205691615,0.07040745489727604,-0.04257440834104924,-0.013352855500689348
2025-11-20,0.07465727436190629,0.011637960355717167,0.04009285880969036,-0.06301931400618913,-0.034564415552215934
2025-11-21,-0.013352048035145161,-0.039535422741483583,-0.029371563991818346,-0.02618337470633842,-0.016019515956673183
2025-11-24,-0.002042633357181415,-0.11009512393524883,-0.09734478702251755,-0.10805249057806741,-0.09530215366533613
2025-11-25,-0.08474015109254208,-0.12021449550415024,-0.13767546180238469,-0.035474344411608155,-0.0529353107098426
2025-11-26,-0.06253802666280658,-0.13833413456408558,-0.09934897813887207,-0.075796107901279,-0.03681095147606549
2025-11-27,-0.07192501643655287,-0.13204085519384834,-0.15048078701641757,-0.06011583875729547,-0.0785557705798647
2025-11-28,-0.03066061102131419,-0.09826411733693079,-0.12015559867665497,-0.0676035063156166,-0.08949498765534078
2025-12-01,-0.022532019668236425,-0.0931796101266696,-0.03990041655370538,-0.07064759045843318,-0.017368396885468956
2025-12-02,-0.06622190244426894,-0.05378562248832286,-0.1223639557954061,0.01243627995594608,-0.05614205335113716
2025-12-03,-0.012171917289938234,-0.08686915187417782,-0.10557757795652391,-0.07469723458423959,-0.09340566066658568
2025-12-04,-0.032155849944140516,-0.11193639390092326,-0.1633985217683208,-0.07978054395678275,-0.13124267182418026
2025-12-05,-0.11259111573914513,-0.13941780704973583,-0.23256143455283979,-0.026826691310590706,-0.11997031881369466
2025-12-08,-0.118545371870723,-0.16982919377943695,-0.19098467038978872,-0.051283821908713945,-0.07243929851906572
2025-12-09,-0.013319939348168379,-0.11224605948467227,-0.10135011190273566,-0.0989261201365039,-0.08803017255456727
2025-12-10,-0.048275765765557546,-0.0817711743821265,-0.15154222502189546,-0.03349540861656895,-0.10326645925633791
2025-12-11,-0.03875170580976083,-0.03590767768801649,-0.15811991113039367,0.0028440281217443422,-0.11936820532063283
2025-12-12,-0.01618152092550843,-0.05255676466843077,-0.1724751264310963,-0.036375243742922336,-0.15629360550558788
2025-12-15,-0.01875874804153069,-0.034605881659526785,-0.1599033046910967,-0.015847133617996095,-0.14114455664956602
2025-12-16,-0.03624088397926712,-0.09828224847644378,-0.2329917781334782,-0.062041364497176656,-0.1967508941542111
2025-12-17,-0.012978228920269931,-0.09673604152044141,-0.14305397542399026,-0.08375781260017148,-0.13007574650372034
2025-12-18,-0.04299393407973799,-0.11187645974485541,-0.15015664744402893,-0.06888252566511742,-0.10716271336429094
2025-12-19,-0.0897757126270302,-0.02384695108182937,-0.08046487025153035,0.06592876154520083,0.009310842375499853
2025-12-22,-0.09672606479670334,-0.022111550854084075,-0.08876234358084285,0.07461451394261927,0.00796372121586049
2025-12-23,-0.09881175763193398,0.007333937203156246,-0.06009874979065744,0.10614569483509022,0.038713007841276535
2025-12-24,-0.06982669727208679,0.02537243315087554,-0.046866940451389213,0.09519913042296232,0.022959756820697577
2025-12-25,-0.06449812234174294,-0.0032060129754321568,-0.06239373464344674,0.061292109366310785,0.002104387698296205
2025-12-26,-0.0684885493240958,0.002974762924056916,-0.06361247549618224,0.07146331224815272,0.004876073827913566
2025-12-29,-0.04436118543996779,-0.00643487511891534,-0.05922232126478324,0.037926310321052446,-0.01486113582481545
2025-12-30,0.00951516102324765,0.00593147019771487,-0.008345542421359658,-0.0035836908255327798,-0.017860703444607308
2025-12-31,0.00040148455383799,0.04713196277156055,-0.0002823912561786585,0.04673047821772256,-0.0006838758100166484
2026-01-05,0.031652302616365036,0.05537105114822698,0.035030897612370916,0.02371874853186194,0.0033785949960058806
2026-01-06,0.06652484753877312,0.08170452757528224,0.04643012128673934,0.015179680036509116,-0.020094726252033783
2026-01-07,0.06227480828627645,0.037515310180216525,0.050840294504009356,-0.024759498106059923,-0.011434513782267092
2026-01-08,0.096997061134857,0.04745419614952649,0.07476677469581183,-0.049542864985330504,-0.022230286439045163
2026-01-09,0.04045302765699957,-0.019970678838833984,-0.015594007129087175,-0.06042370649583355,-0.05604703478608675
2026-01-12,-0.0028218731673902734,-0.04082993054412802,-0.058358939652253146,-0.03800805737673775,-0.055537066484862875
2026-01-13,0.011394055451874562,-0.026027870765328392,-0.04198962871118382,-0.03742192621720296,-0.05338368416305839
2026-01-14,0.05326075878824375,-0.026601288803988182,-0.022967951521634427,-0.07986204759223194,-0.07622871030987818
2026-01-15,0.07793094562679316,0.009462596527834632,0.01576645153834618,-0.06846834909895853,-0.06216449408844698
2026-01-16,0.02201455995234722,-0.04307418527794229,-0.014595892472675228,-0.06508874523028951,-0.03661045242502245
2026-01-19,0.04033518492206967,-0.008212369645691619,0.044614626968010405,-0.04854755456776129,0.004279442045940739
2026-01-20,-0.04906064366478123,0.01822003277134079,-0.03636962338489111,0.06728067643612202,0.012691020279890122
2026-01-21,-0.0017492323960627046,-0.03519403025374966,0.03706100464496046,-0.033444797857686955,0.03881023704102317
2026-01-22,-0.022361817730465475,-0.037410201790143614,0.01855654205600263,-0.015048384059678139,0.0409183597864681
2026-01-23,-0.0768098271327856,-0.13442667741215472,-0.025994973841210627,-0.05761685027936912,0.05081485329157497
2026-01-26,-0.046528086725036104,-0.16586525547338205,-0.012487957599997868,-0.11933716874834593,0.03404012912503823
2026-01-27,-0.06042970815319705,-0.15416117052627015,-0.036279940266295774,-0.0937314623730731,0.024149767886901277
2026-01-28,-0.026309194424865137,-0.1031615243388531,0.02728881103543238,-0.07685232991398797,0.05359800546029751
2026-01-29,-0.04581360826048802,-0.10449962002898147,0.0344794961711828,-0.05868601176849345,0.08029310443167081
2026-01-30,-0.009010589344798479,-0.06056747229545086,0.037622461380161704,-0.05155688295065238,0.046633050724960184
2026-02-02,-0.009132109585315927,-0.05176891576477463,0.025929064245836797,-0.042636806179458704,0.035061173831152724
2026-02-03,-0.005584288613210758,-0.05652998009213459,0.030285787620376654,-0.05094569147892383,0.035870076233587414
2026-02-04,-0.04908813370469677,-0.05867741856764461,0.018913155774616597,-0.009589284862947835,0.06800128947931337
2026-02-05,-0.11159351731361171,-0.07387012305328547,-0.009981627735554326,0.03772339426032624,0.10161188957805739
2026-02-06,-0.045323367818937685,-0.04384345498317221,0.05267195859865119,0.0014799128357654776,0.09799532641758887
2026-02-09,0.030621800572558835,-0.06156606070468798,0.0842865316496125,-0.09218786127724682,0.05366473107705366
2026-02-10,0.02505130921407301,-0.03802103075756912,0.08902590085018586,-0.06307233997164213,0.06397459163611285
2026-02-11,0.05634690864264384,0.017201073555492056,0.10940789074995744,-0.03914583508715179,0.053060982107313595
2026-02-12,0.08250123397988492,0.008271240485094236,0.09362182477925475,-0.07422999349479067,0.011120590799369834
2026-02-13,0.11263140422148431,0.0009766650899072826,0.08365309873745194,-0.11165473913157703,-0.028978305484032366
2026-02-24,0.06305517858418115,0.0008154970939679987,0.07584349738181202,-0.06223968149021315,0.012788318797630871
2026-02-25,-0.10587572152130802,-0.06459264174172016,0.03234770104251071,0.04128307977958785,0.13822342256381873
2026-02-26,-0.11100835968116222,-0.1013651914290957,0.018799012913496387,0.009643168252066528,0.1298073725946586
2026-02-27,-0.1134908243787975,-0.09952618230547516,0.04206881905823717,0.013964642073322334,0.15555964343703466
2026-03-02,-0.08757151999143079,-0.06749853173563296,0.061029578559286556,0.020072988255797827,0.14860109855071735
2026-03-03,-0.11911573574614986,-0.005165095170768497,0.08244871237134675,0.11395064057538137,0.20156444811749663
2026-03-04,-0.06403582828387343,-0.00597663821647953,0.09843786854947202,0.0580591900673939,0.16247369683334545
2026-03-05,-0.08663325901564839,-0.037390207216591864,0.07067186727983113,0.049243051799056525,0.15730512629547952
2026-03-06,-0.06920285959254706,0.007115669984291519,0.10221498354771848,0.07631852957683857,0.17141784314026554
2026-03-09,-0.030600947107195568,-0.0783244362216663,0.05954431810793726,-0.047723489114470725,0.09014526521513283
2026-03-10,-0.024815296415890302,-0.033177298483817265,0.09006320574238698,-0.008362002067926963,0.11487850215827727
2026-03-11,-0.04587203444929294,-0.01807822497348241,0.011035716127392872,0.027793809475810533,0.05690775057668582
2026-03-12,-0.01630476172150991,0.015862419621236055,0.035928252007326994,0.03216718134274596,0.0522330137288369
2026-03-13,0.008017516964975867,0.05179576143571005,-0.002651947317992998,0.04377824447073418,-0.010669464282968865
2026-03-16,-0.025146765283548422,-0.06407857520010389,-0.033313659626300715,-0.03893180991655547,-0.008166894342752293
2026-03-17,-0.06471344000840236,-0.040178042156308436,-0.07817425791953315,0.024535397852093924,-0.013460817911130796
2026-03-18,-0.08659898449616452,-0.03531286035147421,-0.0720667381530862,0.051286124144690304,0.014532246343078314
2026-03-19,-0.06351547062056376,0.010890796146133641,-0.028603192610096688,0.0744062667666974,0.03491227801046707
2026-03-20,-0.06187934513909646,0.051622602263695944,-0.06008504477686747,0.1135019474027924,0.0017943003622289885
2026-03-23,-0.0891790547278841,-0.019418455243687065,-0.09601853471341285,0.06976059948419702,-0.006839479985528751
2026-03-24,-0.05142631059509994,0.017463767061187584,-0.07987188634720951,0.06889007765628752,-0.028445575752109577
2026-03-25,-0.06640981770366787,-0.017012648596234317,-0.12646081502365017,0.04939716910743355,-0.0600509973199823
2026-03-26,-0.05835926437769283,0.0647474508302702,-0.09013480682486229,0.12310671520796303,-0.03177554244716946
2026-03-27,-0.034122495265796735,0.07417337790576854,-0.07637448522446792,0.10829587317156528,-0.04225198995867119
2026-03-30,-0.07790557173534904,0.008719656316029402,-0.07411572460040389,0.08662522805137844,0.0037898471349451512
2026-03-31,-0.07472823460748043,0.03556110920494616,-0.06932086651799761,0.11028934381242658,0.00540736808948282
2026-04-01,-0.031007855041368874,0.05980094647813881,-0.061400126460771726,0.09080880151950768,-0.03039227141940285
2026-04-02,-0.026900754459259584,0.13010317461739979,0.0007652521905794706,0.15700392907665936,0.027666006649839054
2026-04-03,0.043559384444289306,0.1758177435098533,0.05976155024424731,0.132258359065564,0.016202165799958007
2026-04-07,0.03172756704357754,0.17921134129685098,0.03966088140027232,0.14748377425327344,0.007933314356694775
2026-04-08,0.025161289021198633,0.16343732659527518,0.03587188212862255,0.13827603757407655,0.010710593107423918
2026-04-09,0.05507401633247231,0.1485160132174348,0.029178749001499655,0.09344199688496249,-0.025895267330972655
2026-04-10,0.051985959023777166,0.16683979931984536,-0.0415050617160263,0.11485384029606818,-0.09349102073980346
2026-04-13,0.04926693588420198,0.0666091693622627,-0.03854563157854945,0.01734223347806072,-0.08781256746275143
2026-04-14,-0.0005581692265461653,0.04426721666233404,0.009410647674173055,0.04482538588888021,0.00996881690071922
2026-04-15,-0.020074411136129015,0.09132938111756983,-0.011729154225708721,0.11140379225369884,0.008345256910420294
2026-04-16,0.03194224692186004,0.08229791028019152,0.013793117772945345,0.050355663358331484,-0.018149129148914693
2026-04-17,0.014830294215921759,0.08496768409719276,-0.04461887865097113,0.070137389881271,-0.05944917286689289
2026-04-20,0.013064660238670641,0.0955906193867128,-0.06443933496104048,0.08252595914804216,-0.07750399519971113
2026-04-21,0.06838612177679812,0.14424412906992568,-5.0902938163655494e-05,0.07585800729312756,-0.06843702471496177
2026-04-22,0.10078759617569027,0.1368882204899526,-0.002411271455301755,0.036100624314262336,-0.10319886763099204
2026-04-23,-0.01695759614699981,0.1465601047329896,0.0740463855972987,0.16351770087998943,0.09100398174429851
2026-04-24,0.0034171205087534158,0.16983639697720734,0.052322779888256406,0.16641927646845392,0.04890565937950299
2026-04-27,-0.003406528942159651,0.14295858872982778,0.008501296721036583,0.14636511767198743,0.011907825663196234
2026-04-28,0.030427768992787697,0.1550425753633578,-0.026348153714089956,0.12461480637057011,-0.05677592270687765
2026-04-29,-0.0186262902300867,0.10755531021110498,0.05521306922120236,0.12618160044119167,0.07383935945128905
2026-04-30,-0.02114964621374172,0.04665064871999089,-0.021106528944045664,0.0678002949337326,4.311726969605592e-05
2026-05-06,-0.12534003103592964,-0.03314787773678055,-0.022213569836490542,0.0921921532991491,0.10312646119943909
2026-05-07,-0.15891634096237356,-0.054173287206595463,-0.04120956695727227,0.1047430537557781,0.1177067740051013
2026-05-08,-0.158741833419945,-0.12246706056903285,-0.035163729413905116,0.03627477285091214,0.12357810400603988
2026-05-11,-0.18866035008138088,-0.12602164535410143,-0.06522408345269548,0.06263870472727945,0.1234362666286854
2026-05-12,-0.19969263225162381,-0.10839162367521042,-0.11283864703254247,0.09130100857641339,0.08685398521908134
2026-05-13,-0.19806933262969603,-0.2081655346120023,-0.15544137908691877,-0.010096201982306263,0.042627953542777264
2026-05-14,-0.1391291118177586,-0.16436786332141637,-0.1267192914792776,-0.025238751503657758,0.012409820338481009
2026-05-15,-0.1134069627822687,-0.12990239032863254,-0.1304425532526135,-0.01649542754636385,-0.017035590470344808
2026-05-18,-0.11460398054264186,-0.09548508311699694,-0.0983899749224302,0.019118897425644918,0.01621400562021165
2026-05-19,-0.09886563571786275,-0.08249907812821655,-0.10743844540542476,0.016366557589646197,-0.008572809687562008
2026-05-20,-0.1424109929866719,-0.12190670055617406,-0.1482101643953085,0.02050429243049784,-0.005799171408636616
2026-05-21,-0.1806562421351792,-0.06545459334329724,-0.1878144146487686,0.11520164879188195,-0.007158172513589411
2026-05-22,-0.19105103154803,-0.037478310180005386,-0.16940038016548134,0.1535727213680246,0.021650651382548652
2026-05-25,-0.16876827942706485,-0.09241950994740021,-0.18426198323148785,0.07634876947966464,-0.015493703804422998
2026-05-26,-0.14338519316322615,-0.038058473005197074,-0.22586294967105203,0.10532672015802907,-0.08247775650782588
2026-05-27,-0.16019307746474748,-0.03299660800140034,-0.21241687346567448,0.12719646946334714,-0.052223796000927
2026-05-28,-0.1513417240568696,-0.051437962344220683,-0.16957236172523404,0.09990376171264892,-0.01823063766836444
2026-05-29,-0.14625523944175775,-0.027078159651020572,-0.20648107361288642,0.11917707979073718,-0.06022583417112867
2026-06-01,-0.12301817681727996,-0.009316986268052626,-0.20165768521249502,0.11370119054922734,-0.07863950839521507
2026-06-02,-0.06688282899989449,0.0605398050771845,-0.12917092063847033,0.127422634077079,-0.062288091638575835
2026-06-03,-0.07813338872354456,-0.007066961488674736,-0.14693934721017843,0.07106642723486982,-0.06880595848663387
2026-06-04,-0.07812448116105192,-0.03017341414537321,-0.13922541768996247,0.04795106701567871,-0.06110093652891055
2026-06-05,-0.07757847675433018,-0.02008068315390877,-0.17967456940292814,0.057497793600421405,-0.10209609264859797
2026-06-08,-0.07258255444209857,0.0025557775232198667,-0.15176549750794177,0.07513833196531844,-0.0791829430658432
2026-06-09,-0.005824734144410199,0.026809883525941196,-0.1584434748934213,0.0326346176703514,-0.1526187407490111
2026-06-10,-0.027039630365501718,0.10828722588100176,-0.14223035474789053,0.13532685624650348,-0.11519072438238881
2026-06-11,-0.010744320106314199,0.10260248057588311,-0.016026343690052756,0.11334680068219731,-0.005282023583738558
2026-06-12,-0.03926081138652441,0.015800882811662437,-0.10817683704351559,0.05506169419818685,-0.06891602565699118
2026-06-15,-0.07335243550084262,-0.07925948798733698,-0.16364141998223913,-0.005907052486494355,-0.09028898448139651
2026-06-16,-0.025079288935502618,-0.047149812438695635,-0.05623026680566139,-0.022070523503193017,-0.031150977870158775
2026-06-17,0.08122103069570029,-0.015279528242401823,0.05369853424831198,-0.09650055893810211,-0.027522496447388307
2026-06-18,0.04561313577874261,-0.05736217282153977,0.06343496127665217,-0.10297530860028238,0.01782182549790956
2026-06-22,0.044818233353051004,-0.07568309656765052,0.10730816429580974,-0.12050132992070152,0.06248993094275873
2026-06-23,0.04916320999999154,-0.0344759149912964,0.11764638099127274,-0.08363912499128795,0.0684831709912812
2026-06-24,0.07352352261033815,0.012109264495142701,0.08762609447061627,-0.06141425811519545,0.01410257186027812
2026-06-25,0.10905713308176158,-0.02636655619863264,0.08492138801542239,-0.13542368928039422,-0.024135745066339198
2026-06-26,0.14147839893828415,-0.04769799418334529,0.04601535835507182,-0.18917639312162943,-0.09546304058321234
2026-06-29,0.10101822286138953,-0.06443210775094048,0.024479363479985285,-0.16545033061233,-0.07653885938140426
2026-06-30,0.08085939334111049,-0.0440798532425489,0.06191611563914507,-0.12493924658365939,-0.018943277701965418
2026-07-01,0.08881723824181263,-0.023526110849583597,0.06853942672442818,-0.11234334909139623,-0.020277811517384448
2026-07-02,0.10175625156696441,-0.06928588680107639,0.021092236109680168,-0.1710421383680408,-0.08066401545728424
2026-07-03,0.14261245435958264,-0.04459323796313579,0.057924183287040305,-0.18720569232271844,-0.08468827107254234
2026-07-06,0.13814558814578126,-0.021589455570120906,0.09682097937902484,-0.15973504371590216,-0.04132460876675642
2026-07-07,0.1890150733964127,0.03271256250379679,0.14830946177209728,-0.1563025108926159,-0.04070561162431541
2026-07-08,0.2651846346121974,0.10816550374607255,0.15805572917058405,-0.15701913086612485,-0.10712890544161333
2026-07-09,0.17507328688472268,0.05338210453073166,0.1167688978404296,-0.12169118235399101,-0.05830438904429308
2026-07-10,0.18464479355121424,0.09260286382634725,0.11337034561305967,-0.092041929724867,-0.07127444793815457
2026-07-13,0.2062798262619479,0.14706823215512868,0.13724376240222336,-0.059211594106819226,-0.06903606385972455
2026-07-14,0.2818272611417821,0.18051866925361143,0.16086852559186718,-0.10130859188817065,-0.1209587355499149
2026-07-15,0.20975723426312018,0.2371467438624242,0.17429817823511237,0.02738950959930403,-0.03545905602800781
2026-07-16,0.13605867680623118,0.12374905207057174,0.09519263440541215,-0.012309624735659441,-0.040866042400819036
2026-07-17,0.17092734885324085,0.22662648532876725,0.17061893631612893,0.055699136475526406,-0.0003084125371119184
2026-07-20,0.18384513856955045,0.32644701011351757,0.2759978866420261,0.1426018715439671,0.09215274807247567
2026-07-21,0.16255465713792197,0.16612730696512024,0.08799123900988169,0.0035726498271982654,-0.07456341812804028
2026-07-22,0.09876172148436921,0.10923376925860952,0.05382418074754453,0.010472047774240309,-0.044937540736824676
2026-07-23,0.056479995343032614,0.09121966070681245,0.09983582032504473,0.034739665363779836,0.04335582498201212
2026-07-24,0.06575817208074956,0.18134397347564965,0.1312901546217556,0.11558580139490009,0.06553198254100605
