,legacy_rankic,execution_rankic,execution_minus_legacy
2023-07-03,0.2785761237864855,0.28339113932334276,0.004815015536857259
2023-07-04,0.29337684528742153,0.3208400721717914,0.027463226884369862
2023-07-05,0.29880903481207416,0.30744715659969907,0.008638121787624908
2023-07-06,0.3077729221719848,0.30762431404077895,-0.00014860813120587402
2023-07-07,0.2311885462712988,0.2211768841297897,-0.010011662141509114
2023-07-10,0.17833326652916617,0.16473546268265038,-0.013597803846515794
2023-07-11,0.21830886256540138,0.2268082679704956,0.008499405405094224
2023-07-12,0.21595276015846435,0.21681572550596662,0.0008629653475022703
2023-07-13,0.28263265423275435,0.28804517842479405,0.005412524192039692
2023-07-14,0.31664389671218196,0.3163351292543622,-0.00030876745781976966
2023-07-17,0.2658885571914958,0.2549745552012312,-0.010914001990264599
2023-07-18,0.30436298216805996,0.2888362766086737,-0.015526705559386234
2023-07-19,0.3357091898368195,0.3170991988183272,-0.01860999101849231
2023-07-20,0.23373264819743841,0.22901108403902357,-0.004721564158414848
2023-07-21,0.25660381062833076,0.256244916656539,-0.00035889397179178495
2023-07-24,0.28039877840507266,0.2735216664495513,-0.0068771119555213756
2023-07-25,0.20462604195736042,0.18168596175525775,-0.02294008020210267
2023-07-26,0.18905054736082066,0.20549424185663032,0.016443694495809652
2023-07-27,0.15558256812287988,0.12333361262511101,-0.032248955497768864
2023-07-28,0.09114441307040462,0.09483041398762437,0.0036860009172197533
2023-07-31,0.10897472603082393,0.08413809866594371,-0.024836627364880223
2023-08-01,-0.012158918542465516,-0.016425630434066665,-0.004266711891601148
2023-08-02,-0.040482902340888784,-0.03418905295430542,0.006293849386583367
2023-08-03,0.00167177962144511,-0.009209382332869017,-0.010881161954314128
2023-08-04,0.03926429032941507,0.04080979199421242,0.0015455016647973469
2023-08-07,0.07703488372106489,0.08012751596286706,0.0030926322418021734
2023-08-08,0.09136489541841782,0.10722225776110439,0.015857362342686573
2023-08-09,0.07690143614857503,0.07959421026172574,0.002692774113150706
2023-08-10,0.07867890357388986,0.06347096600601776,-0.015207937567872101
2023-08-11,0.02676588784292534,0.02802973760960225,0.0012638497666769104
2023-08-14,0.04849345914959946,0.03469093130110079,-0.013802527848498669
2023-08-15,0.07862627906899713,0.057312950233658205,-0.02131332883533893
2023-08-16,0.054068929649056366,0.06194400046548906,0.007875070816432697
2023-08-17,0.09473747285619172,0.11422309608026007,0.019485623224068355
2023-08-18,0.07830884887660844,0.06767678333420862,-0.010632065542399816
2023-08-21,0.1151984623115978,0.09189148232872234,-0.023306979982875467
2023-08-22,0.12593825208977316,0.0982317562051761,-0.02770649588459706
2023-08-23,0.12679820444188988,0.08803425922069989,-0.03876394522118999
2023-08-24,0.13860601358472646,0.11585950521923033,-0.022746508365496132
2023-08-25,0.10143368226168217,0.11351563511279907,0.012081952851116892
2023-08-28,0.08020265883880652,0.09397899932860664,0.013776340489800115
2023-08-29,0.10785179043106059,0.11473602602664901,0.006884235595588414
2023-08-30,0.08485960957712942,0.08476799251516366,-9.161706196575414e-05
2023-08-31,0.09336402196079292,0.09987022074503932,0.006506198784246395
2023-09-01,0.10278345789357893,0.10197093495316668,-0.0008125229404122442
2023-09-04,0.12330444616273444,0.11357636869347174,-0.0097280774692627
2023-09-05,-0.04089521426995755,-0.04589343340568258,-0.004998219135725034
2023-09-06,0.03781239303391163,0.03467312489834879,-0.0031392681355628393
2023-09-07,0.021189450759247535,0.0216230122599117,0.00043356150066416535
2023-09-08,0.03495144642750234,0.03839495236259914,0.003443505935096798
2023-09-11,0.07257575123098858,0.06533916011677936,-0.007236591114209226
2023-09-12,0.025918371289437293,0.02654997368901743,0.0006316023995801383
2023-09-13,-0.02327745384036522,-0.029123596794975344,-0.005846142954610126
2023-09-14,-0.02839759736485348,-0.029479882123968265,-0.0010822847591147843
2023-09-15,-0.045663712555570876,-0.0450149895727777,0.0006487229827931776
2023-09-18,-0.03531283709335728,-0.044639040796793775,-0.009326203703436495
2023-09-19,0.03368038316300474,0.023283695074288676,-0.010396688088716067
2023-09-20,0.01817673255151898,0.01627336495355871,-0.0019033675979602711
2023-09-21,0.05216321029998549,0.04573659507153523,-0.006426615228450262
2023-09-22,0.0715818366419394,0.06997159755729553,-0.0016102390846438747
2023-09-25,0.038947199652780595,0.029130292649419676,-0.009816907003360919
2023-09-26,0.03644993642910305,0.023599488193835925,-0.012850448235267122
2023-09-27,0.08821704079469059,0.07676120767468686,-0.011455833120003728
2023-09-28,0.0474650360065426,0.03970442395836817,-0.00776061204817443
2023-10-09,0.06195961771254414,0.058043254287301824,-0.00391636342524232
2023-10-10,0.05771963899374233,0.05263798567916476,-0.005081653314577571
2023-10-11,0.04622019355082513,0.03922730827852905,-0.006992885272296079
2023-10-12,-0.028971025424655367,-0.02496671375847877,0.0040043116661765965
2023-10-13,-0.059502628601896125,-0.059035642236226094,0.00046698636567003154
2023-10-16,-0.003294555223593458,-0.00046813144782933817,0.0028264237757641203
2023-10-17,-0.05956812354639345,-0.04782040608799909,0.011747717458394362
2023-10-18,0.01688914550103182,0.020659162974559067,0.0037700174735272457
2023-10-19,0.021466257028700336,0.02611665636807783,0.004650399339377494
2023-10-20,0.013920278350603749,0.012074776492275927,-0.0018455018583278214
2023-10-23,0.12976310579106543,0.12250134267153275,-0.00726176311953268
2023-10-24,0.12895262308866862,0.12628218033009111,-0.0026704427585775015
2023-10-25,0.043953751167467206,0.055694136068925634,0.011740384901458428
2023-10-26,0.010305310512294505,0.01674578412397145,0.006440473611676946
2023-10-27,0.007166721785899987,0.012192725543779802,0.005026003757879816
2023-10-30,0.06115116605167192,0.05843307179577596,-0.0027180942558959545
2023-10-31,0.14575472929674838,0.15207786840531917,0.006323139108570797
2023-11-01,0.12139587043335578,0.1254064950809163,0.004010624647560523
2023-11-02,0.09359951482882524,0.09252890812675625,-0.001070606702068988
2023-11-03,0.10334806856204308,0.09919041089590817,-0.004157657666134906
2023-11-06,0.14484869777436346,0.1438507620545944,-0.0009979357197690553
2023-11-07,0.14017631428393604,0.16037576070042447,0.020199446416488437
2023-11-08,0.13896590563988956,0.1516374486850964,0.012671543045206846
2023-11-09,0.14937841443778446,0.14386885522245824,-0.005509559215326226
2023-11-10,0.17280745932535432,0.18757155672866138,0.014764097403307058
2023-11-13,0.14999199549825648,0.1589044339922124,0.008912438493955926
2023-11-14,0.16631385021574968,0.1919088764354807,0.025595026219731032
2023-11-15,0.15890932701524252,0.16479631577637366,0.00588698876113114
2023-11-16,0.14418015092660474,0.1672329556483263,0.023052804721721554
2023-11-17,0.13931284991051132,0.173265284762195,0.03395243485168367
2023-11-20,0.1259353754155411,0.1401337633702049,0.0141983879546638
2023-11-21,0.0691306931849543,0.10681531143062817,0.03768461824567387
2023-11-22,0.04243942831603302,0.08936161636427291,0.04692218804823989
2023-11-23,0.017163065844505106,0.03557250153104763,0.018409435686542523
2023-11-24,0.0350884093080168,0.05377506340319171,0.018686654095174907
2023-11-27,0.026699985536935443,0.0062235867157329604,-0.02047639882120248
2023-11-28,0.029916446304349507,0.04056783192696269,0.010651385622613186
2023-11-29,0.05489986990112591,0.04222667171290752,-0.012673198188218389
2023-11-30,0.04893188033926741,0.01448070811572266,-0.03445117222354475
2023-12-01,0.053297626452840176,0.04565157147143226,-0.007646054981407913
2023-12-04,0.08516672432425308,0.058652991595528524,-0.026513732728724558
2023-12-05,0.09639752884282149,0.05890057017510324,-0.03749695866771825
2023-12-06,0.12308216956048929,0.10355493942119216,-0.019527230139297122
2023-12-07,0.1505571657434965,0.13628085341066068,-0.014276312332835828
2023-12-08,0.1526001576165571,0.1301036337841838,-0.0224965238323733
2023-12-11,0.197778795231008,0.1772276069796114,-0.020551188251396596
2023-12-12,0.2149577616720869,0.21278166774220889,-0.0021760939298780257
2023-12-13,0.18745586217329258,0.17302032468989437,-0.014435537483398209
2023-12-14,0.20622225622003468,0.2002079568696461,-0.00601429935038858
2023-12-15,0.18956666922413626,0.189309208812478,-0.0002574604116582502
2023-12-18,0.19432889703819728,0.1878162439547117,-0.006512653083485587
2023-12-19,0.20184760806306046,0.22201711544804212,0.02016950738498166
2023-12-20,0.1155952586804144,0.13188082652775987,0.016285567847345472
2023-12-21,0.14905041334248167,0.16459809128580596,0.01554767794332429
2023-12-22,0.08109211152525164,0.07322825944439194,-0.007863852080859698
2023-12-25,0.044980990607632124,0.03916795426177492,-0.005813036345857205
2023-12-26,0.09371345653298305,0.09790519451938358,0.004191737986400532
2023-12-27,0.11111699784565698,0.12070352259882301,0.009586524753166029
2023-12-28,0.1531403389278759,0.1562236976597486,0.0030833587318727096
2023-12-29,0.21095995060084846,0.21362758786642352,0.0026676372655750624
2024-01-02,0.15214324573908833,0.15202555564622006,-0.00011769009286827226
2024-01-03,0.12658824688919507,0.12929608649037475,0.002707839601179679
2024-01-04,0.12252885418238502,0.12139873471175905,-0.0011301194706259676
2024-01-05,0.017443812198731014,0.01791555625168599,0.00047174405295497684
2024-01-08,-0.08610995818463817,-0.07950084346843507,0.006609114716203096
2024-01-09,-0.08794346849920483,-0.08434892140978749,0.003594547089417338
2024-01-10,-0.045490533960970296,-0.04513281409785313,0.0003577198631171674
2024-01-11,-0.028483887819720152,-0.011925908757367088,0.016557979062353064
2024-01-12,-0.08312497580901825,-0.07107680993746206,0.012048165871556188
2024-01-15,-0.08922260705166343,-0.07562207832694078,0.013600528724722658
2024-01-16,-0.0792846653407701,-0.06853667530104418,0.010747990039725916
2024-01-17,-0.13295965262994383,-0.12516130672390433,0.0077983459060395055
2024-01-18,-0.13641735367223493,-0.1131851068070299,0.02323224686520503
2024-01-19,-0.09479137227132287,-0.07633364003902787,0.018457732232294993
2024-01-22,0.0010349742985585704,0.016843819352372252,0.01580884505381368
2024-01-23,-0.1177145545269923,-0.10315880482003636,0.014555749706955931
2024-01-24,-0.015146714255468822,-0.00010489450830304007,0.015041819747165782
2024-01-25,-0.033691268419940225,-0.036172094687168706,-0.002480826267228481
2024-01-26,-0.045140122295972016,-0.04120521957823832,0.003934902717733696
2024-01-29,-0.07494938212469081,-0.0725306507215122,0.002418731403178609
2024-01-30,0.02164055164867307,0.021070963400766217,-0.0005695882479068541
2024-01-31,0.0907342285173912,0.08930372360710066,-0.0014305049102905365
2024-02-01,0.036100683681399556,0.032754359594654364,-0.003346324086745192
2024-02-02,0.20072917807085902,0.2031007821184767,0.002371604047617687
2024-02-05,0.2838412000685098,0.27885985035633415,-0.004981349712175676
2024-02-06,0.24010754232314113,0.2381983660699367,-0.001909176253204442
2024-02-07,0.08402291650704481,0.08955645359866007,0.005533537091615262
2024-02-08,0.0743386525135852,0.08101665607505058,0.00667800356146539
2024-02-19,0.13551824286291905,0.1461826913194611,0.010664448456542047
2024-02-20,0.1418701458188294,0.15018020511537666,0.008310059296547267
2024-02-21,0.17684238781156392,0.17882368622884995,0.0019812984172860315
2024-02-22,0.1500954070957384,0.15712517459054523,0.007029767494806827
2024-02-23,0.08893023089647294,0.09075054142111313,0.001820310524640198
2024-02-26,-0.01577060061761029,-0.01402541151079505,0.0017451891068152384
2024-02-27,-0.024284265521986304,-0.02298132954500348,0.0013029359769828226
2024-02-28,-0.03133185580166088,-0.03551435302871515,-0.004182497227054265
2024-02-29,0.02920922375324417,0.019632218825493115,-0.009577004927751057
2024-03-01,0.04637368420932092,0.048886795579269365,0.0025131113699484453
2024-03-04,0.047283593575101125,0.049119928506864405,0.0018363349317632796
2024-03-05,0.04423064502757264,0.059705553496861956,0.015474908469289318
2024-03-06,0.06757604930770306,0.07725381848296851,0.009677769175265458
2024-03-07,0.029526200896115355,0.038357952051529566,0.008831751155414212
2024-03-08,0.0532346256613391,0.06825697814405947,0.015022352482720366
2024-03-11,0.10959617231370249,0.12460454158660869,0.015008369272906205
2024-03-12,0.12864561545921827,0.14154030080470686,0.012894685345488599
2024-03-13,0.1150928127026006,0.13316049419473838,0.018067681492137777
2024-03-14,0.08774808936960679,0.11395221807047237,0.02620412870086558
2024-03-15,0.13135510343554854,0.14182737122145606,0.010472267785907513
2024-03-18,0.16429835413072624,0.16514346432656857,0.0008451101958423246
2024-03-19,0.16418080166558094,0.17005817568429796,0.005877374018717019
2024-03-20,0.2303657811199044,0.23630099351300934,0.005935212393104933
2024-03-21,0.2135478036313266,0.20935562897774193,-0.004192174653584679
2024-03-22,0.25362341892426565,0.25741748704669015,0.0037940681224244988
2024-03-25,0.21809947632481136,0.21535220059144494,-0.0027472757333664166
2024-03-26,0.1579260247407868,0.157936533183724,1.0508442937207096e-05
2024-03-27,0.04251640093202633,0.04858837299344596,0.006071972061419635
2024-03-28,0.05400759866551688,0.0565381399753386,0.002530541309821721
2024-03-29,0.07186668416434908,0.07281325371430832,0.0009465695499592391
2024-04-01,0.08860721080872695,0.09081274330569127,0.002205532496964313
2024-04-02,0.11119848503014589,0.10792705892403269,-0.0032714261061131955
2024-04-03,0.08868191431610098,0.08383476960196964,-0.004847144714131335
2024-04-08,0.09217160424855235,0.1029225949438983,0.01075099069534595
2024-04-09,0.11508528116248774,0.11699031649963039,0.0019050353371426465
2024-04-10,0.10396807374903534,0.10932674954857283,0.005358675799537485
2024-04-11,0.12469439164731086,0.12801710559180296,0.0033227139444921006
2024-04-12,0.08896429486723698,0.08346328726146585,-0.00550100760577113
2024-04-15,0.09959646514507828,0.09248264458874433,-0.007113820556333944
2024-04-16,0.08335404122174925,0.07647016655558234,-0.0068838746661669115
2024-04-17,0.0784194092401256,0.07402826861197236,-0.0043911406281532395
2024-04-18,0.08289255113783114,0.07634053708287879,-0.006552014054952357
2024-04-19,0.05882429732697792,0.062072363019348396,0.003248065692370475
2024-04-22,0.045448694840421626,0.049570504543221795,0.004121809702800169
2024-04-23,0.07227552260312932,0.0800061196104764,0.007730597007347087
2024-04-24,0.0636725697311069,0.0748147569642374,0.011142187233130499
2024-04-25,0.085187928906879,0.08998165455154057,0.004793725644661573
2024-04-26,0.17848997040398012,0.1790956618911584,0.0006056914871782615
2024-04-29,0.1979536539739873,0.19358142681838766,-0.004372227155599623
2024-04-30,0.14989021479475007,0.14993525995714935,4.5045162399282024e-05
2024-05-06,0.1365075516502349,0.13355392659222176,-0.0029536250580131373
2024-05-07,0.09415497731637867,0.09294160775337022,-0.0012133695630084512
2024-05-08,0.05451261850945003,0.049289409835676715,-0.005223208673773315
2024-05-09,0.08767306916852691,0.08377682987831396,-0.0038962392902129467
2024-05-10,0.10237674386760488,0.10220456437983627,-0.0001721794877686117
2024-05-13,0.1403139573416692,0.14386638250938805,0.0035524251677188368
2024-05-14,0.09601121623369471,0.0998631738868956,0.0038519576532008853
2024-05-15,0.1240092654472492,0.12733659363969618,0.0033273281924469794
2024-05-16,0.09128779051961564,0.09498081632444597,0.00369302580483033
2024-05-17,0.04030495650628073,0.04426932764110231,0.003964371134821579
2024-05-20,0.058156548317275326,0.05991540057222601,0.0017588522549506838
2024-05-21,0.06986592424888577,0.06829424592318686,-0.0015716783256989053
2024-05-22,0.05326154657054147,0.046923135592856186,-0.006338410977685283
2024-05-23,0.04445006327558265,0.04029125630058214,-0.004158806975000512
2024-05-24,0.027201720096492205,0.022002563290360214,-0.005199156806131991
2024-05-27,0.03725931368427771,0.03474900114782329,-0.002510312536454423
2024-05-28,0.02583992821387042,0.026571952460068538,0.0007320242461981187
2024-05-29,0.10690339967806023,0.10577586930859148,-0.0011275303694687488
2024-05-30,0.08141836217241566,0.080877902047005,-0.0005404601254106606
2024-05-31,0.0720739146117206,0.07383210982673413,0.0017581952150135388
2024-06-03,0.13782372288852274,0.13787953465328062,5.581176475788485e-05
2024-06-04,0.14343491670315406,0.13513620290891118,-0.008298713794242879
2024-06-05,0.18232204455853554,0.17625769937370842,-0.006064345184827125
2024-06-06,0.1633404042225645,0.15704299553360165,-0.0062974086889628356
2024-06-07,0.15169522347543007,0.144008862495973,-0.007686360979457074
2024-06-11,0.12201874123557797,0.11654934831981408,-0.005469392915763899
2024-06-12,0.11144774609900589,0.10715776453484138,-0.004289981564164505
2024-06-13,0.1209215390506804,0.11539237594885922,-0.00552916310182118
2024-06-14,0.14338384416098046,0.13357902065176108,-0.00980482350921938
2024-06-17,0.17292072955731794,0.16276936330023942,-0.01015136625707852
2024-06-18,0.17848987757834203,0.17167398685902274,-0.00681589071931929
2024-06-19,0.23712314059469763,0.23286552591694643,-0.004257614677751209
2024-06-20,0.19818973955617122,0.19484957941745631,-0.0033401601387149094
2024-06-21,0.1776385123857505,0.1751651105933309,-0.002473401792419616
2024-06-24,0.09336556384478883,0.09290102328558693,-0.0004645405592019064
2024-06-25,0.14052238034380468,0.1369039916670631,-0.0036183886767415796
2024-06-26,0.13844857890291734,0.13664643363123918,-0.0018021452716781572
2024-06-27,0.1045935778330636,0.10044615200919854,-0.004147425823865056
2024-06-28,0.11566764528502606,0.11406422445057443,-0.001603420834451627
2024-07-01,0.1580401258520083,0.15434947572355087,-0.003690650128457429
2024-07-02,0.08409221262068906,0.08217540312902614,-0.0019168094916629103
2024-07-03,-0.03458352196993406,-0.03732163365776688,-0.00273811168783282
2024-07-04,0.0070900357403605825,0.0032852911441960263,-0.003804744596164556
2024-07-05,0.13090788090711344,0.12621809642538542,-0.004689784481728021
2024-07-08,0.10877318686227654,0.10688225629518223,-0.001890930567094301
2024-07-09,0.1933319760101719,0.19180800644601378,-0.001523969564158123
2024-07-10,0.232446110176359,0.2270888390802805,-0.005357271096078503
2024-07-11,0.2244844207298741,0.21630194851701046,-0.00818247221286364
2024-07-12,0.23319064495665282,0.23118400377435785,-0.0020066411822949604
2024-07-15,0.2214465026619135,0.223631506778727,0.0021850041168134937
2024-07-16,0.21475522001356878,0.21472027600362814,-3.494400994064062e-05
2024-07-17,0.19085401891104922,0.19049202656126019,-0.0003619923497890365
2024-07-18,0.19415051245318496,0.1946996972875949,0.0005491848344099381
2024-07-19,0.20063051542502008,0.20640841199595292,0.005777896570932833
2024-07-22,0.2399303965473905,0.24371736477929207,0.003786968231901555
2024-07-23,0.16491477437254337,0.17064920820217966,0.005734433829636287
2024-07-24,0.08227838443151353,0.08949033651354008,0.007211952082026546
2024-07-25,0.12583250412900446,0.1305914890235718,0.004758984894567331
2024-07-26,0.14279862417285275,0.14773084320983224,0.0049322190369794905
2024-07-29,0.10427410152714783,0.11199335343864525,0.007719251911497416
2024-07-30,0.13636025006478072,0.13985951052846454,0.0034992604636838176
2024-07-31,0.22648421129896196,0.2277477712207905,0.0012635599218285554
2024-08-01,0.16739260709851106,0.1699955602190873,0.0026029531205762346
2024-08-02,-0.018100590093448134,-0.018274204460998953,-0.00017361436755081866
2024-08-05,0.058964479704263155,0.05841571405454519,-0.0005487656497179666
2024-08-06,0.09246175949365272,0.08935286196249603,-0.0031088975311566874
2024-08-07,0.015033175228111447,0.012238989881468352,-0.0027941853466430955
2024-08-08,0.026563990319915697,0.026405967651884965,-0.00015802266803073214
2024-08-09,0.03195562468841734,0.03124015522121196,-0.0007154694672053784
2024-08-12,0.06128488863833907,0.0603110957976531,-0.0009737928406859733
2024-08-13,0.07365876395352557,0.0703243774485336,-0.0033343865049919597
2024-08-14,0.031591699563243876,0.02810974512435354,-0.003481954438890336
2024-08-15,0.06701892452855383,0.06327708280013089,-0.0037418417284229427
2024-08-16,0.06329233078516373,0.0588233273329921,-0.004469003452171633
2024-08-19,0.07517949585035753,0.071132174692567,-0.004047321157790537
2024-08-20,0.061481094765273116,0.06112037220703758,-0.000360722558235535
2024-08-21,0.12198699015041467,0.11969050424077061,-0.0022964859096440554
2024-08-22,0.07730635786234304,0.07574306853216252,-0.0015632893301805173
2024-08-23,0.020080815124337795,0.02125679754115295,0.0011759824168151543
2024-08-26,-0.01189681040456938,-0.013356208317529969,-0.0014593979129605885
2024-08-27,-0.06991983847625058,-0.06456555720863205,0.005354281267618527
2024-08-28,-0.1593909310593605,-0.1535424718353492,0.00584845922401131
2024-08-29,-0.10135481310396281,-0.10967991352834813,-0.00832510042438532
2024-08-30,-0.12747023628098336,-0.1452324473845081,-0.017762211103524744
2024-09-02,-0.11741999567631174,-0.1293042671734059,-0.01188427149709416
2024-09-03,-0.16189334314956688,-0.16874499699100612,-0.006851653841439237
2024-09-04,-0.11790123319743458,-0.1216426782992082,-0.003741445101773627
2024-09-05,-0.12049553681730062,-0.12986058995411515,-0.00936505313681453
2024-09-06,-0.1316641711503928,-0.13571167141983032,-0.0040475002694375095
2024-09-09,-0.10973621589641683,-0.10358656803031337,0.006149647866103461
2024-09-10,-0.12669294504813458,-0.12824922283222945,-0.0015562777840948672
2024-09-11,-0.15059031125296532,-0.1480068357627696,0.002583475490195719
2024-09-12,-0.12351205413925226,-0.12135677097133007,0.002155283167922184
2024-09-13,-0.13574922058262512,-0.13954224853002528,-0.0037930279474001627
2024-09-18,-0.12239531051306952,-0.12947721789144945,-0.007081907378379923
2024-09-19,-0.09894750114680995,-0.10263625021922025,-0.003688749072410305
2024-09-20,-0.116182911489446,-0.11850389506337777,-0.002320983573931776
2024-09-23,-0.07596359697843104,-0.06577310519419521,0.010190491784235825
2024-09-24,-0.0942273863077803,-0.09148492728311593,0.0027424590246643704
2024-09-25,-0.12038947979360096,-0.1274838466683055,-0.00709436687470455
2024-09-26,-0.09013743272452884,-0.08632144796832768,0.0038159847562011656
2024-09-27,0.07530377430386377,0.06096263558549199,-0.014341138718371782
2024-09-30,0.04225252320251914,0.039946353754100626,-0.0023061694484185144
2024-10-08,0.018021050663843217,0.011810518554396906,-0.006210532109446311
2024-10-09,0.09507004210024267,0.09443871322127481,-0.0006313288789678573
2024-10-10,-0.039026685756841505,-0.05465419451128965,-0.015627508754448148
2024-10-11,-0.01745650160220322,-0.02086970582070593,-0.0034132042185027085
2024-10-14,-0.08813922039708873,-0.09447447254934856,-0.006335252152259829
2024-10-15,-0.11759498868998547,-0.11382791408022865,0.0037670746097568236
2024-10-16,-0.11702667581045963,-0.13087354074868257,-0.013846864938222944
2024-10-17,-0.09094387858441164,-0.11396858980421695,-0.023024711219805316
2024-10-18,0.02758718497629784,0.019985510135020194,-0.007601674841277644
2024-10-21,0.06809176256618898,0.0492311144865561,-0.018860648079632884
2024-10-22,0.056216301390357146,0.043456219420070295,-0.01276008197028685
2024-10-23,0.030784984350055215,0.040062790242687336,0.009277805892632121
2024-10-24,0.010408656634877219,0.007538475368424217,-0.0028701812664530023
2024-10-25,0.1060585764274711,0.09932407757066707,-0.006734498856804036
2024-10-28,0.1297636842912563,0.12405749193920444,-0.005706192352051845
2024-10-29,0.057842335031892886,0.12630323777057334,0.06846090273868045
2024-10-30,0.04606717572045672,0.10559395663628887,0.059526780915832155
2024-10-31,0.13124227614221295,0.18799053532688598,0.05674825918467302
2024-11-01,0.049366663390247534,0.07981983047850774,0.030453167088260208
2024-11-04,0.06236885822989027,0.025710238556102383,-0.03665861967378789
2024-11-05,0.16651331838278077,0.18214922094913366,0.01563590256635289
2024-11-06,0.16722022661970692,0.24479921303569321,0.07757898641598629
2024-11-07,0.2614494555985347,0.2327786000910626,-0.028670855507472115
2024-11-08,0.20991244647849117,0.20613791976788767,-0.003774526710603493
2024-11-11,0.21714046851822605,0.2384864823837961,0.021346013865570057
2024-11-12,0.24196676367972403,0.2396039923113421,-0.002362771368381922
2024-11-13,0.21791355327108472,0.26336209464855403,0.045448541377469315
2024-11-14,0.22325989722356915,0.1878678285241363,-0.035392068699432844
2024-11-15,0.20357834587763377,0.16956825706234366,-0.03401008881529011
2024-11-18,0.2505591022969407,0.18450198503009896,-0.06605711726684171
2024-11-19,0.2628630438910394,0.22293988243245685,-0.03992316145858257
2024-11-20,0.2748088938474415,0.23802989748486966,-0.03677899636257184
2024-11-21,0.28135019453987153,0.2434209308864611,-0.03792926365341043
2024-11-22,0.2192498461513459,0.1756003872395654,-0.043649458911780514
2024-11-25,0.1938771637252657,0.20198237702980787,0.00810521330454217
2024-11-26,0.17850843733280455,0.19930826752782482,0.02079983019502027
2024-11-27,0.22901154853918415,0.23516449448595508,0.006152945946770932
2024-11-28,0.14019066117637372,0.2001847207918084,0.05999405961543469
2024-11-29,0.24129107665255561,0.21116292525746402,-0.03012815139509159
2024-12-02,0.27587596965142214,0.2617802875649633,-0.014095682086458838
2024-12-03,0.30136364356813194,0.32133202081573053,0.01996837724759859
2024-12-04,0.3010520854635079,0.23459504609012047,-0.06645703937338746
2024-12-05,0.29577263220636235,0.23312860775996794,-0.06264402444639441
2024-12-06,0.32563259147351414,0.3230909647016198,-0.0025416267718943453
2024-12-09,0.31421223478800786,0.27928616492788616,-0.0349260698601217
2024-12-10,0.2607307336660499,0.26083532037669854,0.00010458671064866865
2024-12-11,0.2350609011117212,0.21765571052421606,-0.017405190587505143
2024-12-12,0.2367155254440057,0.2330710576950932,-0.0036444677489125
2024-12-13,0.20332773964444464,0.22153978125803592,0.018212041613591273
2024-12-16,0.18368180592427794,0.16111077145900837,-0.022571034465269563
2024-12-17,0.15769852838266438,0.20148307287992304,0.04378454449725866
2024-12-18,0.1669826206826945,0.17781194206567907,0.010829321382984564
2024-12-19,0.16546142335680625,0.11557881232300952,-0.04988261103379672
2024-12-20,0.14890669852693736,0.09968910489485544,-0.04921759363208192
2024-12-23,0.09946203258391219,0.07408508997730319,-0.025376942606609
2024-12-24,0.09200605499679479,0.09196472579054986,-4.132920624493053e-05
2024-12-25,0.11479710245951423,0.1006953015467038,-0.014101800912810436
2024-12-26,0.10555370323418278,0.10395607586770765,-0.0015976273664751323
2024-12-27,0.19094722858181154,0.20107560621528833,0.010128377633476793
2024-12-30,0.12384386667132044,0.13241587558723242,0.008572008915911977
2024-12-31,-0.04731801649738928,-0.03673943240048117,0.010578584096908109
2025-01-02,-0.16127436066501652,-0.151770454840821,0.009503905824195524
2025-01-03,-0.2407612288416365,-0.23193003539719986,0.008831193444436641
2025-01-06,-0.19486930022399285,-0.18741609381344104,0.007453206410551805
2025-01-07,-0.1877511591940602,-0.18777136956434864,-2.0210370288431534e-05
2025-01-08,-0.14046571073980477,-0.14691001215570654,-0.006444301415901771
2025-01-09,-0.16199498162274295,-0.1526745095143663,0.009320472108376637
2025-01-10,-0.20378347575198713,-0.21370663319529845,-0.00992315744331132
2025-01-13,-0.12984458656074963,-0.1393806768270948,-0.009536090266345165
2025-01-14,-0.09586356040013386,-0.107239789893029,-0.011376229492895143
2025-01-15,-0.14510873322894735,-0.14812484798286474,-0.003016114753917387
2025-01-16,-0.23113429940544944,-0.23671233667071784,-0.0055780372652683985
2025-01-17,-0.17064451138228548,-0.18248240534957386,-0.011837893967288377
2025-01-20,-0.13844647312277492,-0.14735088024390663,-0.008904407121131719
2025-01-21,-0.15500091249683942,-0.1443004792815293,0.010700433215310112
2025-01-22,-0.03628907424532438,-0.017962224737094225,0.01832684950823016
2025-01-23,-0.09942547542652737,-0.0673375565098364,0.032087918916690966
2025-01-24,-0.02952114808454388,-0.004834039904541879,0.024687108180002
2025-01-27,-0.08368770381078083,-0.06966436009068668,0.014023343720094159
2025-02-05,-0.09684344767958339,-0.10274674171304052,-0.005903294033457129
2025-02-06,-0.0548098617464785,-0.058835516671940466,-0.0040256549254619675
2025-02-07,-0.020746617145731158,-0.02249861850711963,-0.0017520013613884708
2025-02-10,-0.005502566112631955,0.00957055123974446,0.015073117352376417
2025-02-11,-0.06729888653020008,-0.028851049142741263,0.038447837387458814
2025-02-12,-0.013835490961008681,0.020296780843019325,0.034132271804028
2025-02-13,0.01177882796768067,0.029283606397122054,0.017504778429441384
2025-02-14,0.0354207742303908,0.05291903433988373,0.01749826010949293
2025-02-17,0.04232022264532846,0.0427742222350571,0.0004539995897286375
2025-02-18,-0.058920297445515545,-0.05276065805969402,0.006159639385821522
2025-02-19,0.09819557250400757,0.09944264685149526,0.0012470743474876922
2025-02-20,0.19460866495771711,0.18258884050210378,-0.012019824455613337
2025-02-21,0.2867087334107901,0.28025805545798865,-0.006450677952801465
2025-02-24,0.28739036010662944,0.2897656043018087,0.0023752441951792602
2025-02-25,0.3591953891012068,0.35993663211022475,0.0007412430090179556
2025-02-26,0.3690532684782079,0.3713082021986431,0.0022549337204351705
2025-02-27,0.30927431726111837,0.29006348932663345,-0.01921082793448492
2025-02-28,0.30297603704598064,0.2940265004371947,-0.008949536608785946
2025-03-03,0.1514021919415529,0.16338194682199847,0.011979754880445559
2025-03-04,0.2713753582644687,0.26065834149547695,-0.010717016768991727
2025-03-05,0.32426820622835445,0.28968936235853754,-0.03457884386981691
2025-03-06,0.378386351076414,0.3725341103239622,-0.005852240752451776
2025-03-07,0.34945120231241894,0.34484711679090985,-0.004604085521509094
2025-03-10,0.3638089677911459,0.38713648861336464,0.023327520822218728
2025-03-11,0.2933870988893126,0.29924702756740623,0.005859928678093651
2025-03-12,0.283406100723613,0.3152574929840058,0.0318513922603928
2025-03-13,0.2531031502480715,0.28254164502372187,0.02943849477565036
2025-03-14,0.2775526236140631,0.2873860599557802,0.009833436341717128
2025-03-17,0.25260196674454993,0.2574224908296804,0.004820524085130451
2025-03-18,0.2498277250097484,0.2700609730952871,0.020233248085538696
2025-03-19,0.23836862535642817,0.2737103928368409,0.035341767480412734
2025-03-20,0.22957260514413477,0.24986506092685717,0.0202924557827224
2025-03-21,0.1670400002983011,0.18659076607207095,0.01955076577376985
2025-03-24,0.19573411717474773,0.20098005249490938,0.005245935320161654
2025-03-25,0.15535097161419412,0.15909284933539405,0.0037418777211999377
2025-03-26,0.1841539016280727,0.18159904468172547,-0.002554856946347245
2025-03-27,0.2045522343039605,0.19193532798500568,-0.012616906318954818
2025-03-28,0.1759135244789972,0.15669534820505107,-0.01921817627394612
2025-03-31,0.16899110492178002,0.15544735502687407,-0.013543749894905949
2025-04-01,0.0659096214077226,0.06256274044050937,-0.0033468809672132227
2025-04-02,-0.015644631673719666,-0.015983093209494204,-0.00033846153577453755
2025-04-03,-0.13895090589049539,-0.1514601351523858,-0.012509229261890409
2025-04-07,-0.13757026789283244,-0.1580933938116572,-0.02052312591882477
2025-04-08,-0.15704529841230577,-0.193826876942296,-0.03678157852999023
2025-04-09,-0.08323164469101327,-0.09217633866568252,-0.008944693974669252
2025-04-10,-0.019861340864629574,-0.046710227539699986,-0.02684888667507041
2025-04-11,-0.02973185486943657,-0.03548874567139226,-0.0057568908019556934
2025-04-14,0.005158793364341516,0.0066645021508048045,0.0015057087864632883
2025-04-15,0.00593443485646243,-0.007928747832658463,-0.013863182689120894
2025-04-16,-0.06997635773053701,-0.04821772775686675,0.021758629973670257
2025-04-17,-0.02628775252348651,-0.024379584832746163,0.0019081676907403457
2025-04-18,-0.04133468207439875,-0.03210948331678927,0.009225198757609479
2025-04-21,0.0449703119717697,0.042339544372876375,-0.002630767598893323
2025-04-22,0.04884491232502256,0.0413346867603529,-0.007510225564669661
2025-04-23,0.03752678249584027,0.037162868012879394,-0.0003639144829608795
2025-04-24,0.05518621852902185,0.057454481145960926,0.0022682626169390763
2025-04-25,-0.008464494491729476,-0.02162614273102375,-0.013161648239294273
2025-04-28,-0.022207741738322535,-0.02690356026253012,-0.0046958185242075845
2025-04-29,0.030360451287125785,0.01875461536352945,-0.011605835923596337
2025-04-30,0.07071085067945514,0.06066173303047871,-0.010049117648976424
2025-05-06,0.10258827541193591,0.09469882432786947,-0.00788945108406644
2025-05-07,0.022147164679554212,0.0124637728805567,-0.009683391798997512
2025-05-08,-0.016803824744048092,-0.028692832448786364,-0.011889007704738271
2025-05-09,-0.0707672020652482,-0.07662407330069297,-0.005856871235444774
2025-05-12,-0.01045358932603775,-0.01056854117153077,-0.00011495184549301964
2025-05-13,-0.06877785940045213,-0.06582561319023683,0.002952246210215295
2025-05-14,-0.04960203330880877,-0.049694085424817104,-9.205211600833707e-05
2025-05-15,-0.07330977766008191,-0.0721244363507105,0.00118534130937141
2025-05-16,-0.05797198712904919,-0.05498187978628028,0.0029901073427689093
2025-05-19,-0.044308134743930534,-0.04969386432902197,-0.0053857295850914325
2025-05-20,-0.04717153211232953,-0.04727514750740063,-0.00010361539507110218
2025-05-21,-0.01923163472636813,-0.0183931896859528,0.000838445040415331
2025-05-22,-0.034113013911781974,-0.03420642639329931,-9.3412481517334e-05
2025-05-23,-0.018102942482958025,-0.018842357465967387,-0.0007394149830093621
2025-05-26,-0.05296811724031985,-0.04296287933192716,0.010005237908392688
2025-05-27,-0.08799176093766059,-0.08751609228021093,0.0004756686574496627
2025-05-28,-0.03081550915807773,-0.029612918846101396,0.0012025903119763336
2025-05-29,-0.0644315943971193,-0.057214432195937456,0.007217162201181848
2025-05-30,-0.05075496800285838,-0.049905427285808074,0.0008495407170503039
2025-06-03,-0.046098231627137956,-0.046436706085966485,-0.00033847445882852906
2025-06-04,-0.0058206957789402585,-0.009877298974136351,-0.004056603195196093
2025-06-05,-0.05717233194881191,-0.0611271383260608,-0.00395480637724889
2025-06-06,-0.06446167818304503,-0.060410627541555136,0.004051050641489896
2025-06-09,-0.03336622064624047,-0.029422982089212863,0.00394323855702761
2025-06-10,-0.05727251394103414,-0.05861815263194454,-0.0013456386909104015
2025-06-11,-0.05868389749070301,-0.060559402459420056,-0.0018755049687170441
2025-06-12,-0.014531987649605019,-0.016455559016959984,-0.0019235713673549648
2025-06-13,-0.025302539107698835,-0.017889397127866573,0.007413141979832262
2025-06-16,-0.016774797672400376,-0.009324016723102981,0.007450780949297395
2025-06-17,-0.04184901844909164,-0.03576269647372409,0.006086321975367549
2025-06-18,-0.04271080208418703,-0.036647155103438224,0.0060636469807488075
2025-06-19,-0.11340772775074008,-0.10756037914582678,0.005847348604913302
2025-06-20,-0.1392966017469038,-0.13744830429707558,0.001848297449828229
2025-06-23,-0.10282514940612286,-0.09920836322854004,0.0036167861775828203
2025-06-24,-0.06598664473135456,-0.06582339956250463,0.00016324516884992646
2025-06-25,-0.09088127534339334,-0.08465732866831552,0.006223946675077821
2025-06-26,-0.042677825406422114,-0.08260875972937332,-0.0399309343229512
2025-06-27,-0.06425275666736797,-0.08513717969065855,-0.020884423023290577
2025-06-30,-0.07555163967760643,-0.07931678943809159,-0.0037651497604851564
2025-07-01,-0.1064886108884988,-0.09628694996758305,0.010201660920915748
2025-07-02,-0.09217411000336137,-0.09615297411527808,-0.003978864111916711
2025-07-03,-0.05025740647302951,-0.05484892642258861,-0.0045915199495591
2025-07-04,-0.02231293936006119,-0.031574447370958166,-0.009261508010896976
2025-07-07,-0.017534826258182677,-0.025007629461792576,-0.0074728032036099
2025-07-08,-0.03741361871694718,-0.04915689847310105,-0.011743279756153871
2025-07-09,-0.08534661064228279,-0.08646429020148282,-0.00111767955920003
2025-07-10,-0.05485752350445772,-0.05798619554472892,-0.003128672040271202
2025-07-11,-0.06989282601222392,-0.08048218640177256,-0.010589360389548635
2025-07-14,-0.02915630700844204,-0.05955397267973768,-0.030397665671295638
2025-07-15,-0.07065763329661962,-0.10437444812550789,-0.033716814828888275
2025-07-16,-0.07269203893062413,-0.10869157596582162,-0.03599953703519748
2025-07-17,-0.07342645808004508,-0.08265623255292896,-0.009229774472883881
2025-07-18,-0.05997782719385304,-0.05978828206826429,0.00018954512558875397
2025-07-21,-0.06843259214439444,-0.09571208709442348,-0.027279494950029043
2025-07-22,-0.06506176938009298,-0.08866448227557513,-0.02360271289548216
2025-07-23,-0.058089137546471235,-0.07995136187138711,-0.02186222432491588
2025-07-24,-0.049866314328607504,-0.06345454862955871,-0.013588234300951206
2025-07-25,-0.13836333821455082,-0.16623359368426538,-0.027870255469714555
2025-07-28,-0.16032576565413545,-0.18313451387171512,-0.022808748217579666
2025-07-29,-0.06833663867881347,-0.07841044227100391,-0.010073803592190442
2025-07-30,-0.028129457720279215,-0.08817250329703448,-0.060043045576755265
2025-07-31,-0.1327005148815724,-0.18724838636327484,-0.054547871481702453
2025-08-01,-0.19402663410296334,-0.23011533845899623,-0.0360887043560329
2025-08-04,-0.1753146323183256,-0.22104998088328554,-0.04573534856495995
2025-08-05,-0.15312707699673014,-0.20356877880321847,-0.050441701806488326
2025-08-06,-0.1117111773135559,-0.15048832197917544,-0.038777144665619545
2025-08-07,-0.07962220488777114,-0.10930190614150165,-0.02967970125373051
2025-08-08,-0.142560486273024,-0.176628112451562,-0.03406762617853801
2025-08-11,-0.15192166597937976,-0.19559120761057827,-0.043669541631198516
2025-08-12,-0.1328387997059522,-0.16648778884263984,-0.03364898913668765
2025-08-13,-0.1191134897737792,-0.13826573702806694,-0.01915224725428774
2025-08-14,-0.13693686065298105,-0.1659226989227261,-0.028985838269745046
2025-08-15,-0.08510382574102586,-0.11912525599870294,-0.03402143025767708
2025-08-18,-0.13784826048591353,-0.1563226198851551,-0.01847435939924158
2025-08-19,-0.15063988981126658,-0.18796725604428954,-0.03732736623302296
2025-08-20,-0.13683303486339993,-0.16608935424836607,-0.029256319384966145
2025-08-21,-0.21787401890671848,0.2437297954779704,0.4616038143846889
2025-08-22,-0.14127292081950057,0.13803864551834844,0.27931156633784904
2025-08-25,-0.1721974265587719,0.20776311656005514,0.37996054311882704
2025-08-26,-0.15521828418900308,0.18763888894047773,0.34285717312948083
2025-08-27,-0.1789853144251079,0.21118504579339017,0.39017036021849805
2025-08-28,-0.11701958074006595,0.15917703121655993,0.27619661195662587
2025-08-29,-0.043232876052666167,0.10226494710259959,0.14549782315526577
2025-09-01,-0.10316968193788792,0.1463545875602101,0.24952426949809803
2025-09-02,-0.14403750329106735,0.1878294306031764,0.3318669338942437
2025-09-03,-0.19860293855788466,0.24129877713390374,0.4399017156917884
2025-09-04,-0.10710292051133244,0.11934870136714955,0.226451621878482
2025-09-05,-0.16220385747312097,0.16105287841365454,0.3232567358867755
2025-09-08,-0.08669019414896521,0.08691381349257699,0.1736040076415422
2025-09-09,-0.06700500191200096,0.07571267067773454,0.1427176725897355
2025-09-10,-0.024939280041100992,0.04975803809761335,0.07469731813871434
2025-09-11,0.08785039516286826,-0.05974753165467021,-0.14759792681753847
2025-09-12,0.06419519232605496,-0.05013675239760852,-0.11433194472366348
2025-09-15,0.06255260776234146,-0.05160246980773765,-0.11415507757007912
2025-09-16,0.11225948568026882,-0.08468521021975495,-0.19694469590002378
2025-09-17,0.08635883825513224,-0.08799879459985888,-0.17435763285499112
2025-09-18,0.009415741036170386,0.0008341481761480837,-0.008581592860022302
2025-09-19,-0.05102275037702653,0.045318707031809395,0.09634145740883593
2025-09-22,0.030719630533603506,-0.010915619437096725,-0.04163524997070023
2025-09-23,-0.05147458939576001,0.08221124962134617,0.13368583901710618
2025-09-24,-0.01440347610646808,0.03712180782421137,0.051525283930679455
2025-09-25,0.10023738884422002,-0.09788544375319704,-0.19812283259741706
2025-09-26,0.032097306937823415,-0.03947989845146138,-0.0715772053892848
2025-09-29,0.1638815851323779,-0.1835723969997686,-0.3474539821321465
2025-09-30,0.20113113774937924,-0.18580212814674432,-0.38693326589612353
2025-10-09,0.12346760249454133,-0.12898798183526292,-0.25245558432980425
2025-10-10,-0.059529810222629195,0.06259822992189458,0.12212804014452378
2025-10-13,0.058895236760402946,-0.07929225889695721,-0.13818749565736016
2025-10-14,-0.01219846816595643,-0.009899450801819773,0.002299017364136657
2025-10-15,0.0816527299080836,-0.10541537477044269,-0.1870681046785263
2025-10-16,0.07224223480877533,-0.06820032122927935,-0.14044255603805467
2025-10-17,0.03392167496814146,-0.0564976278812771,-0.09041930284941857
2025-10-20,0.0003599306641604857,-0.01921572306688148,-0.019575653731041965
2025-10-21,0.0736760123082578,-0.09647085960586273,-0.17014687191412053
2025-10-22,0.0025242760018447602,-0.014041746493797014,-0.016566022495641774
2025-10-23,0.17880964772796737,-0.1847343247711857,-0.36354397249915305
2025-10-24,0.18013664895689227,0.18076323466566038,0.0006265857087681126
2025-10-27,0.2583043401154868,0.2584773770318524,0.0001730369163656098
2025-10-28,0.19841273840207993,0.19835879404537346,-5.394435670647013e-05
2025-10-29,0.23152076328648075,0.2314110525099321,-0.00010971077654864381
2025-10-30,0.21190803229369196,0.21191747842699962,9.446133307666749e-06
2025-10-31,0.09697576377068987,0.09665833965901933,-0.00031742411167053064
2025-11-03,0.14919416651907566,0.14896123928302954,-0.00023292723604612098
2025-11-04,0.04434375580778147,0.04434735302174305,3.597213961578638e-06
2025-11-05,0.19093247940506058,0.19096035843792958,2.7879032868993736e-05
2025-11-06,0.1836309973856964,0.18351853572559562,-0.00011246166010078773
2025-11-07,0.1481870999212987,0.149851681495656,0.00166458157435731
2025-11-10,0.1446940677538336,0.14490256653764524,0.00020849878381165587
2025-11-11,0.03013390062053545,0.030333798345842603,0.0001998977253071521
2025-11-12,0.033038727970953516,0.03362547765117581,0.0005867496802222927
2025-11-13,0.14675550447067942,0.1471169933788865,0.000361488908207086
2025-11-14,0.10573358123810278,0.10661434597574461,0.0008807647376418287
2025-11-17,0.11750272071343734,0.11803538353184335,0.0005326628184060128
2025-11-18,0.11282216125040273,0.11343528730425535,0.0006131260538526223
2025-11-19,0.06734523206417688,0.06707278124819055,-0.0002724508159863276
2025-11-20,0.05746994095960429,0.057829926306518335,0.00035998534691404627
2025-11-21,-0.014094453226604612,-0.014583267591687753,-0.0004888143650831414
2025-11-24,-0.0029862127254510723,-0.0035585969185647154,-0.0005723841931136431
2025-11-25,-0.09521574419954487,-0.09530241798951732,-8.667378997244402e-05
2025-11-26,-0.065412041737971,-0.06550607101762126,-9.402927965027064e-05
2025-11-27,-0.08425381986333465,-0.08422231202247418,3.150784086046465e-05
2025-11-28,-0.04356448494183716,-0.043544301439197484,2.0183502639672946e-05
2025-12-01,-0.024610368803289144,-0.024632382270842055,-2.2013467552910865e-05
2025-12-02,-0.07656328516196664,-0.07671828920732518,-0.00015500404535853662
2025-12-03,-0.027484064781395673,-0.02761795780367964,-0.00013389302228396585
2025-12-04,-0.046674901226204386,-0.04676018924724827,-8.528802104388472e-05
2025-12-05,-0.1264518764277885,-0.1264518764277885,0.0
2025-12-08,-0.12372718200732338,-0.12364281203964209,8.436996768129701e-05
2025-12-09,-0.019281791945819353,-0.02148331443348694,-0.0022015224876675878
2025-12-10,-0.04270880128197727,-0.04289130625885536,-0.00018250497687808537
2025-12-11,-0.02986725076235277,-0.02984753458951037,1.97161728423996e-05
2025-12-12,-0.008854619336699527,-0.008795014655019714,5.960468167981285e-05
2025-12-15,-0.031651126073947766,-0.03170569421382476,-5.456813987699677e-05
2025-12-16,-0.04620071509463937,-0.04648681034530481,-0.0002860952506654399
2025-12-17,-0.02785681803683535,-0.02823323364301789,-0.00037641560618253966
2025-12-18,-0.062035548900119024,-0.062257486160102106,-0.00022193725998308211
2025-12-19,-0.06051106795447363,-0.07283244621756751,-0.012321378263093888
2025-12-22,-0.056988143652864975,-0.06394782871110062,-0.006959685058235646
2025-12-23,-0.07648776563731295,-0.07016633760702932,0.006321428030283627
2025-12-24,-0.06493409323873285,-0.056168530531808376,0.008765562706924475
2025-12-25,-0.04796092821561793,-0.05355094803989788,-0.0055900198242799445
2025-12-26,-0.05831270192358198,-0.05526319458906337,0.003049507334518614
2025-12-29,-0.05467883991373925,-0.061205660496409776,-0.0065268205826705256
2025-12-30,-0.00499874607647916,-0.011220498296668466,-0.0062217522201893066
2025-12-31,-0.01383873354425975,-0.0138980531549063,-5.931961064654934e-05
2026-01-05,0.012495047383573848,0.02173426314987097,0.009239215766297122
2026-01-06,0.03821046192467757,0.05363122842388554,0.015420766499207969
2026-01-07,0.0446511611034202,0.048685128779985445,0.004033967676565248
2026-01-08,0.0956883796246763,0.09276197405470403,-0.0029264055699722707
2026-01-09,0.02280261899547658,0.03878839490621786,0.01598577591074128
2026-01-12,-0.03348633026387983,-0.02713427301259241,0.006352057251287419
2026-01-13,-0.0002818244220247196,0.0017968290784761889,0.0020786535005009087
2026-01-14,0.040384795896027656,0.06375648374720287,0.023371687851175216
2026-01-15,0.08551326081791942,0.09555073860311761,0.010037477785198187
2026-01-16,0.021240166039038312,0.02835561156132597,0.007115445522287659
2026-01-19,0.02611616001091849,0.02739940957501321,0.001283249564094719
2026-01-20,-0.08426641263551961,-0.07235171119112227,0.011914701444397338
2026-01-21,-0.026617817765422408,-0.009650294931852158,0.01696752283357025
2026-01-22,-0.02750268372658337,-0.016322887912144157,0.011179795814439213
2026-01-23,-0.07732880099257754,-0.07107571692096445,0.0062530840716130826
2026-01-26,-0.059448148383086395,-0.052526613355456074,0.006921535027630321
2026-01-27,-0.06691489199333438,-0.07100295133900014,-0.004088059345665765
2026-01-28,-0.0028093692779707123,0.005103817616522339,0.007913186894493052
2026-01-29,-0.02096948839667404,-0.025209557773844933,-0.004240069377170894
2026-01-30,-0.027614272446954045,-0.022469796636052412,0.005144475810901633
2026-02-02,-0.0066445263936053085,0.003985824279061059,0.010630350672666367
2026-02-03,0.014342840374407263,0.022241817514744563,0.0078989771403373
2026-02-04,-0.045740553968954274,-0.021748698179259892,0.023991855789694382
2026-02-05,-0.09889398517750683,-0.08690854542562998,0.011985439751876853
2026-02-06,-0.03148258113709673,-0.02274428337427317,0.008738297762823564
2026-02-09,0.030355136125619974,0.03572965335194872,0.005374517226328746
2026-02-10,0.047949108195927,0.055015182047090674,0.007066073851163673
2026-02-11,0.09358289160161636,0.08781848482138435,-0.005764406780232004
2026-02-12,0.13154658645595227,0.11468970723209806,-0.016856879223854204
2026-02-13,0.11061258122434818,0.10592446991638388,-0.004688111307964302
2026-02-24,0.07816549082298929,0.06916905774709109,-0.008996433075898203
2026-02-25,-0.09733463226038559,-0.09929227594017398,-0.0019576436797883873
2026-02-26,-0.11047786717925931,-0.1137773290334509,-0.003299461854191596
2026-02-27,-0.1156463289496386,-0.11576512496267621,-0.000118796013037617
2026-03-02,-0.0946898625235384,-0.09020317902519003,0.004486683498348382
2026-03-03,-0.12768135569569244,-0.11684551644572,0.010835839249972445
2026-03-04,-0.05839774281978729,-0.05707586735455361,0.001321875465233678
2026-03-05,-0.0827687153347609,-0.08944536582105297,-0.006676650486292068
2026-03-06,-0.05658299712745413,-0.06641644590256357,-0.009833448775109443
2026-03-09,-0.04016959484888323,-0.05010628010045696,-0.009936685251573728
2026-03-10,-0.052685650105356675,-0.05139615275376779,0.0012894973515888836
2026-03-11,-0.05375277447432345,-0.059314514356765866,-0.005561739882442414
2026-03-12,-0.023917288883272457,-0.028304256823237665,-0.004386967939965208
2026-03-13,0.0037661378750895626,-0.00292476956735765,-0.006690907442447212
2026-03-16,-0.02556576006140461,-0.027233459853889207,-0.001667699792484597
2026-03-17,-0.05692688474851576,-0.06917298050187651,-0.012246095753360747
2026-03-18,-0.08134976884490085,-0.09097373833029646,-0.009623969485395609
2026-03-19,-0.06969419267369846,-0.07655599305002658,-0.006861800376328123
2026-03-20,-0.06487212774275314,-0.06592017286456962,-0.001048045121816485
2026-03-23,-0.07540165648252946,-0.08461852093789357,-0.009216864455364113
2026-03-24,-0.03389416480978395,-0.03281034640729093,0.0010838184024930253
2026-03-25,-0.049666602804632816,-0.0608412454672163,-0.011174642662583487
2026-03-26,-0.05096256460874745,-0.051723041868991494,-0.000760477260244044
2026-03-27,-0.01838080280049886,-0.028035041168376577,-0.009654238367877717
2026-03-30,-0.04223148259834304,-0.05380082031815112,-0.01156933771980808
2026-03-31,-0.06056698838990949,-0.0713619772477302,-0.010794988857820716
2026-04-01,-0.006687539298480471,-0.014669714414148,-0.007982175115667529
2026-04-02,-0.0027283432754990878,-0.011206051292419266,-0.008477708016920178
2026-04-03,0.06459406633684842,0.05716874334926728,-0.007425322987581133
2026-04-07,0.04675202937555103,0.053297818194786094,0.0065457888192350655
2026-04-08,0.030922875419387572,0.03566551622497159,0.004742640805584019
2026-04-09,0.051876259279395105,0.05277823495624178,0.0009019756768466752
2026-04-10,0.049060990520105055,0.04450357165882406,-0.0045574188612809916
2026-04-13,0.03236011998278018,0.03932661847724664,0.006966498494466455
2026-04-14,-0.020425952798472483,-0.012071867390739153,0.00835408540773333
2026-04-15,-0.018575585100534794,-0.02251004860891331,-0.0039344635083785155
2026-04-16,0.02278556110990322,0.024838487881449003,0.002052926771545782
2026-04-17,0.012785443118505286,0.015274833762417929,0.002489390643912643
2026-04-20,0.012981188554363046,0.016340058993090354,0.003358870438727308
2026-04-21,0.07325622937764294,0.06967952830813426,-0.003576701069508678
2026-04-22,0.10191385278526269,0.10046787821302086,-0.001445974572241826
2026-04-23,-0.04158108588178499,-0.05171954218093865,-0.010138456299153664
2026-04-24,1.9539693217150665e-05,-0.024741391021489666,-0.024760930714706815
2026-04-27,0.0048903353159480585,-0.025351335115855918,-0.030241670431803976
2026-04-28,0.055007767838978414,0.01911693132330338,-0.03589083651567503
2026-04-29,0.010429663900910793,-0.025969893068198628,-0.03639955696910942
2026-04-30,0.01755513372132128,-0.0246732369638505,-0.04222837068517178
2026-05-06,-0.06295671492644705,-0.09660650152677186,-0.033649786600324805
2026-05-07,-0.11168726689493783,-0.13721380055970187,-0.02552653366476404
2026-05-08,-0.10997781039789108,-0.12674526973353148,-0.016767459335640403
2026-05-11,-0.17306447407385708,-0.17831338874110816,-0.005248914667251081
2026-05-12,-0.2014852882299509,-0.1932163164878516,0.008268971742099313
2026-05-13,-0.1817808521610057,-0.17076829195711293,0.011012560203892768
2026-05-14,-0.13303615207840724,-0.12786828377070697,0.005167868307700274
2026-05-15,-0.128851953541424,-0.1156264287436126,0.013225524797811403
2026-05-18,-0.10027653535444142,-0.12104710181780898,-0.020770566463367557
2026-05-19,-0.05855211514780424,-0.08837338598321641,-0.029821270835412167
2026-05-20,-0.10313719120625335,-0.12817889006678101,-0.025041698860527664
2026-05-21,-0.15955027203102704,-0.170570798721666,-0.011020526690638965
2026-05-22,-0.1748801857632662,-0.18458235546322,-0.0097021696999538
2026-05-25,-0.1458349534594543,-0.14764602903866994,-0.001811075579215643
2026-05-26,-0.13942346429415559,-0.16374994300264337,-0.02432647870848778
2026-05-27,-0.1320716156447468,-0.16490173401398192,-0.032830118369235134
2026-05-28,-0.1257392671053704,-0.15958933766128763,-0.03385007055591724
2026-05-29,-0.11762256203347858,-0.15063346580255715,-0.03301090376907857
2026-06-01,-0.09281428567813195,-0.14299266559093443,-0.05017837991280248
2026-06-02,-0.060085724555652024,-0.07976594174393559,-0.019680217188283562
2026-06-03,-0.07286742824845638,-0.09469763615156455,-0.021830207903108176
2026-06-04,-0.09199977501243327,-0.07875717027700121,0.013242604735432054
2026-06-05,-0.07476201634268975,-0.07689065953600917,-0.0021286431933194155
2026-06-08,-0.07142126414184861,-0.07034404787279665,0.001077216269051967
2026-06-09,-0.017909489218469077,-0.012012373252089968,0.005897115966379108
2026-06-10,-0.014829146262511169,-0.02248722492327682,-0.007658078660765651
2026-06-11,-0.005957152783950138,-0.011025220481453556,-0.005068067697503419
2026-06-12,-0.021888226982225558,-0.04415782906501101,-0.022269602082785455
2026-06-15,-0.06429470921732786,-0.08924628316856252,-0.024951573951234665
2026-06-16,-0.023627681910557072,-0.05217521836708958,-0.02854753645653251
2026-06-17,0.06651274066025824,0.06288579110283965,-0.003626949557418588
2026-06-18,0.007377875827151251,0.030966691518481436,0.023588815691330187
2026-06-22,0.006261471222075432,0.028910443306701072,0.02264897208462564
2026-06-23,0.004752788770555674,0.01978042657413107,0.015027637803575395
2026-06-24,0.05241145487309977,0.09064088010949363,0.03822942523639386
2026-06-25,0.06588557145639042,0.08564155574300232,0.019755984286611905
2026-06-26,0.012037807920130128,0.12264552037986771,0.11060771245973759
2026-06-29,0.00630406542961392,0.08000171508767116,0.07369764965805724
2026-06-30,0.014699595282226856,0.07553080225678176,0.0608312069745549
2026-07-01,0.07326082592283147,0.06396250779504636,-0.009298318127785102
2026-07-02,0.05734968484586018,0.09720518738250843,0.03985550253664825
2026-07-03,0.09327400646280562,0.15059244175794753,0.05731843529514191
2026-07-06,0.08622050896431839,0.1427253792056932,0.05650487024137481
2026-07-07,0.1100948430861998,0.17950925763694628,0.06941441455074648
2026-07-08,0.16581985412135383,0.25721794573967904,0.09139809161832521
2026-07-09,0.18783235040057328,0.19430723991143126,0.0064748895108579785
2026-07-10,0.11179519456082238,0.1842548681894057,0.07245967362858333
2026-07-13,0.2632398768435458,0.23002402000935038,-0.033215856834195395
2026-07-14,0.29790097380097097,0.30588627503960447,0.007985301238633502
2026-07-15,0.20211692230650424,0.20990931969045357,0.007792397383949323
2026-07-16,0.14485869091163064,0.1298863977382588,-0.014972293173371842
2026-07-17,0.17407229975244898,0.14752810319083254,-0.02654419656161644
2026-07-20,0.15902538091119373,0.17791300689446235,0.018887625983268624
2026-07-21,0.10316294551064857,0.13146628125514986,0.028303335744501293
2026-07-22,0.07327647069110235,0.11892099269012643,0.04564452199902408
2026-07-23,0.0002956079803720171,0.06252651518496186,0.06223090720458984
2026-07-24,0.07339852467764489,0.09270697685169206,0.01930845217404717
