,lightgbm_clf_baseline,lightgbm_reg_baseline,lightgbm_ranker,double_ensemble
2023-07-03,0.3123288575830949,0.21187380890753416,0.1937807003289323,0.34161567246313007
2023-07-04,0.36212854941668504,0.2386934671012323,0.2603641790867474,0.376682808716707
2023-07-05,0.35518600044023774,0.21308388857525365,0.24144459967227294,0.35542813119084304
2023-07-06,0.4051904028175215,0.23134307367499896,0.25708929817878784,0.37128549416685014
2023-07-07,0.3098503191723531,0.16108764674075818,0.15467636192285078,0.3103103675985032
2023-07-10,0.23526317150739393,0.15332395934352394,0.11241326125616431,0.25116016462702717
2023-07-11,0.291386748844376,0.20963304554753798,0.15151514433042096,0.34359894342945196
2023-07-12,0.31050407219898746,0.17823054252752044,0.12870357715108519,0.34224301122606215
2023-07-13,0.3428762486799052,0.22742079106767119,0.2071882849191569,0.3803279894738664
2023-07-14,0.4151711444417821,0.2446578667786654,0.26210810393123546,0.4070947563531549
2023-07-17,0.36841270949083793,0.24380314003177253,0.19704274669497035,0.3577556427324122
2023-07-18,0.34135056526029683,0.24851054154490224,0.16716976560829533,0.32981380170010904
2023-07-19,0.37900573051020586,0.2951117776696623,0.22007238675367644,0.34625655719256937
2023-07-20,0.27841233704402624,0.21342495103334477,0.1397968365079089,0.24415262893647965
2023-07-21,0.3171934844816201,0.2592958362273569,0.16781321949920344,0.24177856042262824
2023-07-24,0.3124794411454096,0.19616770646204265,0.14696328494403896,0.21522740257267017
2023-07-25,0.13651627856399404,0.11925346665494341,0.08771619409983926,0.11441772391592503
2023-07-26,0.2078572572404328,0.15656589713155114,0.13250574149740016,0.12515195088707096
2023-07-27,0.07988778334129723,0.0981754576929934,0.06877476482402962,0.09320718314286199
2023-07-28,0.18284173453664979,0.09077312682688403,0.10343054560221371,0.16270746202949593
2023-07-31,0.01315120312844601,0.07240424910857039,0.07688648604088115,0.07120737004087337
2023-08-01,-0.046060998272623235,0.06016831490405664,0.03347701930784045,0.01670923217545497
2023-08-02,-0.0713185119964781,0.03735713358559496,0.012802054558082322,-0.02583094871230465
2023-08-03,-0.07200968523002421,0.03923431385733564,0.09052371115230558,0.008302883557120846
2023-08-04,0.04722870349988994,0.07010322736415,0.08269194379577073,0.0450891481399956
2023-08-07,0.051871184430758985,0.08045509742009793,0.08522023171868835,0.05150112424728617
2023-08-08,0.12831933630318276,0.10155715139194339,0.12791458733306837,0.12136327852257975
2023-08-09,0.06532968495893857,0.055681732796601616,0.12234540115283549,0.12708771529708773
2023-08-10,0.05055552068294519,0.008125573963188491,0.09799326024612105,0.11017303789257842
2023-08-11,0.018873056723788,-0.002150473541079464,0.11970533126793843,0.0823321406900592
2023-08-14,0.028924737932333182,0.04273255921268909,0.11329697224081707,0.0812001757579562
2023-08-15,0.0918251626807273,0.03274203613298967,0.1558938122578017,0.12431109158244932
2023-08-16,0.11094720984244553,0.05470150393768281,0.20456915912961096,0.13288138430314061
2023-08-17,0.13961586460253914,0.06892062712068535,0.22573075854903984,0.1759483961022588
2023-08-18,0.12071014583725649,0.04781924350561525,0.22156941783173859,0.16951436402820497
2023-08-21,0.103266310540477,0.056713636491192286,0.1939156533044195,0.13796042041473344
2023-08-22,0.1585470817476639,0.10405529200425617,0.2075335112915165,0.21002756591189334
2023-08-23,0.07298767601950076,0.05557972656283233,0.1680904211467594,0.15033373088109137
2023-08-24,0.12429130285372618,0.18609870096381828,0.19697061942565713,0.1905324763891741
2023-08-25,0.09059904170066746,0.07664958803473755,0.11673993617043373,0.1523465779507459
2023-08-28,0.10926495511895047,0.06438898712611409,0.11719098661887042,0.15025840604272592
2023-08-29,0.12501340419481685,0.0694347868588855,0.1474779502481551,0.207769028816502
2023-08-30,0.15877044498276127,0.07742708813322163,0.1254351087958529,0.20696974816908453
2023-08-31,0.13980326152641478,0.09094756982402459,0.12894791728496915,0.20225804529708657
2023-09-01,0.12308083500129466,0.09538485279343036,0.15434718306686426,0.16799682103481525
2023-09-04,0.17349866481165258,0.13114760925378968,0.19986835819065923,0.2186433549757992
2023-09-05,0.020933729893607814,0.035924317303648486,0.06630692192445355,0.08106124038806761
2023-09-06,0.05093581636040207,0.05694900635646305,0.08501333828134675,0.08847805363815099
2023-09-07,0.06053545562243091,0.09914113313672668,0.10977566975993222,0.1569895172933275
2023-09-08,0.042906432294354147,0.07353313559287925,0.10672648935354065,0.10741774507317768
2023-09-11,0.047494012845651114,0.07844521087967651,0.11488097462153127,0.141776741528764
2023-09-12,0.040638219097633,0.09721727373681084,0.11129611918012858,0.1622017856686895
2023-09-13,-0.05595008974113846,0.05758475073905261,0.04545768454618392,0.04483754846794261
2023-09-14,-0.046964210575598304,0.057466119984974195,0.04315690075376372,0.007477168463967452
2023-09-15,-0.023181538180011473,0.01667580336990569,0.049234488017611565,-0.00502697544176209
2023-09-18,0.0014309591469142881,0.05352843536962092,0.04888282632356449,0.05453284237426444
2023-09-19,-0.0010862534151552033,0.05520190629437839,0.06626927343672405,0.10438459116017396
2023-09-20,0.04521842931341346,0.08495098461212837,0.07526535804151181,0.11017865198185393
2023-09-21,0.059901364837865824,0.10764163505642561,0.0809654994514797,0.11323727643258162
2023-09-22,0.07915401940806938,0.08544550822525541,0.12038842902943207,0.1577907255711695
2023-09-25,0.05479793090106732,0.057178182145640834,0.09134599701322757,0.11761113617213234
2023-09-26,0.06294747514854543,0.07951559230280864,0.09983210471559803,0.11059139072814018
2023-09-27,0.06822763895509457,0.10331072202076208,0.14022252313971492,0.1511221332261125
2023-09-28,0.05623832741466619,0.05262041899144862,0.09018924615605557,0.11797326373617996
2023-10-09,0.06408054740263436,0.07310658138663206,0.06425732796373435,0.08218362635932451
2023-10-10,0.03383237808485915,0.060776124613483654,0.08111394341654636,0.06851111486574016
2023-10-11,0.053488042424696756,0.09278482384037395,0.06975951644031743,0.09932113418407103
2023-10-12,-0.0038300628021517855,0.049130052355485475,0.06914289496508774,0.038834159204365365
2023-10-13,-0.03660893677366264,-0.01712858277887275,-0.006798456811700989,-0.004188897955767581
2023-10-16,0.010931522885948645,0.007929297186044628,-0.052894303347751824,-0.008436381896930512
2023-10-17,0.029917576798686323,-0.0008034305660750034,-0.04826866192255583,0.02161928609801213
2023-10-18,0.043091060977063715,0.01741965604792789,-0.038813703065739696,-0.008363149415186323
2023-10-19,0.09222066632178899,0.0095006055542584,-0.017892417383259755,0.040516393614127594
2023-10-20,0.007435193142926311,0.0003270526101283974,-0.059748880686186764,-0.035026049839934716
2023-10-23,0.19145487101020922,0.09933390186472354,0.034278102717046025,0.09304967803821378
2023-10-24,0.15459393069479913,0.0637111893792398,0.03732868621864509,0.07511773435322851
2023-10-25,0.11253740087460506,0.08818046513972713,0.05074661937702711,0.05565250141234072
2023-10-26,0.06905303551412005,0.06977200645865245,0.030794561195620556,0.021016687075875427
2023-10-27,0.0844768062268533,0.09447061865769273,0.03396480074021737,0.09116397798840833
2023-10-30,0.10764128638085074,0.18154213905143501,0.0965430826956483,0.1892348251836043
2023-10-31,0.20540163350452317,0.10695585318805834,0.15732025707477967,0.23319745213604143
2023-11-01,0.1970499833135463,0.09404985143859819,0.15478861917103162,0.26590086414328457
2023-11-02,0.12051045185541283,0.06449717437267026,0.12191531809707089,0.2013160923147741
2023-11-03,0.14191431053881617,0.06532848382382671,0.08820109497869708,0.19739920071977066
2023-11-06,0.2241922963457638,0.12843861787268795,0.13544349863832217,0.21491013328311676
2023-11-07,0.1951899532734365,0.09379788861179209,0.14982881918393412,0.18621757484392007
2023-11-08,0.17042803428970532,0.10205352930592292,0.1442891843746665,0.14228660174431346
2023-11-09,0.18463411929397106,0.08811526657332794,0.1673370102124475,0.17161099513058398
2023-11-10,0.20937628810985473,0.09094124526505591,0.11046255703349629,0.18142729135403657
2023-11-13,0.16243826884438564,0.1565749207646386,0.0950115544317945,0.16983449459125813
2023-11-14,0.18985017664749645,0.06549446617788673,0.10694019248831842,0.18806729018893978
2023-11-15,0.24321905386626977,0.08998908255416332,0.11790569784058391,0.1967287033293342
2023-11-16,0.18297259323822418,0.11720970687429692,0.10419703661800497,0.12012010127006048
2023-11-17,0.15125983605316037,0.10802834578255197,0.09815212834409845,0.12298250945878143
2023-11-20,0.10684729293375644,0.10077257638520024,0.0435415022442419,0.05912581340363651
2023-11-21,0.12191540702374767,0.13360707961348417,0.03016515945840149,0.03153599899566882
2023-11-22,0.0812703547280509,0.13980979569803748,0.017701966736325393,0.03396942751524094
2023-11-23,0.04063360809494,0.12140852738613137,0.02146739970615876,-0.010325779925930574
2023-11-24,0.07436072873118946,0.13425930236693073,-0.0030410260245007275,-0.019199564787808904
2023-11-27,0.014246886043750698,0.034961222009177575,-0.031339159555087474,-0.0789237330381822
2023-11-28,0.03370905663784177,0.04871975244096097,-0.012342854181497893,-0.02946841294298922
2023-11-29,0.06000945712483888,0.0341023792964078,-0.031711074919282906,-0.00701490139048368
2023-11-30,0.019541753455796326,0.03094189180122489,0.013738181008020824,0.032697235158671074
2023-12-01,0.02646256357717407,0.07579613863799915,0.05108189232949016,0.05479692179844532
2023-12-04,0.06768303206480714,0.07930596145257034,0.10867336899564858,0.1284971693703364
2023-12-05,0.09215044577702303,0.1683235143364947,0.11618200238343483,0.14227809421582036
2023-12-06,0.13169367273521923,0.18861038246652845,0.12488287588800319,0.19659242395387894
2023-12-07,0.16161584465331377,0.13799252283762342,0.12910998630833936,0.20603867661570957
2023-12-08,0.25268551055225563,0.13593377682016128,0.19638212046557796,0.28231001579249637
2023-12-11,0.2984473686219498,0.13026859420386241,0.16596893487531153,0.27395863991274394
2023-12-12,0.3182735492868347,0.132531891617009,0.20718620789321612,0.27964360871031424
2023-12-13,0.24643998411903864,0.11076664429778395,0.22076433398233228,0.2293264704036156
2023-12-14,0.30288986137093277,0.15164765713494996,0.24102519882706194,0.27827715355805244
2023-12-15,0.304399975938877,0.14978183082806432,0.21543540658350446,0.2667963927771849
2023-12-18,0.3082367230749293,0.14779994791300438,0.21358871088261772,0.2852530705333417
2023-12-19,0.33739390433126276,0.16454469203860617,0.21461458962566105,0.319247588558994
2023-12-20,0.15562433600337744,0.11475516078460808,0.11174697984619217,0.19477957022995
2023-12-21,0.1990693178276524,0.12196209178230154,0.08605413080995065,0.21132080603899173
2023-12-22,0.12064122428105309,0.02488323374672576,0.00700227859193307,0.0692611888770322
2023-12-25,0.05996072642513175,0.05089481927585688,-0.024581956497644056,0.06433267650738253
2023-12-26,0.08672110457673057,0.00039125931409888457,0.004377061688965409,0.21339009019926944
2023-12-27,0.08524708185085662,-0.011796999851538441,0.026855700108970964,0.2523103025345663
2023-12-28,0.18384127063920458,0.04281383670495375,0.05193573277755866,0.36292004986063264
2023-12-29,0.19601534453930816,0.01996747766423236,0.1419475234817975,0.40180441820605606
2024-01-02,0.14522580838460017,-0.017547658003401377,0.1174635373824098,0.3482325597249084
2024-01-03,0.13624216406159378,-0.000324791246961892,0.13661192578001716,0.37577819364401116
2024-01-04,0.1708093568732259,-0.03525349250597684,0.10033638337184608,0.29937079016420054
2024-01-05,0.13105167659732997,-0.06515260548334267,0.039599754715550675,0.2552352097816972
2024-01-08,-0.012254925167679884,-0.12777296764439292,-0.03244387530411506,0.20445683747299911
2024-01-09,0.02395258325899863,-0.13656625513442705,-0.01707199051933437,0.14438166776766917
2024-01-10,0.006436353792825274,-0.15209628350815785,-0.017223333277162505,0.08933530503176636
2024-01-11,0.0010665406202505564,-0.1233308107809943,0.04099155314919358,0.15364810414084926
2024-01-12,-0.004892726668565611,-0.20601413625167755,-0.059124955163830234,0.05104931684556315
2024-01-15,-0.020479981549079332,-0.22270744696769726,-0.04444033715589899,0.07556964409013874
2024-01-16,0.02325411197956878,-0.2071252255783205,-0.0034783098633331035,0.10082438850877742
2024-01-17,-0.12366591313707935,-0.26195731755789375,-0.06858404952716586,0.0064685238782486824
2024-01-18,-0.12173486314526459,-0.14955496851807343,-0.027302942889248737,0.09815244910342517
2024-01-19,-0.1120083840788883,-0.15774674601874014,0.016823742239198917,0.047473479379825496
2024-01-22,0.017261021326274276,-0.022388821868041815,0.028651428766045806,0.08010905368415595
2024-01-23,-0.0654569778605053,-0.20865924504428035,0.015281359717765671,0.08218358336994958
2024-01-24,-0.04908191834873317,-0.20375360859115937,0.038794326111399415,0.0006224764204363522
2024-01-25,0.02118152776430416,-0.13015939880497632,-0.048633561710178325,-0.11434316445043959
2024-01-26,-0.08841605752369598,-0.10148937533644271,-0.056877093416643244,-0.16679238255851542
2024-01-29,-0.012180495932461758,-0.067486535355991,-0.11988834781557153,-0.21707165122073735
2024-01-30,0.07509188011976556,0.03199475136975073,-0.0763088522679898,-0.15998995668821794
2024-01-31,0.07879188228361991,0.030178822580577237,0.01676314928913709,-0.07827618927063609
2024-02-01,0.04682058496813595,0.028010477332257984,0.046971134997262236,-0.10816233975810687
2024-02-02,0.17680412999887227,0.104974980791511,0.0775736793800865,-0.028845228380725212
2024-02-05,0.2942817396869579,0.1563584114373035,0.11586697714293036,0.08234486712479498
2024-02-06,0.19714865311299257,0.17724258097499337,0.11695155056191811,0.06463630505016844
2024-02-07,0.05318139943799468,0.02071112470485674,0.028345057984715764,-0.022413570338278285
2024-02-08,0.025217631294460845,0.015574411254549496,0.028401864762011543,0.01220472894015371
2024-02-19,0.053743970842129174,0.04168913851784352,0.03498198727838319,0.016145720541889057
2024-02-20,0.11721673690213553,0.07683183562447869,0.06474584851309806,0.025742559756918436
2024-02-21,0.11027457610608271,0.0824101544102345,0.07435646144540312,0.038781637017735515
2024-02-22,0.06750918994538316,0.07028269480730986,0.06606070484962002,0.00046095141020299974
2024-02-23,-0.04167106560152697,0.06307419448042928,0.02106164001497272,-0.03511668773047558
2024-02-26,-0.07729402711727813,-0.0041748937666029,-0.03233632751614524,-0.08389527535880613
2024-02-27,-0.06693865470214581,-0.01866266739636992,0.00017444472671560482,-0.036014785062585486
2024-02-28,-0.06529048863129806,-0.025654876240544428,0.01522456194668032,-0.022840164877701755
2024-02-29,-0.021930035632955824,0.002812529228648316,-0.039312364578533654,-0.06660407016759061
2024-03-01,0.05080043270036584,0.0073099901237662366,0.03174565730270756,-0.0012229901219464796
2024-03-04,0.04397715146569581,0.0028187329737250216,0.005523325089711788,0.006945603236515634
2024-03-05,0.08354261269570573,-0.012362087614633215,0.006485555139694109,0.04444383998469751
2024-03-06,0.11000983407611993,-0.021706609790223798,-0.003131198153555469,0.09314901677187262
2024-03-07,0.025545581988994204,-0.010864226167987986,-0.013776295636769872,-0.00620490303468951
2024-03-08,0.10648740740664704,-0.012006758830948145,0.0256095337734338,0.10007134951029271
2024-03-11,0.1832476425667412,-0.035189658356764214,0.04063946795771261,0.1958060760008562
2024-03-12,0.1669261188877032,-0.015884277377475137,0.10262259944101002,0.15396131429777135
2024-03-13,0.16585692465423807,-0.0009671130962897203,0.06632489352228371,0.11695368658758641
2024-03-14,0.13894503379155942,-0.00012274307855765864,0.05662643455881704,0.07420143692992165
2024-03-15,0.12846441947565543,-0.13250664969544376,0.06440348278957864,0.10945983057135385
2024-03-18,0.19384961911245882,-0.09431739878206358,0.10207875651865085,0.140189306460909
2024-03-19,0.19525672967630237,-0.07860392960485922,0.17727858021738815,0.15440079133269982
2024-03-20,0.21630968160804723,-0.05158185459557918,0.1510739735408401,0.16141782977871819
2024-03-21,0.2767330032374786,-0.08700405347040367,0.16459923542273075,0.22328178815123056
2024-03-22,0.32342757223732277,-0.07640218407230842,0.18587707386233696,0.284027062049436
2024-03-25,0.22468880386419907,-0.05041106816288188,0.13859248444584576,0.19205788517237146
2024-03-26,0.20480081716036774,-0.07214574804760013,0.12583565026700055,0.16767955367749343
2024-03-27,0.03923930032770325,-0.07008990334769337,0.015676915661966103,0.015144326098608473
2024-03-28,0.0995687507405395,-0.038651450057567954,0.047111696734172814,0.06345450099227454
2024-03-29,0.12504544588909472,-0.06775578925069912,0.04391667291816906,0.08726810398468604
2024-04-01,0.19049834663527296,-0.06131481182837491,0.08676728863680722,0.17439445992381783
2024-04-02,0.1774575405550458,-0.036766057490434746,0.08469355164923263,0.16913039691119577
2024-04-03,0.11995550631048632,-0.08922162510223064,0.06233082271933397,0.14230104812475697
2024-04-08,0.14324335583449183,-0.010688010790458311,0.07446423935728189,0.14137365758657883
2024-04-09,0.18473547502614496,-0.10951787428336343,0.03435445879223161,0.18723077339259478
2024-04-10,0.16049540347293156,-0.10378154082399436,0.0723725734959525,0.11886073401789839
2024-04-11,0.1835019430833482,-0.06390278687093477,0.06161759879841338,0.1399086427943752
2024-04-12,0.23242456911774118,-0.09173210488930379,0.08702159758704454,0.17860953951261876
2024-04-15,0.1847782022358141,-0.06992780247359416,0.09569886912394314,0.11934211916694845
2024-04-16,0.1777472990207667,0.10527125925347418,0.1267752166547238,0.1473470017611966
2024-04-17,0.15406271332338103,0.02614061124841076,0.11533052817762325,0.14248619559334708
2024-04-18,0.14039749648923505,-0.047879217182838885,0.10410785031187822,0.15064361428865894
2024-04-19,0.17072210031365362,0.07356464284819687,0.12977578554976849,0.1553803533738671
2024-04-22,0.10797094550562007,0.08051358733364186,0.09292631296340838,0.10064947293448101
2024-04-23,0.10775223764581937,-0.07909796009657606,0.052950101987679334,0.09254437127096707
2024-04-24,0.14026015329660724,-0.014806946417363942,0.04719244464814466,0.13428215426790716
2024-04-25,0.12069870101203763,-0.030736108768201837,0.011779607826663548,0.075332673889529
2024-04-26,0.24473975936426173,-0.02274978549530906,0.06660912714671367,0.19662995815316206
2024-04-29,0.15317516390640287,0.12057510845090362,0.1919355360956487,0.2771522044812288
2024-04-30,0.08546827714149398,0.14872674664559948,0.11949436426445426,0.267727432575156
2024-05-06,0.09129086977308706,0.12292184048971284,0.08803035890813853,0.1667539516282613
2024-05-07,0.09149965532500161,0.11005538001217097,0.07123655484059313,0.13590925100267037
2024-05-08,0.007364503238084235,0.11251470683924314,0.07743280709553278,0.04747585684532225
2024-05-09,-0.005353316710496611,0.047367222819841674,0.06344071871342809,0.03825463886459355
2024-05-10,0.029465089674483438,0.08841545648294566,0.11240362679135046,0.05917713591975546
2024-05-13,0.10428658020665262,0.12680400052722465,0.13040715973134037,0.03921335244950492
2024-05-14,0.11162538872618032,0.1490314765322604,0.12645665261963357,0.07390800020775265
2024-05-15,0.05489362090540655,0.18431098437765633,0.07384457566820227,0.027058384134076418
2024-05-16,0.10131177432454211,0.10300646143674609,0.05866535295981839,0.057858952000274376
2024-05-17,0.04592151263928456,0.14978962700883722,0.04543575931087116,-0.010642777521174809
2024-05-20,0.0579449974790136,0.1363382535342479,0.045106226012689106,-0.02371272720430191
2024-05-21,0.04872246729680457,0.10564324700537439,0.00629011630660411,-0.04321159758172793
2024-05-22,0.05075771836585381,0.11484198683762388,-0.005966439528767506,-0.05276615065614029
2024-05-23,0.03137394290819348,0.1408724401482251,-0.016068202357185455,-0.02864648447105168
2024-05-24,0.03583153415838858,0.07924120602725147,0.021210728266483538,-0.03581595193435301
2024-05-27,0.017551127946292436,0.02445790117332046,0.023137832204550565,-0.0012721554875333592
2024-05-28,-0.014853984300587385,0.09076582939631843,0.03690791572241341,-0.03995359148161068
2024-05-29,0.07753815842981708,0.051395920743932136,0.08749695678911666,0.06121492467271232
2024-05-30,0.07492084903734442,0.01406395169396643,0.05338322297761794,0.003209690167625303
2024-05-31,0.05926765081936609,-0.008891270028742057,0.05373553511303477,0.008372586918057737
2024-06-03,0.16335236958551452,-0.019354737579949523,0.09518006180257554,0.06586250006628756
2024-06-04,0.1586895788768462,-0.04746156779655789,0.09033485126826381,0.08101488834023762
2024-06-05,0.14281630141388776,-0.05020273443661446,0.0787222998383678,0.07589479306562062
2024-06-06,0.15535503213931917,-0.02607530517732214,0.08626776943815861,0.10291792951241686
2024-06-07,0.08140515707040304,-0.01202169374739094,0.06727071702100774,0.05805157047562707
2024-06-11,0.09656711312916696,-0.02965635569187877,0.05201423273623852,0.010800790077261008
2024-06-12,0.0893094223557073,-0.08645773767285679,0.03911037028479821,0.02737023149954499
2024-06-13,0.12674594606407494,-0.04409063743309143,0.06133459371090001,0.015954344420786096
2024-06-14,0.17829339844046121,-0.0488818851919551,0.06734402586087966,0.0941551002815784
2024-06-17,0.1807932731003013,-0.05056215255739933,0.12154511773299397,0.13653621022634535
2024-06-18,0.1639938080711199,-0.04242201528330025,0.10480488272734942,0.09432420589151866
2024-06-19,0.24361526869555114,-0.05248852231964021,0.13996655853211556,0.11128222136241554
2024-06-20,0.21638711191241752,-0.10960430201331833,0.14262224301794807,0.12400173877493405
2024-06-21,0.22918299471958803,-0.08349765867792797,0.13554871907294502,0.19157982781441776
2024-06-24,0.12375547865002992,-0.06377306117849668,0.14225494483276582,0.09491729362409655
2024-06-25,0.17453373368618988,-0.047150850668250005,0.11859858033070526,0.08375515327443143
2024-06-26,0.21511623549868475,-0.0707447950425093,0.15714583883108504,0.10568407635440877
2024-06-27,0.19837029400248318,-0.04210097883741833,0.15048664898077388,0.14067704819546947
2024-06-28,0.18172955192609536,0.04829443216564419,0.03331706120786985,0.07831862740087747
2024-07-01,0.21652471902750134,0.026453490188954664,0.06050229366935439,0.12033238347605389
2024-07-02,0.12544905255791564,0.015297199208351825,0.03611106644650042,0.013573252987649078
2024-07-03,0.014284207138379525,-0.01103626661348799,-0.030314426369210924,-0.06838871077204485
2024-07-04,0.09495913072449924,0.06867160416933227,-0.03439669798735344,-0.06462192516465622
2024-07-05,0.186896743648632,0.09039401418367643,0.05132597758104279,0.032432675599124855
2024-07-08,0.23504586465112656,0.08952243251625312,0.07500937581423194,0.05252654809624936
2024-07-09,0.29093773735892586,0.15088623841917367,0.11629291526098356,0.09523894214528485
2024-07-10,0.36421062433526613,0.14867332804804317,0.18669525537920792,0.16979048589789209
2024-07-11,0.3412468542590907,0.1462272339832412,0.20511289553866666,0.13815441205732346
2024-07-12,0.3545136646054687,0.10922918012405484,0.2252216928380673,0.19830098865969872
2024-07-15,0.3815195142910996,0.11757130400165282,0.24271934047503702,0.150175575887728
2024-07-16,0.42657747597228446,0.14098901990227175,0.28263858121310625,0.16691609366516003
2024-07-17,0.38213847059743483,0.138187318218785,0.25242033365412775,0.12810553929651156
2024-07-18,0.37948956693554586,0.1394453174928299,0.27324692516593213,0.08719818968756043
2024-07-19,0.3267655957175427,0.15268445215760473,0.29529545624911196,0.0781841751033033
2024-07-22,0.39152325600629695,0.1537458157525484,0.352116853506274,0.2371464603702149
2024-07-23,0.26546904892745915,0.09070194109932166,0.2798602422393817,0.08372481052075374
2024-07-24,0.14396168668549517,0.058345781374988685,0.22154442554649673,0.02127526044955286
2024-07-25,0.14072851354996765,5.1651793989444854e-05,0.21143586874264078,0.08668177566257104
2024-07-26,0.1547539954802841,-0.024961196792059274,0.20258977309803317,0.10515016931383074
2024-07-29,0.1301381128195116,0.0023799604665149052,0.16597675333090772,0.10953576873619664
2024-07-30,0.2538543276837867,0.0059309602248567355,0.1772790981885482,0.1279462955405255
2024-07-31,0.23751608202211566,-0.008654866092687516,0.16603792899631392,0.17890126157092776
2024-08-01,0.25109396169558407,-0.00790110968718926,0.1696456241857929,0.14499473312146172
2024-08-02,0.1436430969336915,-0.08292165982018271,0.0405148928131813,0.03620982742437794
2024-08-05,0.12722774339870363,-0.04253694231190206,0.03192648235509781,-0.024982457204243906
2024-08-06,0.12311561051521333,-0.09352087961291514,0.05235333870182479,-0.000631917002468664
2024-08-07,0.09713229943613746,-0.06288234101554521,0.06643104866295584,0.01613445123570329
2024-08-08,0.059790785811519254,-0.005382070184944857,0.07528170225446702,0.04650865856182896
2024-08-09,0.08488134984335775,0.00922217055755619,0.12176320534861433,0.08761540159559299
2024-08-12,0.09260077810234629,0.026949322106943664,0.1009604608903485,0.11063765324587406
2024-08-13,0.1501594401923789,0.03564314782978924,0.11755853503317115,0.1689988443725442
2024-08-14,0.15981657094218196,0.04257287351557215,0.06927634498108098,0.14309511739825684
2024-08-15,0.12374401357349135,0.13208099493819084,0.0789173941989101,0.14370315386450921
2024-08-16,0.10057965337711636,0.10686330132461358,0.05804925214033709,0.12243648077705033
2024-08-19,0.06770907442272259,0.06184592624134316,0.05344970576766881,0.10849153324604834
2024-08-20,0.11299489436263124,0.157466706756919,0.08286142427119549,0.09482851434316247
2024-08-21,0.19863207134035438,0.16666784273934535,0.07207027958143752,0.19528431171866667
2024-08-22,0.19118550094720504,0.1421708125188818,0.08123609237155272,0.1278291571600158
2024-08-23,0.0939811182947503,-0.0328528281352946,-0.07076659192005397,-0.07005375599452919
2024-08-26,0.09899764492309589,-0.00532926255754607,-0.11123494232512701,-0.08951325288689602
2024-08-27,-0.0025060297282645744,0.012854651646012641,-0.12336960198981778,-0.1791525076196253
2024-08-28,-0.0767085816187808,-0.013966418734950902,-0.15388730610255016,-0.266767368985994
2024-08-29,-0.08309460703081964,0.0015963961788933393,-0.18607655244647797,-0.17794446079534637
2024-08-30,-0.10026888846815185,0.0191752135043771,-0.27101366813834665,-0.16566541437994495
2024-09-02,-0.06838348551605918,-0.0003334049644019466,-0.28122397337640304,-0.2271017641661329
2024-09-03,-0.1037531332017128,-0.030846616567949032,-0.2906178749094632,-0.22165258565468052
2024-09-04,-0.12638685177904777,-0.030815543346627988,-0.2362508741034057,-0.21063520368414676
2024-09-05,-0.11987989287750139,-0.047111154659533576,-0.21219584564615995,-0.170225151919115
2024-09-06,-0.10217328969086513,-0.03136246231309556,-0.19434978890672458,-0.17443863506518242
2024-09-09,-0.11322975976411914,-0.06799542035774034,-0.18798678936228044,-0.18762659926247816
2024-09-10,-0.15258598489064853,-0.013867396048837861,-0.18710142441344849,-0.18922586174062084
2024-09-11,-0.1651008548712402,-0.05942941551941968,-0.21014571336835056,-0.20793009123803258
2024-09-12,-0.1846307163855146,-0.03946335441202932,-0.21027820648678544,-0.241198646145323
2024-09-13,-0.2437981138846579,-0.046151094892591935,-0.2475160517096106,-0.262965062931736
2024-09-18,-0.17043228354911313,-0.076739596740891,-0.187378466963832,-0.21290100586901198
2024-09-19,-0.16326137542228092,-0.0749703760646214,-0.1840764522043919,-0.15842869756410036
2024-09-20,-0.17433612375154645,-0.026597659832861636,-0.16599906786443383,-0.14316869469058568
2024-09-23,-0.14996193900630514,-0.007795733585636204,-0.15979440354542523,-0.11451282006890465
2024-09-24,-0.21409086826929855,0.03395096143726147,-0.1605357361342932,-0.18620695625075745
2024-09-25,-0.19657477365026854,0.14144074396298337,-0.15358643990498658,-0.14838299198421082
2024-09-26,-0.16899946925629925,0.059877802081642,-0.16910901326422426,-0.15160315784006512
2024-09-27,-0.06306608012464843,0.14159629481286262,0.010356948245767437,-0.04414421286866615
2024-09-30,0.01712662645062815,0.08330181454954921,0.08356168497632915,-0.06337321029760566
2024-10-08,0.024420739179475046,-0.027973627187478964,0.12021738510587762,-0.024610030989768182
2024-10-09,0.09888722253624752,0.07438252717454014,0.08838566385977739,0.06573639653053098
2024-10-10,0.018182742841533497,-0.019858710934387243,-0.020196975198405548,-0.05668295686263882
2024-10-11,-0.025677038473357776,0.01096121414768196,-0.07160652606432479,-0.1286912035458241
2024-10-14,-0.05328824992845328,-0.031053844942737416,-0.15934316731840298,-0.17291034927206628
2024-10-15,-0.06206361195913249,0.007488868048426521,-0.16168838404105976,-0.15979440493087207
2024-10-16,-0.11729363425001955,0.006919299476519516,-0.1985869205133257,-0.24307965762754022
2024-10-17,-0.14773630197374807,-0.023969676919474873,-0.1860910282382974,-0.2890193124516142
2024-10-18,-0.00282154585561414,-0.05495514965083158,-0.08274182028661839,-0.0981733726696378
2024-10-21,0.0878730227817283,-0.08778784154753892,-0.013319113758542752,0.055658778482204505
2024-10-22,0.04766296231410626,-0.06417892036413006,-0.07867521994468123,-0.04749440294603812
2024-10-23,-0.01706738867073949,-0.030859794675979445,-0.14235413212246303,-0.10346285020818949
2024-10-24,0.0027807477679799913,-0.04504550607079185,-0.16450136042691318,-0.11029648693323289
2024-10-25,0.04449712536204936,-0.061160637622779845,-0.05668445413436863,-0.0076747640867909535
2024-10-28,0.03813912823359781,-0.03134810906088455,0.006525774803495262,0.058521383937059177
2024-10-29,0.06476999778405713,-0.10728024962334633,-0.014786668105572552,-0.15213724047895216
2024-10-30,0.018602363501582505,-0.0979105278981659,-0.04969107567891062,-0.15556557081852954
2024-10-31,0.13610055236896107,-0.03557304426883252,0.01673214736689749,-0.05188276279579561
2024-11-01,0.012698685621408485,-0.10929960865262685,-0.0491169379546732,-0.1720635287171856
2024-11-04,0.0010620309561450224,-0.16493748666980895,-0.08553006232387728,-0.18942526324420295
2024-11-05,0.14186309338517872,-0.06303102778674236,-0.045828653086484795,-0.09014788039935753
2024-11-06,0.16609816740641403,-0.04963426660760208,0.06694443805885278,-0.05960293597858124
2024-11-07,0.20266688123043636,-0.05592718011642977,0.031936994627394535,0.017875299585851608
2024-11-08,0.21048207327617025,0.007895609027782916,0.051126464151622746,0.04118783207370642
2024-11-11,0.32336958644410896,0.03220780687671572,0.08859048631971564,0.18621290617301076
2024-11-12,0.2977431821413963,0.044672199025427545,0.11366963613839917,0.1985815246559362
2024-11-13,0.23163717871382222,0.12380916564670091,0.14853270038276264,0.1906554747178479
2024-11-14,0.19569050276536096,0.09751837708738477,0.16342275656944197,0.10334369962433612
2024-11-15,0.205767051941758,0.15698085284255908,0.16877647055326547,0.15629397744976245
2024-11-18,0.23648530066616405,0.20956699161639913,0.15364828731790983,0.1127019676293232
2024-11-19,0.26685580865115843,0.17354249815341435,0.17236064714014435,0.21928232782665333
2024-11-20,0.24208354749567712,0.16832820159155815,0.15650883383829187,0.16821983159513518
2024-11-21,0.22261507953860446,0.15717582498638408,0.12226479995836745,0.2691257022633746
2024-11-22,0.17848383026415973,0.09500607215481638,0.10104059551843529,0.15492197426296286
2024-11-25,0.23441404663658055,0.1526558199193767,0.14071381491817817,0.2649655837369839
2024-11-26,0.24065508390009008,0.15073047090443026,0.12502862242055526,0.20928754500926658
2024-11-27,0.29372107777150314,0.17408929464119857,0.18476313881846593,0.2807068774100378
2024-11-28,0.1634859853608066,0.13992126634120783,0.1621253918761753,0.2242559345907459
2024-11-29,0.2026347679870572,0.21405820170734124,0.19431047595262443,0.231056906974968
2024-12-02,0.29072296965107514,0.19463342990043087,0.1934991468935813,0.257770310837971
2024-12-03,0.3141661805827987,0.23662668900352593,0.17002295781715224,0.27346050164354563
2024-12-04,0.24835305960437062,0.3209852047884457,0.20793786508184972,0.2907860498442696
2024-12-05,0.34089707666358227,0.3416400335183684,0.19896069558771015,0.3344739331903716
2024-12-06,0.38139666239255676,0.3061392963404374,0.22407520167832204,0.3661936627933843
2024-12-09,0.3333803362617571,0.22541677030867474,0.1358492050804825,0.349263342453599
2024-12-10,0.354113828836546,0.26665720504884227,0.17167881059889215,0.32924778951441513
2024-12-11,0.3101407838116051,0.2995198132077634,0.1484537270371012,0.3234692221258435
2024-12-12,0.28389178764531103,0.2922467268530782,0.09264962342975937,0.34443239159280276
2024-12-13,0.24445437010509372,0.22252821436913808,0.10515849848220554,0.3155282869490677
2024-12-16,0.1738288646268793,0.1979477733502513,0.03203564943279561,0.21532768137559682
2024-12-17,0.09373021037562208,0.18943097401617537,0.02187886846147028,0.22913594000517545
2024-12-18,0.07798675672295667,0.21879067392476828,0.06733886591085181,0.25821457833314193
2024-12-19,0.1550317513306027,0.24997430976230436,0.028833452503602235,0.27515277328718907
2024-12-20,0.23024317181228346,0.24816395947821449,0.05853391407843685,0.2618540210584876
2024-12-23,0.17038921748379393,0.20649321397780207,0.06573978769432494,0.18026481214744683
2024-12-24,0.04493273068671351,0.06433260051686189,-0.03461417958389511,-0.01084294367031216
2024-12-25,0.048829759216643044,0.08097626671553995,-5.605755629413466e-05,0.05910237960010689
2024-12-26,0.07811420064831472,0.14807060006418285,0.06334398207164349,0.11033755467128244
2024-12-27,0.184122608039572,0.18378270223426554,0.1333261086637381,0.14551339969190072
2024-12-30,0.06078103340088271,0.16880285166007705,0.09543712160840188,0.03177146506357143
2024-12-31,-0.10794572741479332,-0.08315891185831485,-0.0441237494810224,-0.14740421446884483
2025-01-02,-0.15631180737072514,-0.1790018211956767,-0.18586186533621205,-0.2779471923727257
2025-01-03,-0.18797626583161955,-0.24872733107871486,-0.23679601548104337,-0.3063321301149853
2025-01-06,-0.19516693541117974,-0.22419509210315877,-0.17984269880585413,-0.2776061555151655
2025-01-07,-0.1791160334339179,-0.23263328254296256,-0.14796408815830767,-0.25267533353638355
2025-01-08,-0.16179568547129092,-0.27917266052868084,-0.1011041049778651,-0.2378353427192509
2025-01-09,-0.14994017228107487,-0.24757386700668935,-0.06719150969062922,-0.2756183211169201
2025-01-10,-0.19311422730523883,-0.33996392501435113,-0.15418393297672345,-0.3041510963050508
2025-01-13,-0.1981759459421931,-0.1577581555626007,-0.1264521976695247,-0.19199104599916794
2025-01-14,-0.16259848140856833,-0.10083857436239164,-0.0980987912613301,-0.15503010001984158
2025-01-15,-0.18951158266236182,-0.17967746236202217,-0.1206273837529271,-0.22782864044421455
2025-01-16,-0.3344867306081067,-0.2518715636721921,-0.25774997436391084,-0.30691860589162906
2025-01-17,-0.28597139557248463,-0.28688778283863603,-0.15747297574682206,-0.2970767085138195
2025-01-20,-0.15576279665715848,-0.20352058252780847,-0.15648924629881059,-0.257499729990992
2025-01-21,-0.16578307575313025,-0.24401159654351237,-0.13278554074428187,-0.17569429676756218
2025-01-22,-0.06139695850035776,-0.12155641534356806,-0.04134300585128906,-0.052255571833362664
2025-01-23,-0.03200488904580452,-0.11984773191721591,-0.05515828570717493,0.010138322004579607
2025-01-24,0.07318450224925879,-0.12155030720166791,-0.014074671212294982,0.1038623311095665
2025-01-27,-0.05937376364144573,-0.20649661277257664,-0.07981562340163753,-0.060941761200998826
2025-02-05,-0.0027520472144551573,-0.07541737177660816,-0.10051995663634772,-0.024225425955289565
2025-02-06,0.04467656907413133,-0.09438588806130839,-0.10187598591734676,0.09444734990180467
2025-02-07,0.07528551436586445,0.022997291973479137,0.011458332763792921,0.1603420220389538
2025-02-10,0.1198797882169982,0.031103315640898483,0.07142430910889774,0.21263003654485052
2025-02-11,0.16325660539003845,-0.009645384737883242,0.0035941842027374413,0.1826484225695527
2025-02-12,0.19379866492083125,0.029500659100437955,0.10995632958941277,0.22708488162701046
2025-02-13,0.15039998621865588,0.05881290259443133,0.137393083863732,0.2556736715188322
2025-02-14,0.1518460985359823,0.012952796742661454,0.09654850697918241,0.162947145397857
2025-02-17,0.22855979819612313,0.044662361554153734,0.16466889963706316,0.21341682099561426
2025-02-18,-0.0034170311961599243,-0.057613070741039704,0.04513880728601546,0.0727074817705437
2025-02-19,0.15119101259761533,0.060121572871226686,0.1790907655643566,0.23706645397355683
2025-02-20,0.17986732867610128,0.10308110153492406,0.20214788757331623,0.35388906967314615
2025-02-21,0.2973734424612262,0.21295064807130099,0.2402854801008857,0.4717829025641777
2025-02-24,0.33094497966573805,0.2890045973368173,0.28411507416771065,0.44319610126441183
2025-02-25,0.36087483658550906,0.34883756622772083,0.32506682414848725,0.4459959498317972
2025-02-26,0.43718079972177365,0.37097219568688156,0.2841058100087777,0.5011973522590926
2025-02-27,0.431066711032256,-0.09815529171232663,0.21097126427314833,0.30833121432629107
2025-02-28,0.3443098076293729,-0.025610068985671693,0.15477744516307979,0.27043362999447756
2025-03-03,0.27832464129354323,-0.07570563709962413,0.11341664603941935,0.19306498496905167
2025-03-04,0.3458809129047012,-0.07217749997564196,0.156335083902274,0.20652407597562927
2025-03-05,0.3937610044998331,-0.09808058667343898,0.16417431202588056,0.23247977343953835
2025-03-06,0.4518828189331315,-0.12473902117118582,0.13835607369108902,0.22040384617408557
2025-03-07,0.4644820977258996,-0.1505432165303188,0.1151689587523911,0.2075294538580483
2025-03-10,0.4801292667515888,-0.18199140266572073,0.09045524445424938,0.2432156608790641
2025-03-11,0.39488919902350206,-0.16935198215105518,0.07457909753414727,0.18833874296139505
2025-03-12,0.38833447192546505,-0.1414296514537346,0.11284699194721787,0.1850439316657147
2025-03-13,0.31973891519469133,-0.11541097956546355,0.0914458102507732,0.11988902128870471
2025-03-14,0.35405886648512724,-0.09809162697936918,0.1453378173613244,0.1636599502019124
2025-03-17,0.2902472387368922,-0.11857668570717224,0.10898773556807143,0.1341556294854895
2025-03-18,0.2864419785986494,-0.14554207542883238,0.07714651201898474,0.10728354951749083
2025-03-19,0.30519219844744244,-0.18938481622694914,0.08660221763897626,0.11624313576980863
2025-03-20,0.3435096166853527,-0.21643872703222805,0.08069130699664614,0.11272756783083399
2025-03-21,0.2209947023077855,-0.24230857062208572,0.013794467789297748,0.04980872139545654
2025-03-24,0.30429518218969853,-0.2669374195465149,0.015286574882495888,0.14463594847517552
2025-03-25,0.18858451515382163,-0.2568785601601069,0.04914203558275052,0.044924367720206915
2025-03-26,0.23817147086403298,-0.3045531298943444,0.03334123878806805,0.08335109692428383
2025-03-27,0.2228655063143378,-0.26019620526601633,-0.0008362415330746079,0.1045980631035066
2025-03-28,0.21675686476783018,-0.26125607472966517,0.0033962526554472405,0.060941978950892386
2025-03-31,0.16297278155050615,-0.2445917150573782,-0.0051531367063317275,0.02306197880651023
2025-04-01,0.07832745206148707,-0.20241338264673933,-0.07351695263016023,-0.08780269893367738
2025-04-02,0.01380015253296482,-0.15104597250093113,-0.013840779487997295,-0.1084197564704174
2025-04-03,-0.045181326335100414,-0.15466612992801326,0.013307734817844185,-0.13212199707286232
2025-04-07,-0.1725976320776289,0.05519216688099575,-0.09389236098436755,-0.11758324187988135
2025-04-08,-0.14574146551281847,0.1202556409553003,-0.11979350449326832,-0.13245063597341564
2025-04-09,-0.1247194925603526,0.12221394945455294,-0.057485846661108765,-0.07313437051792583
2025-04-10,-0.059464930703656126,0.05124748256499582,-0.035369828948606775,-0.1037476277857739
2025-04-11,-0.01139499800182019,0.046710686637516693,-0.062090420038974165,-0.024425163347952385
2025-04-14,0.05349957838937576,-0.024211468408345573,-0.06690346798369726,-0.04916213975426329
2025-04-15,0.0023015970991557486,0.03609423506939779,-0.06590728896562106,-0.08581700553272863
2025-04-16,0.017852005369002475,0.1309572449852345,-0.04829877922214775,-0.04761157491682882
2025-04-17,-0.0035883953595685944,0.1051671484323128,-0.05351417416216126,-0.09301152888498315
2025-04-18,0.009752535429136273,0.04195040265938917,-0.08954954847591032,-0.08385267640081034
2025-04-21,0.1328905183813047,-0.005165507283747694,-0.0749645948104012,-0.10080555729918608
2025-04-22,0.07922193545282308,0.007248631046560163,-0.0066740419766751794,-0.08123269226946653
2025-04-23,0.05219790624073173,-0.03206797667506733,-0.06966773855754262,-0.09440311629296516
2025-04-24,0.03363980553432399,0.03914145620134166,-0.040584547870580155,-0.042544949525285786
2025-04-25,0.06052205452320278,-0.007856215773686824,0.030723884934947352,-0.05333077970581045
2025-04-28,0.017503159571337062,0.09500072299082779,0.04166520140960813,-0.05193815896539188
2025-04-29,0.09840446971382957,0.034675459810126444,0.04425477334478393,0.008004968750541025
2025-04-30,0.13971070124520177,0.004493432675395846,0.03808198026389914,0.018326945429304322
2025-05-06,0.14111164972905596,0.006130767969279138,0.0608987754655581,0.04692182383108658
2025-05-07,0.060646456951922584,-0.0031556174364265805,0.027810103434908022,-0.03900772147296619
2025-05-08,0.021192932947836775,-0.11318777268388758,-0.08065523835435781,-0.13650430221083432
2025-05-09,-0.06297180567977459,0.06223417773784133,-0.04179358486078711,-0.20524456664348686
2025-05-12,-0.02412696419977821,-0.046305483052496384,-0.08901893076705938,-0.13279887514797628
2025-05-13,-0.05855250768941058,0.0032272732477360002,-0.07022643676623512,-0.16965664427845079
2025-05-14,-0.0478249952921976,-0.02861260916477593,-0.0607963001422968,-0.1984976879459335
2025-05-15,-0.051237628941476786,0.021750937672374234,-0.06615361506404646,-0.2094889468588505
2025-05-16,-0.020987394067854895,-0.038756064881553844,-0.08213133726882589,-0.1947472405725166
2025-05-19,0.006730068592717738,0.002731643257566043,-0.07801163891916554,-0.18273919964181334
2025-05-20,-0.012139853116565187,-0.04603992273062682,-0.08577289528445065,-0.16622735872795297
2025-05-21,-0.002625908933269318,-0.05684304225528922,-0.05042232866407145,-0.12237566170778147
2025-05-22,-0.00751888745155641,-0.04934777724148111,-0.0779715785562325,-0.13346096708723035
2025-05-23,0.02363004186285023,-0.004380083357285095,-0.022681450184427892,-0.08057146473933727
2025-05-26,0.00141747892176382,0.00435830051730025,0.03547247704193451,-0.12172356780526655
2025-05-27,-0.07613052059348004,0.007926767055801557,0.011977780998772388,-0.1360260383303613
2025-05-28,0.011738023926178565,0.01425672681345665,0.050760502940898136,-0.08768676096327972
2025-05-29,-0.025586035560326174,0.049949581457884445,0.06551987963920171,-0.07687280344869377
2025-05-30,-0.08638614289918804,0.06084853779534684,0.056762414363363635,-0.06924009563119707
2025-06-03,-0.0785413592981102,0.03734237324264546,0.027556154511303384,-0.12108135715110188
2025-06-04,0.004282743292939715,0.047217554914251184,0.046674992411512066,-0.04450138420994595
2025-06-05,-0.0855205069164315,-0.010303735312418278,-0.02468478864910677,-0.09047956800414234
2025-06-06,-0.06234743165803917,-0.009989992655598079,-0.01717404463997758,-0.11555158324821246
2025-06-09,-0.020931078063052926,-0.06894312351379624,-0.04321573185623267,-0.14656547360163474
2025-06-10,-0.04662714551668535,0.06747202552805667,-0.004426435088436875,-0.11374585582183148
2025-06-11,-0.03667482685748959,-0.013389749731228792,-0.007526732517924277,-0.1344141761494847
2025-06-12,-0.0012867999951877533,0.052868548046387666,0.015893720212029755,-0.06442268158801005
2025-06-13,-0.024731681137085005,0.08505058337541822,-0.001270363970727473,-0.051051409202184414
2025-06-16,-0.043856909783248896,0.03584099528955354,0.020911132194419167,-0.06375224733002112
2025-06-17,-0.02639089406398426,0.0003718365973149194,-0.0005275989576803194,-0.09540100014646496
2025-06-18,-0.050340534605464546,0.019742536465310566,0.020168743605550387,-0.05484751791899256
2025-06-19,-0.09929069110539199,0.10569523297571223,-0.04135473445811114,-0.08467253015355224
2025-06-20,-0.12398703573152019,0.11032473618875024,-0.07608650675976522,-0.10630895569467759
2025-06-23,-0.09417906387964764,0.10187866997272431,-0.07540264837838938,-0.009898949531264734
2025-06-24,-0.08856108635155775,0.11394931232933979,-0.06912769899882444,0.03330411002478369
2025-06-25,-0.0876320800117172,0.07745760923018045,-0.06501984108091521,0.05168228175794325
2025-06-26,-0.03120755969011698,0.19148171065936004,0.09304750407307197,0.07541225824395965
2025-06-27,-0.059006008269150416,0.15793042028822593,0.0007327148999614638,0.022763417986661736
2025-06-30,-0.0824196867743942,0.1174935952941597,0.037827056049930835,-0.04654265149337936
2025-07-01,0.026966014406534546,0.1454350790459589,0.047767115579000825,0.020617035916987023
2025-07-02,-0.11724995088636506,0.10693094277574,0.05639905804840179,-0.021006884606744568
2025-07-03,-0.13575157733560386,0.1318941450368861,-0.019058320445968058,0.028991663253759722
2025-07-04,0.0289605855200615,0.2063507904139182,0.0631149486936944,0.06347170330907628
2025-07-07,0.012034194551848953,0.25170869907683596,0.017700614638446233,0.0016677207662407992
2025-07-08,-0.09913750687961197,0.1425502922199721,-0.08359391085333738,-0.008801299100797324
2025-07-09,-0.12364970033047268,0.1857970764163551,-0.03272709243025472,-0.017996687598984245
2025-07-10,-0.09871081117902894,0.12580818627467508,-0.03787719239993671,-0.007886040135407165
2025-07-11,-0.03909659326400804,0.15754833460682152,-0.05245140372914925,-0.09544694374702328
2025-07-14,-0.05240875438730955,0.20475061896935332,-0.012861550372984873,-0.03821421488260908
2025-07-15,-0.12685426824437493,0.17261411346139885,-0.08038421265050603,-0.05683624973851951
2025-07-16,-0.07479794462947802,0.1462447697319025,-0.04392345299469267,-0.12179205571531176
2025-07-17,-0.11530297677272021,0.11004370293022869,-0.07672945243359741,-0.03344283763835124
2025-07-18,-0.03720577446980445,0.1855014212085986,-0.040127576770489684,-0.05132416999174288
2025-07-21,-0.039966830230439565,0.18350461348701133,-0.021116264764021533,-0.11506678111079482
2025-07-22,-0.049598105692033566,0.15808525220083566,-0.023985642227062145,-0.0820080461151901
2025-07-23,-0.06927565883275238,0.17315187384043926,0.028678296862744805,-0.07340587674586571
2025-07-24,-0.0696863958528344,0.07105349840238799,-0.003076369026644889,-0.08856715155835812
2025-07-25,-0.11654655569337344,0.05155053043828453,-0.08128763050620855,-0.22844296319457774
2025-07-28,-0.14405829391139977,0.08573692762262336,-0.033576470503824375,-0.1847485790630092
2025-07-29,-0.14308865911475732,0.1069883343319262,0.0072602098390422585,-0.07483657634412082
2025-07-30,-0.12831414611251143,0.16915637267388386,0.06321728050441235,0.009309441585243397
2025-07-31,-0.19199365592630968,0.12303173801995967,-0.01418351775667013,-0.025906264432813558
2025-08-01,-0.19968214083457816,0.05176582930259298,-0.047388374662145925,-0.10670884170515184
2025-08-04,-0.20095786794477155,0.121644276943097,-0.07706608309358097,-0.13134410506039973
2025-08-05,-0.09367666870051065,0.08344284291534762,-0.02893477233628425,-0.107800482563019
2025-08-06,-0.029774306898867023,0.08561659433412515,0.008508265489594906,-0.1377860178328759
2025-08-07,-0.07134459293211112,0.09507153942440806,0.004543902103549621,-0.05322711717132772
2025-08-08,-0.14265890384674676,0.08422524997146145,0.0033853419687084234,-0.07990125161939958
2025-08-11,-0.1712624518362682,0.0699798577778422,0.009404401658866381,-0.057784804909622435
2025-08-12,-0.14556357123831404,0.07145869276318248,-0.056097160936434534,-0.01900565820914836
2025-08-13,-0.12920669533200668,0.03213423189467869,-0.019079102391296635,-0.08440680483954752
2025-08-14,-0.20423426485007604,0.0894706441066174,-0.10461030413578287,-0.07525499405034725
2025-08-15,-0.13499080384494622,0.1031144301554233,-0.09616185247299876,-0.06670149294202063
2025-08-18,-0.14258490684226066,0.071442543909405,-0.03873177822194244,-0.025785351527875144
2025-08-19,-0.18669910987894126,0.09396966384787452,-0.05999554809374337,-0.0297803691375372
2025-08-20,-0.09344484983763662,0.09893987299357088,-0.0869875318041059,-0.11105583658863055
2025-08-21,-0.19857224566377737,-0.06630177496623403,-0.13511529592004826,0.23128230426912563
2025-08-22,-0.21919794947564158,0.0006527021684397499,-0.13279828482540082,0.1689174739906511
2025-08-25,-0.1590071121842337,-0.03321422309248058,-0.07581633106144088,0.17234603689115946
2025-08-26,-0.1306507431675564,0.04606260995746626,-0.11390878278588967,0.21564131575432258
2025-08-27,-0.09613632527863074,-0.037560082986614916,-0.19099610822641816,0.17895169467869831
2025-08-28,-0.05069559709717632,-0.08226940831396358,-0.10157278889126577,0.13222681561335997
2025-08-29,-0.003546221720322536,0.0026346375788246414,-0.08165058511162106,-0.02391046428602614
2025-09-01,-0.11728540733024817,-0.026781403213587976,-0.03652290797560732,0.011610795178350626
2025-09-02,-0.1556016575709096,-0.07965481173208341,-0.16849136537060894,0.1666350172808753
2025-09-03,-0.31601384844489405,-0.15948526408771155,-0.19017359550834376,0.2506016300331573
2025-09-04,-0.29692160020546415,-0.11460635798658797,-0.19977924476818865,0.20584504124138717
2025-09-05,-0.17601707193859673,-0.025103525912404126,-0.05489802416445205,0.07013681812886836
2025-09-08,-0.1385267339225439,0.049354253439588075,-0.03844826118315786,-0.021759089067551366
2025-09-09,-0.1175878679089256,-0.00735439000555482,-0.06635754952339448,0.06627842291863863
2025-09-10,-0.11723356934831998,-0.06526341177286855,-0.04964812974791179,0.0160679927092633
2025-09-11,0.014684817884513913,0.02363391311761196,0.04288584460058533,-0.14729073197910578
2025-09-12,0.028833933949088664,0.07137705862122165,0.08608646753389555,-0.18110728145001195
2025-09-15,-0.03113324138159496,-0.009761793101476514,0.06991222476215372,-0.04651647065892457
2025-09-16,0.02929387048197124,0.02804450819445114,0.14021791957286805,-0.07536609855102669
2025-09-17,0.015650410368406996,0.024485234475294958,0.08422628788033848,-0.09923448133087961
2025-09-18,0.007059471540841226,-0.028108403162684863,0.03210913744151917,-0.005312244852139601
2025-09-19,-0.11231757588908964,-0.15067820614356897,-0.1172841024545312,0.12167634293728427
2025-09-22,0.0064836913424398375,-0.03759952348645267,-0.013677638950582138,0.044315976747028446
2025-09-23,-0.03003495857886701,-0.10295915328097512,-0.0820884110978052,0.11409570562560761
2025-09-24,-0.02836597808778902,-0.06112158858644308,-0.03445030548661674,0.07298290276626501
2025-09-25,0.06890290854982688,0.010158034347708431,0.08058500680607396,0.006968203678214648
2025-09-26,0.01615466876079706,0.004970980565910549,0.00913441613359248,0.014655084527707174
2025-09-29,0.1842035077865394,0.09278336114610597,0.14086225166258826,-0.1348250548094659
2025-09-30,0.22088274338581262,0.1886062603066223,0.18889956150251466,-0.15589602987596102
2025-10-09,0.19309224655636173,0.18023653132408818,0.1971629785927392,-0.18417554564723207
2025-10-10,0.04038835279544719,0.039737100327423926,0.058513967158978525,-0.07290622065796046
2025-10-13,0.03317325913285527,0.1017973350560347,0.10380447102457085,-0.1561643539903445
2025-10-14,0.050493528832073635,0.03709547127117339,0.059552396606788696,-0.05215241465679527
2025-10-15,0.07865713434693526,0.060975536329468866,0.1428325037861403,-0.08505976957308227
2025-10-16,0.021765379942792717,-0.01605691327726006,0.07076420973712638,-0.0023897212820181645
2025-10-17,-0.013227933031542006,-0.033390313484571166,0.011875596816969114,-0.02549935191474692
2025-10-20,0.003858174664588733,0.012758002120612852,-0.06555619868518095,0.012510692043476221
2025-10-21,0.10533129047940137,0.13354618405601082,0.09074043098898689,-0.14094905376505185
2025-10-22,0.07548311913728192,0.07435488723790429,0.05748279370231959,-0.10387576288483576
2025-10-23,0.10998154897270206,0.011320677243166483,0.05461074056364659,-0.07664138907327854
2025-10-24,0.3057728577399623,0.21695438662394734,0.1594823375646411,-0.21323938302313755
2025-10-27,0.30031915080808047,0.1130391219498608,0.12120511854396358,-0.1266391110915607
2025-10-28,0.2545393325057771,0.14090247514561657,0.07994111060429786,-0.2170651272372897
2025-10-29,0.29487320885198226,0.06646394694762135,0.1631398925802573,-0.2480939797757779
2025-10-30,0.19857178457263244,0.06555846383630225,0.18257760027526554,-0.30253256826931524
2025-10-31,0.1393216965372252,-0.015564126584779034,0.09985397211721614,-0.16565803207000457
2025-11-03,0.07731040511244759,-0.09552370388307062,0.07703951188709961,-0.08862784734942392
2025-11-04,0.1573553131853139,-0.12085221683873319,0.0746262780378821,-0.026062085086311606
2025-11-05,0.13174312137516372,-0.1770714384074756,0.027104063048066417,-0.06247662033953111
2025-11-06,0.17081192840494563,-0.10683660390333641,0.0848395002762811,-0.05590410557579822
2025-11-07,0.180408844000974,-0.0705238172207124,0.07857927080346443,-0.06000000222083193
2025-11-10,0.11486219261317529,-0.02814417142977637,0.06227401630563129,0.03187044310391211
2025-11-11,0.12030985564797174,-0.08553938377380099,0.11923207288294269,0.09564387968488208
2025-11-12,0.12328604314038714,-0.055603997466597964,0.02732820447408879,0.1251114351116353
2025-11-13,0.122888135336448,-0.029781079493108705,0.11343631069027349,0.0008105207983572923
2025-11-14,0.15919523951838446,0.01695203186538349,0.14389723072923052,0.07521633224032187
2025-11-17,0.1068654222719803,-0.04974732280320641,0.08656817159725314,0.021112930584067748
2025-11-18,0.16969376062826066,-0.04319367606090996,0.06193080514081928,0.021034239313125133
2025-11-19,0.13125041148486502,-0.08027570282009779,-0.07942708104395262,0.2073803445005473
2025-11-20,0.043191499772080776,-0.11204931623619274,-0.05055085836133408,0.1568332441988979
2025-11-21,-0.08135945357205641,-0.06616197119205157,-0.11160886373512503,0.16434188423619428
2025-11-24,-0.11623078028795451,-0.12376582614808544,-0.11686793012716758,0.19139884273507443
2025-11-25,-0.11138460878225968,-0.08980941390714248,-0.11704146239513227,0.21091210881912253
2025-11-26,-0.013587611962220443,-0.07477093132281978,-0.12642340175452654,0.21189180122780116
2025-11-27,-0.0007844089474445092,-0.13935697565497174,-0.1459802192240222,0.21062622749354457
2025-11-28,-0.0039577817878960414,-0.10553297954401404,-0.09645047687846363,0.14541981770466042
2025-12-01,0.022130810614038304,-0.11508092448927078,-0.09178563533650937,0.1357988564016055
2025-12-02,-0.004695976814296702,-0.08364650345341985,-0.0468429092196638,0.15161138124800783
2025-12-03,-0.033610023962530156,-0.18678027757013438,-0.1173080064144382,0.1913424567012284
2025-12-04,-0.0926251954862985,-0.17143990609254106,-0.19348000787886327,0.20303746972016729
2025-12-05,-0.11744593398969522,-0.06726831734834103,-0.17700746730026642,0.2644730555031033
2025-12-08,-0.11757888675173726,-0.05882750199701665,-0.15492865088201263,0.20527953416035352
2025-12-09,-0.1097627943674659,-0.03251716218340513,-0.1441199221064294,0.13780496256201566
2025-12-10,-0.09850642865119111,-0.036467490253341735,-0.11912432949348903,0.13873054495792264
2025-12-11,0.002750620504329836,0.02061392344364073,-0.11166075918766778,0.10871676591261364
2025-12-12,-0.07984133089837356,-0.03257844955280383,-0.12770736659676582,0.04786895412553477
2025-12-15,-0.10767303857205861,-0.04038422221088119,-0.18398835121582288,0.14951241100610327
2025-12-16,-0.1347285492373064,-0.03512100394187272,-0.1822275005179363,0.13745986155944334
2025-12-17,-0.05596274968261364,-0.007017908327787976,-0.13484498623223726,0.14286466885159058
2025-12-18,-0.11415399147750968,-0.03764430175924703,-0.17939192487810593,0.16140663135296546
2025-12-19,-0.10764536470307864,0.18895004206421537,0.039533999566582274,0.07947727966686845
2025-12-22,-0.04608539581181132,0.16007231890673715,0.03167985907946945,0.048630268882011295
2025-12-23,-0.06566985378682857,0.14239955989364156,0.06337478970916152,0.05676279804112864
2025-12-24,-0.0281031865172795,0.1642068620773908,0.04006059202594296,0.08054331763356594
2025-12-25,-0.04971332941105126,0.15111484596135777,0.0007958334012876304,0.06857858412709897
2025-12-26,-0.03382915092522946,0.17470873493218303,0.0015293896804327366,0.0573224147781375
2025-12-29,-0.03919764152398745,0.12682974930307864,0.04596595256253116,0.05240502208145509
2025-12-30,0.0314268418146477,0.12027168294156564,0.043717670039895344,0.05048785599763387
2025-12-31,-0.026081757239110617,0.11518402800384037,0.07240695260353724,0.042910687934939774
2026-01-05,0.042199995957141447,0.05800375348662846,0.06558450754095617,0.028596856037457954
2026-01-06,0.06770617780704713,0.12458130698440668,0.06471897623690898,0.06360799592309632
2026-01-07,0.10689424413971695,0.01651016358556082,-0.01743886544749817,0.06022053805157308
2026-01-08,0.11101482719165846,-0.05730572077543913,-0.05181369610189117,-0.0019267412751388668
2026-01-09,0.0599620077484702,-0.11659214418495654,-0.08958626206151475,-0.05886511580402959
2026-01-12,-0.05486906716841471,-0.0861759935824389,-0.15618884568582397,-0.07590254157494875
2026-01-13,-0.030910861836835578,-0.012972268303098335,-0.13480312361320734,-0.09512314227989561
2026-01-14,0.02748400543233198,-0.10857813602062341,-0.1457174078353381,-0.09491036025061468
2026-01-15,0.030105481427580932,-0.11714360448596782,-0.12742756480026537,-0.07591743631699842
2026-01-16,0.050155942712670876,-0.13657616313547766,-0.09681197032951949,-0.032040752057622544
2026-01-19,0.02226765120964303,-0.1087480590151021,-0.0503984745841038,-0.010715714395151225
2026-01-20,-0.03669428046921109,0.03729493458611718,-0.00959000065173022,-0.0208632890693311
2026-01-21,-0.07612923543079896,-0.011205669891589439,-0.011682424080682716,-0.07505574895098348
2026-01-22,-0.07633772143307725,-0.058065112913606186,-0.06927990778506944,-0.013625504493162842
2026-01-23,-0.13652443221685354,-0.17606469833276558,-0.14697469102977026,-0.1671467563756416
2026-01-26,-0.08143996359317812,-0.20805371170403708,-0.215323474029016,-0.21277824449015106
2026-01-27,-0.05893758714133069,-0.2347309148266875,-0.16769838800971343,-0.22037740104702572
2026-01-28,-0.06630273534367942,-0.24511958982316062,-0.10375295137296381,-0.1740475456905777
2026-01-29,-0.06617300896172701,-0.1647782273544767,-0.06667449112510446,-0.12585943548218356
2026-01-30,0.030405112051061823,-0.10349401486761155,-0.023975032572279693,-0.08710271378653778
2026-02-02,-0.05962588663611826,-0.06131977772990465,-0.020470010548947495,-0.0406000878789781
2026-02-03,0.03758918670098132,-0.12705094838469974,-0.03260186877952076,-0.07265708367334128
2026-02-04,0.014462376531280893,-0.09570530492108177,0.012390312796246722,-0.025112464168392863
2026-02-05,-0.041422427366379355,-0.055442181131756876,-0.00537021236765972,-0.040263260585504765
2026-02-06,0.03200574979900727,-0.03362140256708291,0.03326166923971406,0.008843349885627707
2026-02-09,0.11151633084342895,-0.13698697624776068,-0.044850474207036944,0.0003849936183123051
2026-02-10,0.04184922478187182,-0.07060081644303695,-0.05887593600946897,-0.014029258484120139
2026-02-11,0.15821153631890536,-0.04839333458997038,-0.006992473831070631,0.05456868922682375
2026-02-12,0.14486431067311112,-0.07815349898098478,0.007450732743220184,-0.031573661414851545
2026-02-13,0.127137865377775,-0.09133893491765527,-0.06034712234062731,-0.00451112087544201
2026-02-24,0.10460527692339883,-0.1439396632180742,-0.046400099644673114,-0.010959763982173121
2026-02-25,-0.03502918498942006,-0.10848984500681404,-0.04973564028242041,-0.029458381327059052
2026-02-26,-0.05091378645980157,-0.18115805969273296,-0.05357174926737151,-0.0013568953982222233
2026-02-27,-0.02567638249826521,-0.185416759491188,-0.028053948956121053,-0.015242945560643168
2026-03-02,0.10519276856352225,-0.16697096225493105,-0.013889860054009037,-0.026376371742558385
2026-03-03,0.09232250758666344,-0.13352972257849657,0.010655296775353035,-0.01231473237968798
2026-03-04,-0.002139783821713489,-0.11080812485024245,-0.011577854448446712,-0.0030130140236424062
2026-03-05,-0.01952056166524762,-0.16871029899788803,-0.04977153434981873,-0.001803617068252355
2026-03-06,-0.03609153100159486,-0.1451916433712606,-0.03418929184750147,0.01309979024026619
2026-03-09,0.09968619329929933,-0.10191782494620466,-0.023632531119789586,-0.025737180711507088
2026-03-10,-0.027171111269819397,-0.10614764461331573,0.03724389732327007,-0.029680311554446982
2026-03-11,-0.009693792018796579,-0.05898180578572569,-0.030921965305210738,-0.022884451517025353
2026-03-12,0.04412456298462844,0.02620763908912675,-0.0335791503695156,0.020020850475980338
2026-03-13,0.10072201190361205,0.0856690185094555,0.04083379227434676,-0.1234076453948929
2026-03-16,-0.004349281470527558,0.01774643123574961,-0.007595212955089946,-0.13746930764815993
2026-03-17,0.03146631498111795,0.09851114929675699,-0.015672036842594637,-0.07787373608028245
2026-03-18,-0.0010450254459022004,0.1044690081905435,0.015697144365087092,-0.06730477504228694
2026-03-19,-0.0655981147061612,0.22021494021376686,0.07929716265041915,0.025361183575212328
2026-03-20,-0.14998845951674453,0.23507673287135164,0.11504932226930305,0.027585016402499014
2026-03-23,0.017245653242269097,0.23109416571107122,0.12693286886060787,0.14309335881505741
2026-03-24,-0.01781273350663482,0.2626535336725918,0.16916290213076768,0.0677911486984491
2026-03-25,-0.04113129679831259,0.18291533242632216,0.1378078830991702,0.02189262507695832
2026-03-26,0.05549964933353279,0.23540963655216898,0.19779582905421686,0.07777491819395808
2026-03-27,0.06186279428854124,0.20924900798969573,0.180737205701599,0.08090366542963229
2026-03-30,-0.003246185796437867,0.15601351445510386,0.20611842101621605,0.054650634225022775
2026-03-31,-0.01243027339898961,0.2639162109335731,0.25804681923639333,0.1567730802120904
2026-04-01,0.007690994864087899,0.19895860748149585,0.1878293106001757,0.11498163428268172
2026-04-02,0.03735128384685942,0.32675800640653135,0.2834899661800847,0.17175181198992054
2026-04-03,0.036606921836091384,0.36697265647831656,0.3368667171155499,0.20969454636100088
2026-04-07,0.08328608220611267,0.36665727763971495,0.2900998376287781,0.18064350764745943
2026-04-08,0.00731750893245337,0.28338161010671237,0.22772317861940963,0.2627727069928214
2026-04-09,0.059803160664497965,0.29672006501111925,0.23212595210828726,0.08526689386260898
2026-04-10,0.02575709382852123,0.26082658858270746,0.19659942460102853,0.1300068943373455
2026-04-13,0.0986481954448737,0.17715462623917314,0.1657354482994207,0.06370935386264386
2026-04-14,-0.02899145291470285,0.15883164197375782,0.15633239847139185,0.1397159711222356
2026-04-15,0.01969945199237918,0.19697717688136493,0.15684063885595756,0.16135170988239908
2026-04-16,0.0592036672038264,0.15078292841173302,0.1416727914599708,0.10770230275083725
2026-04-17,-0.04568897462759877,0.0822088069568363,0.09550119031210508,0.12330967715154349
2026-04-20,0.03920668853867076,0.07899608570626906,0.09865106930386149,0.12247686362384463
2026-04-21,0.0914913769778412,0.1527506910920398,0.10306390885536795,0.1654387840896566
2026-04-22,0.03491792779842629,0.13301438725342013,0.10344200242480751,0.1684582751594945
2026-04-23,0.07231644565270583,0.12393962475466146,0.11780209275483745,0.19179971052268727
2026-04-24,0.07613489898126623,0.11496064868824729,0.13207234410099083,0.19570656412989293
2026-04-27,0.07754773238903225,0.12601555122376984,0.0864389096904534,0.17783727063863866
2026-04-28,0.0858826772639178,0.07351730199937581,0.09087402175443528,0.13947693012726445
2026-04-29,0.12920174279571436,0.05184620106775712,0.0788155723073233,0.18298049078682505
2026-04-30,0.16842000646234154,0.02720539249726995,0.02995789382258776,0.21724529348367796
2026-05-06,0.05441346323275116,-0.035752870989108225,0.023313663642697692,0.1650446484394442
2026-05-07,-0.04277124347245888,-0.058948255551632314,-0.003857358844708776,0.08106333841630685
2026-05-08,-0.012674642503635085,-0.1149009683847472,-0.012343929953933538,0.08078195797087748
2026-05-11,-0.048895568202743024,-0.17973440735848528,-0.06661316012925197,-0.07934969386154256
2026-05-12,-0.10161249657003983,-0.156783363433436,-0.08577518724406274,-0.06755511941429794
2026-05-13,-0.12499829995114718,-0.2186823988822393,-0.08960866606633716,-0.15082148665328343
2026-05-14,-0.17332040249166072,-0.2046380542268922,-0.07445828440556453,-0.13848388647499918
2026-05-15,-0.1337382870699032,-0.2000298021178203,-0.07848749776806399,-0.07161647341094854
2026-05-18,-0.10256995046460116,-0.10534667748330039,-0.033821390596260326,0.02863815997687273
2026-05-19,-0.05167941355176729,-0.08514099060950389,0.0242659096400044,0.06077811046576625
2026-05-20,-0.11060493120356377,-0.103111132944206,0.00596211696102576,0.11184088013097553
2026-05-21,-0.11680497230850903,-0.02462718702582726,-0.023708730006052822,0.12813966127769202
2026-05-22,-0.10025265338499148,-0.027513014718626178,-0.0638337071072106,0.10638394699646989
2026-05-25,-0.09910629516888442,-0.08984666621395497,-0.009262841769212687,0.050852954531714706
2026-05-26,-0.1689575464085133,-0.019768020452944922,-0.018953430546909535,0.05955594845473315
2026-05-27,-0.1602856497227004,0.03748787398425034,0.010835368917470377,0.08907708523529001
2026-05-28,-0.13699477117068065,-0.0674111283825275,-0.059343576518054685,-0.03794287436008213
2026-05-29,-0.10317992958247615,-0.03547129174569035,-0.08773750699430108,-0.06267664094634112
2026-06-01,-0.15984064479161117,0.07284889383348161,0.00948098692170743,0.013839900110844542
2026-06-02,-0.11120486055752404,0.09201478912319945,0.012486142956444794,0.021208193275876874
2026-06-03,-0.009415634347025054,0.013476099104242004,-0.019748537665218186,0.041669347502845906
2026-06-04,-0.07274515291268606,-0.007265449311884637,-0.009528228458746775,0.012227764075753947
2026-06-05,-0.09079624566441515,-0.022822055336051427,-0.010163059475047533,0.026683851907042727
2026-06-08,-0.1471402872721406,0.06684775824570857,0.019062873286134697,0.03567049567928358
2026-06-09,-0.04130438194134063,-0.020614475667563654,-0.009019545227018406,0.030739873380977036
2026-06-10,-0.03721271823403468,0.08177111428968745,0.01823115489637984,0.0908889281787874
2026-06-11,0.020474841398883687,0.14124818083183266,0.0889409263139208,0.11622733257347466
2026-06-12,-0.016739960443965456,-0.008154889346659516,-0.0034782118037895403,-0.04642946628612356
2026-06-15,-0.08689907266442572,-0.12147098498305986,-0.090269373041412,-0.14739780228450988
2026-06-16,-0.013580660872879154,-0.16991044894188115,-0.12474362337736768,-0.20102787287922855
2026-06-17,0.13122463317454042,-0.17728326515637,-0.008529740433155145,-0.05322771067443126
2026-06-18,0.08299235324891101,-0.2718765638478466,-0.057155658230577604,-0.04010156426860827
2026-06-22,0.05335312747471896,-0.3052850897578389,-0.03344692547608907,-0.05468937169355724
2026-06-23,0.05653456646701256,-0.22319448513389245,-0.10472117599884516,-0.053217582896752186
2026-06-24,0.19027952997106606,-0.09355371908284559,0.13322142084206767,0.0824451279476074
2026-06-25,0.26760739791154786,-0.1165134392451057,0.13111518721129958,0.09966103822735546
2026-06-26,0.1575008147768342,-0.07947787504808122,0.12393886191272283,0.0827568890841755
2026-06-29,0.1670840695395941,-0.08189439126465932,0.20160566974251298,0.12886517317661944
2026-06-30,0.22819341019887937,-0.13425945462907182,0.1433273749862066,0.17138493084761366
2026-07-01,0.18784175573633743,-0.12898228212283597,0.1531019414392447,0.24196430439604125
2026-07-02,0.2979575477275755,-0.18391760117091177,0.1501427523351286,0.17061494361098903
2026-07-03,0.28236056353584976,-0.18254252933624174,0.15484825582925726,0.13834034272801457
2026-07-06,0.25108748606858416,-0.1839799598124063,0.18727875060861507,0.12163078275061201
2026-07-07,0.3073912758636168,-0.12421448588245561,0.2096462118886723,0.23272353311342353
2026-07-08,0.4081128222742928,-0.0405950687208195,0.21862150251727877,0.22725712970518697
2026-07-09,0.315060935030653,-0.10753703693850683,0.21363038937543774,0.2726080558910966
2026-07-10,0.2730493822724047,-0.07660509674719941,0.19225103291806986,0.24637721338756607
2026-07-13,0.30594448498582505,0.05606469134956493,0.28200246380715505,0.2568388676165966
2026-07-14,0.3784744220179282,0.029726710140176495,0.2946227447916466,0.28493530651275173
2026-07-15,0.3551818056510535,0.06214979102348973,0.26230163580468085,0.23613081413596132
2026-07-16,0.19841494028341655,-0.011735835912434394,0.1854283487591026,0.11202058878915322
2026-07-17,0.19458062501024395,0.1910406950976387,0.2295804635747835,0.2162608626058833
2026-07-20,0.16908011493826192,0.34914517272170353,0.23763754472149376,0.2282928462327119
2026-07-21,0.13365415686312687,0.19197565264870262,0.22437772885131563,0.22394492917372835
2026-07-22,0.09703142143705526,0.06894242860729889,0.13992472801908282,0.20265310819576085
2026-07-23,0.11729325858795274,0.045262596130422814,0.07076639688938917,0.17293745946059044
2026-07-24,0.15065787557003024,0.19248555029421457,0.1859780301784585,0.17378695624882304
2026-07-27,0.0671931843139521,-0.013164532321114057,0.09153288634278037,0.12356621262527986
