,lightgbm_clf_baseline,lightgbm_reg_baseline,lightgbm_ranker
2023-07-03,0.10166611254517824,0.12104614743146329,0.12530645445675945
2023-07-04,0.17691635923810364,0.1440917951714575,0.17489254174961852
2023-07-05,0.1462042441335752,0.12024625190889486,0.14818739551002905
2023-07-06,0.13675063045081315,0.1784401687926424,0.17678071862203096
2023-07-07,0.07743721437433122,0.11185138962022223,0.16012086471468862
2023-07-10,0.02734565912904451,0.019351692462334417,0.07455450471349066
2023-07-11,0.1296592575432356,0.10592794962966867,0.11551764137170512
2023-07-12,0.08636453292273089,0.11455528070722439,0.07283311909853565
2023-07-13,0.09437106217925981,0.1541045849275854,0.12306992408065068
2023-07-14,0.0574422964991692,0.14599036927918674,0.11974668310259996
2023-07-17,0.04504368142469054,0.17961375883662642,0.12665091101605333
2023-07-18,0.0607731559010942,0.15423353277799626,0.1861290277839713
2023-07-19,0.08070761396583055,0.1531105978424897,0.19636140181147205
2023-07-20,-0.0018629113050918603,0.10321646680278328,0.18369084445611628
2023-07-21,0.04987501419217261,0.18885861098500695,0.1487863892849519
2023-07-24,0.03516404260600656,0.11161011341378449,0.13239070417278193
2023-07-25,0.03376539608497359,0.08188264358171607,0.06842277743829589
2023-07-26,0.07850265762726606,0.0934413470527649,0.07068857357093217
2023-07-27,0.055949764543056286,0.0559651149531912,-0.024344546112970194
2023-07-28,0.12838285298293042,0.06368630780108828,0.08892832328815176
2023-07-31,0.049552666122205685,0.0856234662103748,0.06503565351218288
2023-08-01,0.061632751723361,0.0722910050366527,-0.015295833092386328
2023-08-02,0.04218248315538725,0.07394080728592653,-0.02093761681606653
2023-08-03,-0.007955795334068722,0.01803459844481942,-0.024091984546145133
2023-08-04,0.06748177053506167,0.03820737920356855,0.03213727993908365
2023-08-07,0.05342033517868887,0.06960781174544035,0.07088923738976248
2023-08-08,0.12373844218523047,0.10537251981267268,0.09449878744908109
2023-08-09,0.05998710969283656,0.1476085263670993,0.1263479221367523
2023-08-10,0.05162832512497742,0.07256371069695254,0.14551587927560994
2023-08-11,0.06891337950018521,0.09491309561678783,0.19283477273512362
2023-08-14,0.0825052741837418,0.07605464909052058,0.17829569622025646
2023-08-15,0.0916496187776667,0.0513782068287422,0.1315140026161574
2023-08-16,0.08312063821412277,0.06679721574717172,0.15936174292438998
2023-08-17,0.11736682805356533,0.0894607788936906,0.20133495909868704
2023-08-18,0.14546164608427134,0.09983058431211815,0.16237187185747085
2023-08-21,0.07984808726145795,0.09609777465576812,0.14925607518364706
2023-08-22,0.14077702389583316,0.10615617742748372,0.16309840580457816
2023-08-23,0.10884262940728555,0.10266544499652289,0.13143217963541587
2023-08-24,0.10776752572830745,0.15539182946308833,0.12145784691785194
2023-08-25,0.00866802910842392,0.12437439427641679,0.013143641884614626
2023-08-28,0.11984068346336212,0.1606247195529127,0.1341315586458589
2023-08-29,0.08918824906827151,0.0709797874518936,0.09425272411209479
2023-08-30,0.08794519727106177,0.030801054850608533,0.1116120488494914
2023-08-31,0.08434165178951697,0.045879253845947196,0.0876311169346155
2023-09-01,0.07457304082661766,0.04492840767765372,0.05306686344281876
2023-09-04,0.06053760719315056,0.07832705293867664,0.026409784057817527
2023-09-05,-0.02263686745776524,0.05482305047376835,-0.043802311207801786
2023-09-06,0.008574060413347967,0.03874103157468194,-0.03319291166112995
2023-09-07,0.045231065865032796,0.10957739401369543,0.036618136615383476
2023-09-08,0.04210035840552543,0.061382957569347356,0.022251846107361337
2023-09-11,0.051629471321944065,0.07523116939096278,0.039751639014771606
2023-09-12,0.0067241363155300955,0.0730628881390381,0.019702758159413226
2023-09-13,-0.007199345261679636,0.09337216436833846,-0.0011394300281804288
2023-09-14,0.07745435978066711,0.13344171663809973,0.05013097078479285
2023-09-15,0.06649176140701564,0.10122087212531318,0.034621301105721695
2023-09-18,0.020562473104845984,0.10676963286837149,0.03507290438430415
2023-09-19,0.07345512771497983,0.12012858376953016,0.07054051874928399
2023-09-20,0.10599932120086189,0.15393359808561377,0.1217461616544297
2023-09-21,0.0849447290125256,0.11355041438560454,0.07941973084480629
2023-09-22,0.11432094652433633,0.19829869065883218,0.11474457293324676
2023-09-25,0.09674066555854827,0.19565034317465324,0.11959290092620081
2023-09-26,0.1039959836570006,0.18673504032338484,0.1235007392410456
2023-09-27,0.09991347279482872,0.15115459904432255,0.09074253546517533
2023-09-28,0.07065157791918002,0.10165459638300685,0.07140932752891256
2023-10-09,0.08401633055402098,0.17073177714312637,0.09675878222500771
2023-10-10,0.012290281315133243,0.1379430781743574,0.03295060969919528
2023-10-11,0.07400854683826219,0.16777811890191335,0.08209071703069323
2023-10-12,0.035417679157660066,0.15364142067304407,0.04887784672261014
2023-10-13,0.01569087570916821,0.0790168481942757,0.03228825177599211
2023-10-16,-0.008770135778732544,0.10674329009646748,0.043672042735550996
2023-10-17,0.010778014133718832,0.11550105822144346,0.0639104925137953
2023-10-18,0.05123932304161767,0.18321989399056995,0.06870263361698767
2023-10-19,0.03471843689006653,0.07181778174673228,0.032196389318125
2023-10-20,0.020375622724616016,0.0606847767251353,0.00811786559109438
2023-10-23,0.06206527027923221,0.12078292285241575,0.06986731643260155
2023-10-24,0.049040427978363214,0.045201121181944505,0.06724855595517022
2023-10-25,0.05871810260703448,0.04542522463945217,0.057748628668601
2023-10-26,0.0762300673419841,0.09289608162558435,0.05696430761500261
2023-10-27,0.044604458247191024,0.07293778254868807,0.03949806357344865
2023-10-30,0.02387608620446751,0.09914791397597629,0.013863018354471766
2023-10-31,0.05671962053791643,0.18914297075083533,0.05178477158412712
2023-11-01,0.05118120876077718,0.17810005363224382,0.05793274667634206
2023-11-02,0.06550178835914298,0.23346644251402776,0.04440255248450227
2023-11-03,0.04300579289697668,0.18449083733013608,0.03795755715204818
2023-11-06,0.09595209300520562,0.15333473978658502,0.03985595414659437
2023-11-07,0.09921351994489185,0.14909806608425297,0.06469372968801677
2023-11-08,0.09996921874706562,0.19337813458971373,0.06118085985453709
2023-11-09,0.07632261177069075,0.21314646158503014,0.075975073411795
2023-11-10,0.08076779054095061,0.1717458188445009,0.09472926969382171
2023-11-13,0.03827091290838335,0.1204195700150435,0.07335615523867328
2023-11-14,0.07558928413768323,0.04587711703548942,0.06853463616862863
2023-11-15,0.07548069931142994,0.06652431767788775,0.0861111292432751
2023-11-16,0.05932053842897297,0.10513848448436988,0.025458061658644015
2023-11-17,0.03771320994115248,0.09233955585671345,2.4047983284938676e-05
2023-11-20,0.03136137159765971,0.04249547257033399,0.0073254611823323655
2023-11-21,-0.013651389375730617,0.05680914477524246,-0.005711048563570533
2023-11-22,-0.0010365768960385127,0.03603449318742886,0.020443321492211855
2023-11-23,-0.07164151757955159,0.010227614275344186,-0.008498336049997614
2023-11-24,-0.013506659714929944,0.007690442926647785,-0.014118477490317242
2023-11-27,-0.019940244539106568,-0.059967778567997794,-0.022670533722730674
2023-11-28,-0.013550300710992367,-0.06622549770960993,0.00419033592212165
2023-11-29,-0.0038157576469872645,-0.07149186495104431,-0.011186348448906393
2023-11-30,0.028377032915221943,-0.06569120228794063,0.019646681778436766
2023-12-01,0.07281783406838406,-0.027937524069156096,0.0622331721316488
2023-12-04,0.1180294234893054,0.025733587322424846,0.11338224017227681
2023-12-05,0.13438723838665934,0.008001306880884178,0.12987060160273578
2023-12-06,0.12447318712923724,0.011602645576115003,0.11894632293003224
2023-12-07,0.12588602211511282,0.016792128219628652,0.12101103656039226
2023-12-08,0.15940005624270392,0.008846796905760571,0.1692879501971097
2023-12-11,0.16128050113607897,-0.0024153377733283775,0.1687931676518142
2023-12-12,0.21341119035961034,0.021330690995932357,0.18498416612532792
2023-12-13,0.19112996619253947,0.025957847363106728,0.17797416234510938
2023-12-14,0.23045926013465348,0.05002442364364289,0.2047233211162348
2023-12-15,0.21771165864137537,0.026180377208852818,0.18138540100873513
2023-12-18,0.21251035345638108,0.04073194211986946,0.17834678053554365
2023-12-19,0.20918674664316816,0.052663075483885234,0.20113142546466156
2023-12-20,0.10872078043283838,-0.04585186824493549,0.1668404228713712
2023-12-21,0.12091033161753172,-0.038967194385933275,0.15041777817498395
2023-12-22,0.03970871875254461,-0.14449953753292935,0.03905016202023168
2023-12-25,0.015252294050744181,-0.1464272695537654,-0.02070514456014097
2023-12-26,0.04672430278423098,-0.08747167835634469,0.00220071843148873
2023-12-27,0.07860337223281831,-0.0951397182060721,0.044190278832151195
2023-12-28,0.15573175105527107,-0.10385396146835353,0.0487030926282641
2023-12-29,0.1929085431598211,-0.07386075021425666,0.08608556287221658
2024-01-02,0.15185564012902117,-0.12567208157356183,0.04813625089117259
2024-01-03,0.12207290655880619,-0.1422062849862458,0.04381704810192765
2024-01-04,0.0289759692457167,-0.14132183202999823,0.004175829204658325
2024-01-05,-0.05607584584534641,-0.15244340733522138,-0.0599890285955523
2024-01-08,-0.08649039167801344,-0.2356316784194932,-0.07201859257168798
2024-01-09,-0.09069618996843082,-0.24178496392716217,-0.09250954551470303
2024-01-10,-0.1155214104762053,-0.2564253637810519,-0.14568755268942069
2024-01-11,-0.1274426925939319,-0.24388164061099815,-0.14590861682378634
2024-01-12,-0.15548011216041902,-0.2627784764746948,-0.2358405950087436
2024-01-15,-0.12234960387936582,-0.2946089982813393,-0.2174743915353016
2024-01-16,-0.06848227018614264,-0.31159709944296304,-0.18299878309362533
2024-01-17,-0.10231743258289767,-0.30566969563316126,-0.20143540400778126
2024-01-18,-0.05908691260453144,-0.28765290634944846,-0.17958062232074273
2024-01-19,-0.07967287710710753,-0.27794814706068244,-0.19568293492296904
2024-01-22,-0.02387494830647614,-0.06181373047521196,-0.08197568234940701
2024-01-23,-0.07110076434516359,-0.20957388438339936,-0.11387820956653949
2024-01-24,-0.09413498847103402,-0.10036647464581298,-0.11863426316310964
2024-01-25,-0.06812597723359741,-0.06459720022832398,-0.13183282074126285
2024-01-26,-0.08810392384699893,0.011136592029851185,-0.0942923680230451
2024-01-29,-0.09825935751999945,0.018849094452845407,-0.12568942935168936
2024-01-30,-0.08906791177649918,0.11929931392508071,-0.035416902069120175
2024-01-31,-0.04270544546076056,0.1276541747833288,-0.012275239360413052
2024-02-01,-0.048749381357642875,0.1317951272787427,0.032121544619508204
2024-02-02,-0.05580897004628827,0.2437886838991704,0.10019765065589564
2024-02-05,-0.012108923938156152,0.28711010743360005,0.1142373968281219
2024-02-06,0.036257877208762154,0.28431455166314645,0.14802558202882812
2024-02-07,-0.03849639817589757,0.19904910112570334,0.0843379018912416
2024-02-08,-0.005828699522091125,0.15564305837819808,0.0729077898622915
2024-02-19,0.03763327662427495,0.15355043995637177,0.08937368037568397
2024-02-20,0.03146765006323907,0.2137555699310686,0.07900214520119785
2024-02-21,0.024882619966664354,0.2348893359523596,0.06777643731743424
2024-02-22,0.05262471838785876,0.22407718600807516,0.08599545032765485
2024-02-23,-0.08440150538643353,0.16926460821948053,0.039923317853680626
2024-02-26,-0.11483262200138317,0.036804260418578566,-0.05684206326707396
2024-02-27,-0.058289484092022746,0.0049134303688638595,-0.13417774518927933
2024-02-28,-0.09259488506662038,-0.007413017180653538,-0.1521848176665815
2024-02-29,-0.1008745516364107,-0.018206513039410784,-0.12754510529978283
2024-03-01,-0.0650153494086211,-0.04846312046066221,-0.06341827806216278
2024-03-04,-0.08981861551465756,-0.030427774979178285,-0.08289391783838539
2024-03-05,-0.03223881513125624,0.006800861825560076,-0.04724704419213958
2024-03-06,-0.021734452803048077,-0.03743407989486555,-0.03893284506597811
2024-03-07,-0.09016546064798882,-0.07031992838425957,-0.1137524485090736
2024-03-08,0.0062146610576313,-0.02170982356139557,-0.04369126113882296
2024-03-11,0.001119026799386508,-0.07533462708353321,-0.004831313438879003
2024-03-12,0.008384234670632176,-0.08023552416946612,0.006961663792222929
2024-03-13,0.02673413507417626,-0.1171010192807115,0.017603875713478306
2024-03-14,0.02485958596142593,-0.10147670670822172,0.02978297051538679
2024-03-15,0.04235751903517179,-0.170065507300139,0.043529585908492395
2024-03-18,0.08131227182439686,-0.14294071828251262,0.04504098946461881
2024-03-19,0.05554876107637354,-0.1423230117602705,0.05439422220681245
2024-03-20,0.06998117220930393,-0.14011595125977055,0.09028551938027579
2024-03-21,0.08112005213853532,-0.1135487567833076,0.09956420026677851
2024-03-22,0.07957918130623508,-0.11621056142478157,0.0979519481132888
2024-03-25,0.08816457393304612,-0.09288204155612592,0.07955149420689914
2024-03-26,0.07524980991184271,-0.07719116276182025,0.051707921797597416
2024-03-27,0.026688796665138886,-0.04234786136180976,0.02026341491802558
2024-03-28,0.06026786669663865,-0.04429304428201921,0.08312191478917313
2024-03-29,0.072491423611151,-0.10432019384731726,0.08613430924002308
2024-04-01,0.10716933917925639,-0.12497260056337132,0.11981242932536708
2024-04-02,0.0748575854098254,-0.0769469192981281,0.09400642329546556
2024-04-03,0.04703736179329204,-0.10897238905603152,0.06705182940784953
2024-04-08,0.11313793506732647,0.049066740496583584,0.1317496064827635
2024-04-09,0.1074819637398207,-0.048871612678049445,0.09441661417735896
2024-04-10,0.12098337994199469,0.005510354187317521,0.07746464134003106
2024-04-11,0.08875659423211259,0.06102059636275651,0.05992295506871533
2024-04-12,0.1080303254992715,-0.003063076978627071,0.10262457017505591
2024-04-15,0.09464364974049923,0.037910712739579924,0.10214496698901127
2024-04-16,0.13296472167984913,0.1402521594960564,0.14894015021902013
2024-04-17,0.14339090693597578,0.09098689966449351,0.10977554886634698
2024-04-18,0.10615570092165395,0.05090264426451102,0.060320393006519424
2024-04-19,0.12937974401174088,0.13715437785561077,0.08811553112495811
2024-04-22,0.09081328431434586,0.061109122710829446,0.03637710854429481
2024-04-23,0.06473981475820098,0.046919874082024124,0.0458238888332218
2024-04-24,0.11547507233252857,0.04715766159025561,0.11924394974774417
2024-04-25,0.1596292447787164,0.06759454559360176,0.11646521469720611
2024-04-26,0.15812065621423246,0.032128655006383025,0.1538892776180001
2024-04-29,0.1854957019521496,0.0803982297750474,0.20166249553913115
2024-04-30,0.16009773492876497,0.12829215805743288,0.1171169386663081
2024-05-06,0.11490579837851089,0.07967317844729982,0.07324071622702956
2024-05-07,0.06253802259486448,0.03268267669523474,0.04391767855109694
2024-05-08,0.12004719737363338,0.08558082581287932,0.11392722250934491
2024-05-09,0.0933223560792177,-0.026356875735842326,0.07127283729767768
2024-05-10,0.10014340806808747,0.007507952520446829,0.07666771090650229
2024-05-13,0.07300984514841923,0.07127863401205162,0.09070062360380766
2024-05-14,0.08272563334102981,0.07101439952700962,0.08847401960131016
2024-05-15,0.06108670840893406,0.09703476899129078,0.0385526472883052
2024-05-16,0.0843087038706313,0.08814590058812263,0.026210727445536396
2024-05-17,0.05743544854578,0.07075798217368773,-0.028456924745283538
2024-05-20,0.03973131349366463,0.10520256275960019,-0.04671483816229055
2024-05-21,0.051240925147881325,0.05135932375391404,-0.051480473232969656
2024-05-22,0.03870365311844072,-0.017851257342386864,0.026315222660581044
2024-05-23,-0.011897130195223364,-0.026388141236499674,-0.0012530873673729085
2024-05-24,-0.011375724239234176,-0.07900396239787907,-0.02637650137432562
2024-05-27,-0.001235848634332789,-0.1361095594200414,-0.05104605115870075
2024-05-28,-0.03244303351385503,-0.03885780630521781,-0.0634981466570596
2024-05-29,-0.03103167754271388,-0.09908919280623811,-0.032261988134255515
2024-05-30,-0.06898999168951707,-0.16633662934585172,-0.10675087202825663
2024-05-31,-0.04371532511096045,-0.18539534210078404,-0.05686593320273501
2024-06-03,-0.03453264349920624,-0.19225209179199712,-0.021540667310227118
2024-06-04,-0.01906234454723095,-0.18835653105216252,-0.08364605219670962
2024-06-05,-0.032088236351993225,-0.20879328109548143,-0.06172724703423591
2024-06-06,-0.007998929979547216,-0.16583276646797945,-0.024539296942339705
2024-06-07,-0.03982571411896266,-0.17060175984194909,-0.09454797182353297
2024-06-11,-0.0991947323270547,-0.211712354253275,-0.10814838536294996
2024-06-12,-0.09462697906370916,-0.23680887354162872,-0.0671409312009195
2024-06-13,-0.10615504397685073,-0.20677510982169311,-0.13095120829876858
2024-06-14,-0.032056659816869254,-0.1688596530465096,-0.06617365069519984
2024-06-17,-0.05089987398921656,-0.19545012396934022,-0.08221392402175655
2024-06-18,-0.07629208624763222,-0.185421761634448,-0.09916479929504464
2024-06-19,-0.02656680733986633,-0.16124937160166825,-0.07089978200015708
2024-06-20,-0.043030934245861956,-0.15135905206798939,-0.06996713449335412
2024-06-21,-0.0072572095210982285,-0.12389082383087811,-0.015535510587472006
2024-06-24,-0.020384850523314544,-0.05697014140644806,-0.07248681920597169
2024-06-25,-0.008144463058462125,-0.050897985783728276,-0.050287019312285644
2024-06-26,0.0034250152667484675,-0.11843166358098996,-0.015416715483665466
2024-06-27,-0.025948555654878358,-0.022129283657327078,-0.03453014743321916
2024-06-28,0.04218305993709974,-0.012887026396315431,0.03544371800182186
2024-07-01,0.00765002821390557,-0.0427683416595713,-0.009643310196262815
2024-07-02,0.006167264819094866,-0.013907049779337188,0.013431365133606233
2024-07-03,0.03452900595210508,0.12177387662899139,0.041183697871084717
2024-07-04,0.10952408384631987,0.17430257706373642,0.09737652593723017
2024-07-05,0.12830076758441994,0.11243017567113887,0.13784641219616298
2024-07-08,0.21960917418966172,0.19376900329793015,0.23099423408921307
2024-07-09,0.24491310769049116,0.2100486507210689,0.2519173421833455
2024-07-10,0.2824060539205517,0.1782189547270502,0.31356734385490115
2024-07-11,0.2706789165642796,0.15764298667032628,0.30032454426857236
2024-07-12,0.2332245720308576,0.12821662399494488,0.2696399901993933
2024-07-15,0.23839530732472647,0.19118251147912052,0.2910747327243232
2024-07-16,0.2796112996068652,0.18219053192494827,0.2912249377140453
2024-07-17,0.26484409703029804,0.18868417387951028,0.24180075797033893
2024-07-18,0.3167209995479004,0.20111070980828324,0.2868175154536617
2024-07-19,0.3090999698543175,0.10545523000947575,0.29425737361069015
2024-07-22,0.3120862986951639,0.07995173649288181,0.24933215696067065
2024-07-23,0.28888707402663744,0.16159177038706726,0.2617429300339571
2024-07-24,0.29693582500952825,0.17036040637633235,0.25904497937268817
2024-07-25,0.19873075296496473,-0.013215196473008842,0.1596092510860714
2024-07-26,0.14161643891324738,-0.0967231237811493,0.13257884372223103
2024-07-29,0.21292441263399584,0.039330795012832626,0.21611753673164627
2024-07-30,0.16431311677192031,-0.024359802040065597,0.17773230143877952
2024-07-31,0.0807113597444467,-0.10551859866482811,0.12740702999728887
2024-08-01,0.13310209368408082,-0.016870295995899297,0.1890621286096767
2024-08-02,0.05057241609948728,-0.05049839702425831,0.1041155029203821
2024-08-05,0.02725260874408774,-0.058688913385703256,0.055542612407157965
2024-08-06,0.04508004048446298,-0.06666042616499011,0.04348649180549168
2024-08-07,0.009313390724893147,-0.03952972243373596,0.012573117354379949
2024-08-08,-0.0027198236880541563,0.002268584961302489,-0.0016697076693154343
2024-08-09,0.020960933223713514,0.016288688746961818,0.01428264422855386
2024-08-12,0.022175310011097085,0.05607825698587128,0.00873264059314394
2024-08-13,0.021840616947355052,0.07172904565757715,0.03320617520179376
2024-08-14,0.030074242558099377,0.11707458680544272,0.03143970574020522
2024-08-15,0.029490183650186762,0.09880306458638065,0.03187842367572082
2024-08-16,0.020307436010040106,0.09388365135249765,0.017487709943122907
2024-08-19,0.023358143950504354,0.06159682642260296,0.04514259063806222
2024-08-20,0.056127480977314945,0.14980634695649697,0.0675065471188741
2024-08-21,0.07240108566231035,0.13240760458547185,0.07890699350790738
2024-08-22,0.10717771854090069,0.1684719167336533,0.11614940794081438
2024-08-23,0.0280383300591528,0.1505577198854378,0.037704861710822435
2024-08-26,0.01299536457451426,0.12541090749084904,0.008159994222516606
2024-08-27,0.018688720835905292,0.09856229775149496,0.02248101457530225
2024-08-28,-0.0007034880738321299,0.09017879435095638,0.011533700004137108
2024-08-29,-0.013370480308235379,0.09680957299580194,0.002767676335654513
2024-08-30,-0.03813888754177614,0.22697634137526843,-0.02263525463872689
2024-09-02,-0.05388297325343331,0.22007041296556973,-0.03967673200069569
2024-09-03,-0.10134807931418104,0.15643310175880665,-0.10522219591607884
2024-09-04,-0.055087790520416784,0.17009798665678916,-0.07729698815919797
2024-09-05,-0.023501627243953493,0.18449800928687657,-0.06942700114764683
2024-09-06,-0.02829938535943177,0.22463974993930014,-0.025789741597755902
2024-09-09,-0.011353034113324674,0.15484766200472003,-0.036835668205070844
2024-09-10,-0.03925768201560607,0.14710707104528542,-0.05238019780876816
2024-09-11,-0.07569907390798401,0.11162000595010439,-0.071319918054138
2024-09-12,-0.04285644671445975,0.15671648568968308,-0.05453902307943412
2024-09-13,-0.05062756548344404,0.1718907262612731,-0.029506323918894538
2024-09-18,-0.05646111802264204,0.14534047407261055,-0.023286868430725645
2024-09-19,-0.07647503776023555,0.13674443742485518,-0.05417764211557262
2024-09-20,-0.04977446804524265,0.17517014357848637,0.013690285459138482
2024-09-23,-0.037873389367797536,0.20527545457970064,0.010143556057166894
2024-09-24,-0.03812183064999767,0.2721868127073453,-0.05298583298752424
2024-09-25,-0.039457276352969826,0.26558380545169247,-0.056146327474604664
2024-09-26,-0.024447268005765438,0.2875760833618023,-0.03261989629038003
2024-09-27,0.01349996897405304,0.291467754227936,0.021140651921300473
2024-09-30,-0.00869334040717074,0.1347157356621976,0.029578315716899152
2024-10-08,-0.0008951364060508542,0.024651085481029636,0.07490375238611807
2024-10-09,0.06918847540423197,0.0654459705180489,0.1088390936071451
2024-10-10,0.06432009322504997,0.18940478371153113,0.06679024063268309
2024-10-11,0.0503438360247985,0.2050873305630574,0.044453292543650096
2024-10-14,0.03093470114472446,0.23848014926081063,0.0019139803588559708
2024-10-15,0.028185000826788854,0.24077700398904214,0.00028513890387111694
2024-10-16,-0.01979573070532339,0.21865638217975794,-0.020575350826820403
2024-10-17,-0.0029306317897973295,0.21023583736297194,0.016805331204300153
2024-10-18,0.06663507614821697,0.17557996283672214,0.07360921606743777
2024-10-21,0.08080580904405435,0.07248345458552877,0.12195400973390529
2024-10-22,0.0550885882754849,0.1232528350852805,0.07924410936235422
2024-10-23,0.07826293877599835,0.15648584768698678,0.05449863929181085
2024-10-24,0.0428280923886794,0.15927216317981133,0.06295179194894825
2024-10-25,0.09956978394380016,0.0738580991256844,0.12350068702471496
2024-10-28,0.08559186190530947,0.08464827349810577,0.11497856714518566
2024-10-29,0.01735347110345792,-0.002605152071248179,0.07219064688054684
2024-10-30,0.04617583507347954,0.06676503406266415,0.0772702933659618
2024-10-31,0.02437032011428628,0.061450549993923326,0.07942841942714124
2024-11-01,-0.029811018262377722,0.07951617542444452,-0.024454143216113288
2024-11-04,-0.07711452289655593,0.05378058795634238,0.017691962308970795
2024-11-05,0.022578682442594922,0.03746384260435835,0.06732432742646159
2024-11-06,0.11601368806767283,-0.017090870983224753,0.039489052847755515
2024-11-07,0.07698591450586105,0.0433850618021738,-0.006031536040559097
2024-11-08,0.08471414849549327,-0.02814527535786546,0.028168579629647632
2024-11-11,0.21017053700652136,-0.06343500736078526,0.10023553872368511
2024-11-12,0.1480122002609227,-0.07698665980898506,0.08593894296860298
2024-11-13,0.12397431558995124,-0.012172533084283519,0.08277154460668745
2024-11-14,0.04510642843027735,-0.03868033470786769,0.02585743583118491
2024-11-15,0.1388311077310555,0.12492985910053893,-0.001801799605617105
2024-11-18,0.026197624390716573,0.22273451272074207,0.005671275254174109
2024-11-19,0.09605235134147629,0.16732835506750351,0.009181798652456242
2024-11-20,0.09231092495826716,0.13441000219569815,-0.004803232474962817
2024-11-21,0.036261434213255755,0.16495951553043764,-0.030719309841246458
2024-11-22,0.03975929155599581,0.17637665902113472,-0.04428140536144614
2024-11-25,0.10971121355790771,0.11544834748838338,-0.055518659711291406
2024-11-26,0.13972312861650676,0.11139494354525487,-0.04976312415542103
2024-11-27,0.09486798467519394,0.11043956323051296,-0.04012198782371113
2024-11-28,0.003457858757227221,0.09170075896975168,-0.04904253817205981
2024-11-29,0.1122813205569748,0.11974440573030709,0.01831843294762589
2024-12-02,0.14101116928639845,0.15877223161679827,-0.0008497760746440579
2024-12-03,0.12867949910746304,0.14157819136260477,0.026108573294928498
2024-12-04,0.12096347707221725,0.12257910697958985,0.049227457205545236
2024-12-05,0.18078299920807903,0.1036456061091524,0.056124017622763596
2024-12-06,0.23353511800227703,0.10174921509798192,0.06150207727814656
2024-12-09,0.21398098321745368,0.10184084672229309,0.026350927146619567
2024-12-10,0.2625062837479255,0.14170712608302916,0.03604311702984474
2024-12-11,0.1653776316470235,0.08933827510048814,0.03795979060351037
2024-12-12,0.19832598970373655,0.10416309263903424,0.061996393783766056
2024-12-13,0.153706434013331,0.05844883428882013,0.06496181057959236
2024-12-16,0.07781862493478942,0.026538529529366334,0.10029715016396878
2024-12-17,0.19586292840145234,0.009867543557521688,0.03189085063443893
2024-12-18,0.15204631409069128,0.025086705435160197,0.06901097636555868
2024-12-19,0.11431536596659989,0.03745907749517533,0.07570619581923148
2024-12-20,0.05371489245778133,0.02358665635846223,0.06244470867199074
2024-12-23,0.09152680156959267,0.054200251543733154,0.07584852957002412
2024-12-24,0.12698614575806733,0.04152632246479451,-0.03219083410777054
2024-12-25,0.10577014435753486,0.07648222172348319,-0.006003794664228252
2024-12-26,0.10717122025945255,-0.0037915407537777294,0.018544425313059068
2024-12-27,0.11863874935773702,0.06455849638599884,0.1048734817733255
2024-12-30,-0.02050490155528894,-0.07194368398700636,0.01157602829228896
2024-12-31,-0.10541221665930772,-0.15779594531206992,-0.10553043734155576
2025-01-02,-0.17284847799292824,-0.23640398513350305,-0.2128592004071961
2025-01-03,-0.18644208620330915,-0.2372165587700625,-0.22324013062501577
2025-01-06,-0.16841605031998824,-0.18695787128687819,-0.1663178186249201
2025-01-07,-0.2033011634888192,-0.173517948450766,-0.13505270556523719
2025-01-08,-0.1762162552375976,-0.13120835144697152,-0.06867367358453755
2025-01-09,-0.16400681288997826,-0.13891575809079693,-0.12186162436480324
2025-01-10,-0.18806180062558686,-0.12135174982302604,-0.10822663282124677
2025-01-13,-0.13374515055096844,-0.13225642608992502,-0.044805170532951466
2025-01-14,-0.16119681976981626,-0.19318144348504096,-0.05985262854230675
2025-01-15,-0.12106813218213029,-0.1404064815784653,-0.09891479593649156
2025-01-16,-0.1924630144214293,-0.18866166341458634,-0.18721590838212
2025-01-17,-0.1903941305430146,-0.13595631988326562,-0.12680848582424398
2025-01-20,-0.16869886972930678,-0.18697280493761492,-0.16718153381486983
2025-01-21,-0.18287087253773376,-0.18452706640862193,-0.18040778718932104
2025-01-22,-0.18787636334666652,-0.070903038347087,-0.13765385545988632
2025-01-23,-0.16477241003475432,-0.11094975411202103,-0.16536242924537076
2025-01-24,-0.10740368669707273,-0.08321435618467168,-0.16667026854836017
2025-01-27,-0.2044512952988293,-0.1592690840158706,-0.30298554797633065
2025-02-05,-0.10838606851295929,-0.0621465260560556,-0.14492148082451947
2025-02-06,-0.06194274350622197,-0.05318568431328913,-0.08081597545584561
2025-02-07,-0.021312383804414217,-0.07125677044927173,-0.03621403663285255
2025-02-10,-0.0386198008757816,-0.007729585784822747,-0.021348291785787156
2025-02-11,-0.021417719072944146,-0.05279383067528039,-0.04768952077402446
2025-02-12,-0.034750319800626636,-0.010433301271545329,0.008518138248108561
2025-02-13,-0.03797572315304409,-0.05348849587836553,0.00965815571253535
2025-02-14,-0.043429155072229976,0.005613596586245013,0.011945313701548598
2025-02-17,-0.057697158178650454,0.055833852676877946,0.0053702881132585475
2025-02-18,-0.09036381513848146,0.003027243819212237,-0.03709398241339427
2025-02-19,-0.03356873223418652,0.05578853726622933,0.019812894102965654
2025-02-20,0.024127598087315395,0.0576617328011041,0.071462912004456
2025-02-21,0.08326917845924424,0.09060261931652652,0.17024093122332684
2025-02-24,0.08958824163796902,0.0343368127316731,0.16980940268923073
2025-02-25,0.08114790226304515,0.07020474432033977,0.0883004373226161
2025-02-26,0.0985458187497854,0.09742732499607916,0.17597181944488055
2025-02-27,0.13531976079041055,-0.01855087104485478,0.10898314328960493
2025-02-28,0.09199093398869565,-0.01874021593697769,0.1381723102817295
2025-03-03,0.04339923080706034,-0.02641823491650083,0.11425771805342372
2025-03-04,0.10149094710233528,-0.011787511908322576,0.16190082209838905
2025-03-05,0.12107835761774646,0.04068838607550087,0.10795459132975577
2025-03-06,0.15258899021715763,0.01949998794773948,0.19194254609184094
2025-03-07,0.18533781208896485,-0.047483200697025656,0.17544708734927342
2025-03-10,0.21426289540926874,-0.07922414769366919,0.2107143436868696
2025-03-11,0.1808080741728251,-0.07782146292976785,0.13900898126342207
2025-03-12,0.20941984354841195,-0.009921909780035633,0.20826527665772845
2025-03-13,0.12478872910967878,0.006192986490351451,0.1543754788594146
2025-03-14,0.14086942326948357,0.010549216889075834,0.1438073383734698
2025-03-17,0.15410840978255594,-0.02307067211723826,0.09909613952939124
2025-03-18,0.1831825291163361,-0.05087299603860275,0.10013062204604857
2025-03-19,0.16027945262106347,-0.030309546268426562,0.13427165365113283
2025-03-20,0.13940703425683593,-0.07967738314404761,0.13487927678617334
2025-03-21,0.07465947852838323,-0.12576940984564117,0.043201695276812085
2025-03-24,0.1318116906487489,-0.0908203534761261,0.089349950804951
2025-03-25,0.07637663574784474,-0.16916731489522166,0.055116297313061086
2025-03-26,0.11094002180682362,-0.1718516462652098,0.06718843174826959
2025-03-27,0.16838932848541682,-0.14246642016821282,0.16318187350408153
2025-03-28,0.1589897250729154,-0.09518094757301314,0.09341277745907502
2025-03-31,0.09992611963397753,-0.10670390407709522,0.015350613843311614
2025-04-01,0.0054803179815399805,-0.17349400042475455,-0.03933779480337173
2025-04-02,0.01812148913930354,-0.13697722969442963,-0.10918950614404305
2025-04-03,0.009463082257524222,-0.16873048642765898,-0.02129923483796384
2025-04-07,-0.07134512616776979,0.08972984906652727,-0.022685440743147763
2025-04-08,-0.11731837812755669,0.09826122967542857,0.009684700160950306
2025-04-09,-0.07122193025816356,0.11878699051066627,0.05731619138075992
2025-04-10,-0.032276795452982246,0.1138823436169623,0.09266402030074188
2025-04-11,0.009386903749472339,0.07942588290177952,0.17170272480814022
2025-04-14,0.0389483743943526,0.04116546490625469,0.1493822913001957
2025-04-15,0.01132857913059238,0.08888578490875233,0.14687669195745187
2025-04-16,-0.010735823358382532,0.17568302732167188,0.097980351632789
2025-04-17,-0.0013656049616102056,0.16052229935082615,0.11332577260174485
2025-04-18,0.011540266685008339,0.16868384845884282,0.14981618816841935
2025-04-21,0.07414949229417997,0.14855212971210865,0.2289063048584841
2025-04-22,0.09007918752733625,0.13825356916440518,0.21584167102878854
2025-04-23,0.07255377273783205,0.06877652262675168,0.1699322876410617
2025-04-24,0.12937550092480266,0.11095401213544198,0.1227975767915515
2025-04-25,0.15650528860497298,0.009892375180734199,0.048731756246147256
2025-04-28,0.07302458418489054,0.09768238506225158,0.0064819176315035485
2025-04-29,0.12189124709371323,0.09952717432753069,0.09906036877299297
2025-04-30,0.11470049920254256,0.059685308352602065,0.06025247036958813
2025-05-06,0.17829056883010383,0.0036710138930931124,0.09183814526082792
2025-05-07,0.15575766711041497,0.013256968086723588,0.06959045940720597
2025-05-08,0.13587493548207055,-0.07421600727325141,0.06281074067853827
2025-05-09,0.08714047134983013,0.09080242398949377,0.06759036557126642
2025-05-12,0.10536988835952808,-0.04928586855140699,0.012143181528076039
2025-05-13,0.06402691020379324,-0.0012221968842505895,0.014502069246358351
2025-05-14,0.0257126435355893,0.005271588869309355,0.004244828330117264
2025-05-15,-0.0021403386496492223,0.06049437078665929,-0.0033168315540919985
2025-05-16,0.016703669039295807,0.019407921683389125,-0.019144588028482803
2025-05-19,0.02438119405383241,0.06349190742272989,-0.023859193754616526
2025-05-20,0.01306079897722672,0.03149958937451808,-0.07467069217617166
2025-05-21,-0.0096398856419082,0.02266485823936488,-0.05023214833914998
2025-05-22,0.01139614769265827,0.04279283966964356,-0.04378639154370995
2025-05-23,0.07535019632606861,0.07367098688740689,0.016977067196790957
2025-05-26,0.03819672267766761,0.09857296438312466,0.0038877157183084617
2025-05-27,-0.01276701873953867,0.13457249904271495,-0.038923891209215196
2025-05-28,0.00031279559560420164,0.17075562707253225,-4.812212655381003e-05
2025-05-29,0.013796525939920777,0.11007339906719439,0.035186772333359005
2025-05-30,-0.038856047676625684,0.1295339538799538,-0.0110125763158817
2025-06-03,0.007773377103159382,0.1553246980164283,-0.012658208812445787
2025-06-04,0.03587267886261953,0.09609825908172423,0.04621234380533963
2025-06-05,0.03923612284010607,0.09381148902884537,0.024275801309960633
2025-06-06,0.06439917386845509,0.07371245036256992,0.0135882651323122
2025-06-09,0.0407851121369205,0.014112927316052303,-0.020549545685284717
2025-06-10,0.03459002174522343,0.10217639428969381,-0.0046352595560617115
2025-06-11,-0.0024847365213601195,0.12254601194993217,-0.057460110308610694
2025-06-12,0.025900332670803047,0.1691341548124119,0.033860249101051745
2025-06-13,0.0580384750342569,0.13009792069802303,0.013700136491245832
2025-06-16,0.04781441116242738,0.16822531711174563,-0.02304832460900486
2025-06-17,0.04106170797769698,0.1054545693545154,-0.02614875223211857
2025-06-18,0.01663572310440115,0.122829884342447,-0.02398374435356847
2025-06-19,-0.02696765612212983,0.17226835057057602,-0.02262040300602894
2025-06-20,-0.1089193117594659,0.18260053084727246,-0.0663123785013129
2025-06-23,-0.06386457642106656,0.14662336288134792,-0.021741792044484877
2025-06-24,-0.03917641688707855,0.1626871653227031,-0.02404105530431272
2025-06-25,-0.01860664744710138,0.10384248702662904,-0.006343664792226269
2025-06-26,0.055719820565749936,0.2076658633654285,-0.05195234508599818
2025-06-27,0.11626967482071861,0.1670736362123462,0.030103350180180077
2025-06-30,0.1006910570007478,0.10046156430432159,-0.008423238306756831
2025-07-01,0.08760908004344665,0.18727178254726554,-0.0017299474882764593
2025-07-02,0.06674837982397983,0.1700700536769873,-0.005766189975027785
2025-07-03,0.07466193644399753,0.15578157781164712,-0.0013152580017683315
2025-07-04,0.06816651413712427,0.2220523804757741,0.03324355217773516
2025-07-07,0.10100931466278468,0.2611904452442571,0.014349490270645814
2025-07-08,-0.00661239767540322,0.13224302157594817,-0.025149262841178476
2025-07-09,-0.026216490859898196,0.17763446032092667,-0.01870327559252816
2025-07-10,-0.006481276916033278,0.16996433581145398,-0.013989688035893108
2025-07-11,-0.012851030820318231,0.12428390226992546,-0.02717456091724887
2025-07-14,0.0737688140004446,0.23058532759705638,0.030396268687913546
2025-07-15,0.06038102124796809,0.19381345721165918,0.021930293665877457
2025-07-16,0.08597539453745935,0.22657690818402906,0.010385822753892911
2025-07-17,0.032564808030397394,0.1468037128999947,0.008863960998857773
2025-07-18,0.03129682241332223,0.2078849643342451,0.02338621836546644
2025-07-21,0.10569857578950873,0.30444937476258377,0.03574842715442684
2025-07-22,0.08852683058185593,0.33315217227302707,0.07971071093066635
2025-07-23,0.08112209493638614,0.3042697793278107,0.05639538759231626
2025-07-24,0.10779138974700761,0.20343800967507497,0.05970654827158883
2025-07-25,0.0960617571449397,0.18899926853533658,0.04992294589090058
2025-07-28,0.03959340777690362,0.2549640017930285,0.003666896268082328
2025-07-29,0.020540038539623332,0.24559625090535184,0.035291879689121515
2025-07-30,0.0005967021846110174,0.29823822534429695,0.07147752080376371
2025-07-31,0.06351920122055643,0.27359511543198667,0.005927398830315868
2025-08-01,0.07189257457208115,0.257339013579912,0.025038914674317226
2025-08-04,-0.006440500631901651,0.2657151088467527,0.014417560966954956
2025-08-05,0.0662839430895768,0.2355106701496046,0.03333999817000515
2025-08-06,0.1149290335427866,0.209247792150966,0.031017086134660064
2025-08-07,0.08877221762615044,0.20879158041033774,0.06668865167112067
2025-08-08,0.10072189536411165,0.25392375136494566,0.0218247394959706
2025-08-11,0.058764287402895486,0.2773940113493132,-0.017440222405450782
2025-08-12,0.02714127219960757,0.20293024140805863,-0.06037549628877326
2025-08-13,-0.04853947098802744,0.18900980446379015,-0.04600656465378606
2025-08-14,-0.029518627386675357,0.24953052096794232,-0.08027963836443884
2025-08-15,-0.0003486005059979837,0.2337631440459813,-0.07874366790983256
2025-08-18,0.03299714521749752,0.17208131181526165,-0.1053984290294027
2025-08-19,-0.013823612618238772,0.23853769291971574,-0.10359366882197667
2025-08-20,-0.02056736690737254,0.2651574401530322,-0.10628904230459583
2025-08-21,-0.04115468996990576,0.11134343075503776,-0.08909875919223487
2025-08-22,0.017333400988081647,0.06499782195280333,-0.061374013608216565
2025-08-25,-0.006275935510119177,0.07788275139551018,-0.0367218642620841
2025-08-26,-0.0665933393397435,-0.020324373977452202,-0.07078293254635097
2025-08-27,-0.03476605545292848,0.03315461849427072,-0.10755702862728622
2025-08-28,-0.02697454158478353,0.05744953501994001,-0.06554177695711913
2025-08-29,0.09809885029147258,0.07222850066647951,0.0010465620625904075
2025-09-01,-0.032177984701645596,-0.01691103945286358,-0.08010982314073498
2025-09-02,-0.061366848633101156,0.03147721583892623,-0.055788015908389894
2025-09-03,-0.05432036975372712,0.00046146687696456857,-0.09585599435097943
2025-09-04,0.012146696938012009,0.04860977063817361,-0.09499027150532122
2025-09-05,0.03274795291850029,-0.0030009789645217507,-0.018951092286056858
2025-09-08,0.03234613003714758,-0.04884696518789107,-0.027086450097266374
2025-09-09,0.02221362097705544,-0.0358515631355089,-0.058476861132764166
2025-09-10,0.04894734371399514,-0.038323288070601105,-0.03944878465078016
2025-09-11,0.019129614478616358,-0.04625799454548851,0.05551968362001161
2025-09-12,-0.024110154603596178,-0.06079846969166935,-0.003941455240286466
2025-09-15,0.022369439303654905,-0.06790949618903679,0.02819880400936561
2025-09-16,0.0553974706413478,-0.03817382666228522,0.0839122498208933
2025-09-17,0.014705165486887472,-0.05505354022852819,0.10552783866516567
2025-09-18,-0.002097060399956746,-0.07838032449132985,0.07081241981162353
2025-09-19,-0.006783974063419163,-0.10323240138797686,-0.011297640994406192
2025-09-22,0.04292731444361096,-0.023520448479177697,0.08488325588321646
2025-09-23,0.0448338874556273,-0.010015120763674428,0.011502023907603706
2025-09-24,0.06665975522894538,0.08302481117742465,0.10679560853822317
2025-09-25,0.10950373839535996,0.14919628474869517,0.14516598959322755
2025-09-26,0.06504487731401813,0.06422815566064866,0.14103060336925538
2025-09-29,0.08608272167003728,0.11771842821878671,0.15935649960413936
2025-09-30,0.18889656921039016,0.13910621390564248,0.17940336378930685
2025-10-09,0.12148078766009794,0.13074261043763288,0.17003622601821705
2025-10-10,0.10228436100922021,0.1418665407581255,0.19479077491986724
2025-10-13,0.14814895888471197,0.14502172569213845,0.30081617147764983
2025-10-14,0.20174444799250266,0.12385911591418812,0.2853210897327973
2025-10-15,0.1072329961558164,0.11351186230081046,0.2998944806402888
2025-10-16,0.10719965236456318,0.1613547052483969,0.26568356886641153
2025-10-17,0.13967938154801926,0.12304845049544595,0.21042424394007636
2025-10-20,0.08200306102981808,0.1558839550485181,0.21322216633615393
2025-10-21,0.1410711526793376,0.16349789575894125,0.19657309301668316
2025-10-22,0.08166675193128017,0.11498111856191404,0.18586011308358968
2025-10-23,0.0835013703414892,0.12115531296884927,0.11227241639855798
2025-10-24,0.18285822028682577,0.10999272407865235,0.1716786058263773
2025-10-27,0.1918701182904728,0.1604395128606181,0.21304780874156995
2025-10-28,0.20046033582546485,0.11703658716862905,0.18678556336482033
2025-10-29,0.2222902332321295,0.054351469874401225,0.13679129564299175
2025-10-30,0.159263449106735,-0.0029530455396219353,0.12441185285778425
2025-10-31,0.08798540024347268,-0.07065931950585107,0.06708670874442349
2025-11-03,0.12450251982253527,-0.01824987646488742,0.06825176304024845
2025-11-04,0.1158177402822294,-0.00609680265680216,0.04285937073789107
2025-11-05,0.11431780747340406,-0.025114137230563504,0.001408537937299624
2025-11-06,0.11763563838864075,-0.013973778961291499,0.09064508136663627
2025-11-07,0.09501797469590795,0.0270955876276384,0.06330654696588335
2025-11-10,0.01404582161377303,-0.022334964089409375,0.006980398149028551
2025-11-11,-0.0385377855651945,0.006799281185516736,0.012130217687979526
2025-11-12,0.03369421703747788,-0.02643951659839213,0.06345359001686891
2025-11-13,0.033047963963748386,-0.009289285246404244,0.09969828695647474
2025-11-14,0.006721564740228396,-0.024459092655870967,0.07862331247435153
2025-11-17,0.02191956375373019,-0.034083915449233095,0.09860002130347072
2025-11-18,0.03614088752621592,-0.04121912649831347,0.022097860255184638
2025-11-19,0.004628173735822877,-0.04664893685264588,0.0494401360528601
2025-11-20,-0.03466824196396392,-0.04863388514416885,0.008294376620796174
2025-11-21,-0.06012885280940332,-0.07520178938191799,-0.04311477960120935
2025-11-24,-0.05145979598466028,-0.11540776973749312,-0.0793109734222635
2025-11-25,-0.0693607944624338,-0.11763442551667933,-0.06125091531474478
2025-11-26,-0.06556035280567556,-0.09665079887742613,0.00991214557346693
2025-11-27,-0.09074353490346002,-0.09578718343476866,-0.05687780349807333
2025-11-28,-0.06796421884645042,-0.0958264491544687,-0.0717027865114936
2025-12-01,-0.10124568943544088,-0.1500731104001524,-0.020536472482983435
2025-12-02,-0.12437953759657733,-0.10113274630326775,-0.033479901065050055
2025-12-03,-0.1215119943694746,-0.15134957921052125,-0.05113656600855055
2025-12-04,-0.16329331018367865,-0.09553621300327568,-0.052279025741510214
2025-12-05,-0.15375741501683274,-0.10125443672662467,-0.014621003717325663
2025-12-08,-0.09442506530359959,-0.12151276262334107,-0.031317111854802515
2025-12-09,-0.07152579006613922,-0.0709572772241406,0.040733297891878094
2025-12-10,-0.08890910986738629,-0.0809802268486759,0.03788410339379994
2025-12-11,-0.14046341529393472,0.0011063592767995049,-0.07078782272278826
2025-12-12,-0.1068465398266755,-0.057086839849592785,-0.06179215961989693
2025-12-15,-0.11852634581338933,0.03367831404022893,-0.030855221157794963
2025-12-16,-0.14989858194962627,0.03060220321754559,-0.08346321197205014
2025-12-17,-0.16682264780898756,0.04038539374911717,-0.07411184824124141
2025-12-18,-0.1978203669118455,0.008909884155252606,-0.08331533126381332
2025-12-19,-0.0596800141298587,0.06382327956626646,-0.05405161838747042
2025-12-22,-0.02713776316848498,0.05194897971332537,-0.041387912977966464
2025-12-23,-0.03654913464477738,0.05482215697220608,-0.013619702367185106
2025-12-24,-0.04213346120934386,0.06712558716248804,-0.01274891410128174
2025-12-25,0.0012356785984186224,0.052123283435662776,-0.002028546833261841
2025-12-26,-0.01642885710851622,0.0685032099804718,-0.00308397442103764
2025-12-29,-0.00010361560650628876,0.0825589510655414,-0.024858196680280994
2025-12-30,0.03139492460308629,0.07609227605321423,0.017000094842026598
2025-12-31,-0.00914349292517877,0.11409531561219964,0.05176528513220885
2026-01-05,0.020780488700901798,0.11503308375318104,0.06623936761390391
2026-01-06,-0.017726435011414635,0.15429844504709414,0.027688949279964424
2026-01-07,-0.02534141324395505,0.10088900632323747,0.060027070787718774
2026-01-08,-0.008950403324878719,0.06608808077401246,0.0710705524637846
2026-01-09,-0.06297475410164541,-0.004274596640146929,0.01936526111084594
2026-01-12,-0.10482051759124246,-0.035120994884428346,-0.017277161620073356
2026-01-13,-0.06016779759016142,0.06394679012454751,-0.024615249639085346
2026-01-14,-0.022464439682476668,-0.016451535775202343,0.005984209252547127
2026-01-15,-0.014227533750275984,0.00902566902992554,0.03839334391289501
2026-01-16,0.0392881953578324,-0.020069371177081668,0.032599851621184554
2026-01-19,0.034896853293558266,0.006980162009827913,0.0784942191426195
2026-01-20,-0.031519071605039355,0.05796274963386431,0.008182194923938835
2026-01-21,-0.04342443224882085,-0.006398850425584556,-0.0328114046128806
2026-01-22,-0.04461340352003101,-0.034708808507518125,0.027947036972141237
2026-01-23,-0.1154645724709177,-0.1403991102077244,-0.0650957721539457
2026-01-26,-0.11145279262879906,-0.12406896947874752,-0.061916633867368676
2026-01-27,-0.05636774573818819,-0.13666063199950643,-0.0419574766344753
2026-01-28,-9.454627819282877e-05,-0.11522536464919649,-0.05968609839062439
2026-01-29,0.017342338589125584,-0.09436336758696959,-0.07458727577921952
2026-01-30,0.018927616451500696,-0.049035721071189954,-0.053216274546693934
2026-02-02,-0.03311102566583663,-0.056617495127462454,-0.06381843310126069
2026-02-03,-0.024866342603016824,-0.09547246386637318,0.007167180781310536
2026-02-04,-0.0059790823784861905,-0.03979722714637701,-0.026668574490073833
2026-02-05,-0.04569079139626807,-0.022041544635470294,0.016137558486906945
2026-02-06,-0.02499636090290261,0.016142585611144913,-0.049825115496494925
2026-02-09,-0.014212068137001493,-0.08222963664138633,0.0057726776191216285
2026-02-10,-0.017145564801475773,-0.03757483520861365,0.020214598406988984
2026-02-11,0.020910459517022254,-0.043588844616711045,0.03373406587494096
2026-02-12,0.07844537284635512,-0.08569634591850711,0.06742947004332256
2026-02-13,0.03229094464587946,-0.0995657739571538,0.03264612274489024
2026-02-24,0.04708906183446046,-0.09723304112440466,0.007886935406731091
2026-02-25,-0.0319405847282943,-0.098180677370167,0.06044315493052159
2026-02-26,-0.062165240550636665,-0.13333664003705173,0.04088638188721098
2026-02-27,-0.07476545753191437,-0.10288165130173475,0.038332027519000805
2026-03-02,-0.06168941539819949,-0.054127761744482576,0.11812161313580735
2026-03-03,-0.042644281690355154,-0.07036443574071405,0.0710726052391266
2026-03-04,-0.010201637567346029,-0.013203729987097304,0.08602028651901135
2026-03-05,-0.04766368365351846,-0.07836447202300537,0.06772699240447513
2026-03-06,-0.02210121565938696,-0.04729954679155385,0.0659539666774744
2026-03-09,-0.04160024987452443,-0.07008312578846768,0.04254605165817106
2026-03-10,0.00399250497323243,-0.021770654737297272,-0.005549179553354441
2026-03-11,-0.04939075480955738,-0.07112171547241578,-0.03592859481838006
2026-03-12,-0.0014076397282775815,-0.044763827861982776,-0.05858407449450267
2026-03-13,-0.02703338397810203,0.03391528493358901,-0.07874520131003068
2026-03-16,-0.04167233008699477,0.014179572691657647,-0.12346004395144636
2026-03-17,-0.04636315871452383,0.039725716925153975,-0.11567038513831894
2026-03-18,-0.046754738252320634,-0.013886592288668283,-0.1570474237242656
2026-03-19,-0.0520982780853868,0.03557206101374759,-0.17294488241716666
2026-03-20,-0.041100404956152616,0.042068608645647404,-0.14296680909803608
2026-03-23,0.03622693428817663,0.04370826010217943,-0.0876212255544108
2026-03-24,0.05345992071611788,0.06864148569355956,-0.1211782068781858
2026-03-25,0.0481627274425311,0.05454595845502845,-0.15451545097486608
2026-03-26,0.04991558180525543,0.11001110915106732,-0.08591616460940452
2026-03-27,0.09764264426533507,0.0922490934452448,-0.09940636267474204
2026-03-30,0.081412300935899,0.0484992568280823,-0.08478011886545564
2026-03-31,0.05241584509126966,0.08610657764128286,-0.06942062796583362
2026-04-01,0.00033307521790784683,0.09344144694202897,-0.04956973807701707
2026-04-02,0.010794591893219517,0.19678511953905242,-0.02373628741615189
2026-04-03,0.013344154746769856,0.24131879546027582,0.05567295881303381
2026-04-07,0.0365900846391691,0.272732636059173,0.07987120694332168
2026-04-08,0.06949573656368742,0.16842531533922375,0.06260373770225672
2026-04-09,0.03551862608697051,0.2585657421953577,0.06657620592070032
2026-04-10,-0.004189843451008884,0.21412099103794077,0.06270135120580367
2026-04-13,0.020057907496580374,0.15411556721816197,0.05649885376090883
2026-04-14,0.01283433633191713,0.1446342219898954,0.0631950392082102
2026-04-15,0.07631545590058021,0.18137758177260882,0.02698110735845477
2026-04-16,0.061484327530832,0.15452562830177793,0.03956709510390444
2026-04-17,0.04506073507244872,0.14401681918332584,-0.0014475796819024955
2026-04-20,0.03415788413819537,0.11042947528229054,0.048743062687585256
2026-04-21,0.013950390431600637,0.186070702425552,0.02877998040928157
2026-04-22,0.007139051607159594,0.18620744414252358,0.03816500977426108
2026-04-23,0.03608162612995923,0.13822866165923475,0.0134039468848958
2026-04-24,0.04408842240654017,0.1442772469505512,0.042167927820514976
2026-04-27,0.01305001694693455,0.10992496930505435,-0.017881699289069245
2026-04-28,0.012851592223752347,0.07598526643221626,-0.010417767152051989
2026-04-29,0.04159893048197817,0.08188383609905438,0.02009867996589087
2026-04-30,0.0015905400799406655,0.027450119139872314,0.019630257110862345
2026-05-06,0.0025707670809439315,-0.004360958679419654,-0.009617172402369359
2026-05-07,0.0072500942512382,-0.031490407630532964,-0.017359700890052912
2026-05-08,-0.025063220280401755,-0.05803221276264351,-0.011671167367628708
2026-05-11,-0.07750191363658634,-0.1475913578987614,-0.05974360645964198
2026-05-12,-0.09885066232584036,-0.16201411195564694,-0.07337111529973041
2026-05-13,-0.08368096790750411,-0.18493976967923764,-0.06711563409981511
2026-05-14,-0.09688225600560406,-0.21650535919628278,-0.07596714326071917
2026-05-15,-0.07573487172629147,-0.23333579407269348,-0.05569292328216799
2026-05-18,-0.08216896466322057,-0.2060571460350391,-0.0898786570480766
2026-05-19,-0.06876179807281664,-0.15465782235440179,-0.08547193702864597
2026-05-20,-0.10218063246723488,-0.17865474288364122,-0.10740647239093223
2026-05-21,-0.12013465951349608,-0.13174839653671597,-0.16275892359419109
2026-05-22,-0.12842832196524162,-0.1207018894232439,-0.15853957543589545
2026-05-25,-0.1292869211284666,-0.16279657891129953,-0.13210264200108088
2026-05-26,-0.11051348579266637,-0.10456702151848186,-0.12011651583584765
2026-05-27,-0.11625643897497441,-0.0780010309646367,-0.09795002344339067
2026-05-28,-0.13909828363317134,-0.18093158278493007,-0.13474403397128815
2026-05-29,-0.07616232219791125,-0.12186791530123418,-0.06934190951505774
2026-06-01,-0.0003333265994634768,-0.054417413262975715,-0.08283594990294474
2026-06-02,-0.004653104651096212,0.0015592459514560094,-0.04673104211621315
2026-06-03,-0.004173653057524504,-0.027208845665106604,-0.008079336021417737
2026-06-04,-0.03805806710412655,-0.024630839121033116,-0.06309206935603305
2026-06-05,-0.0982830874350223,-0.07761064788459261,-0.09905739458308652
2026-06-08,-0.03298315354844941,0.013926222213897357,-0.09428155198861589
2026-06-09,-0.03296922578964495,-0.021051816037625484,-0.04552687173643225
2026-06-10,-0.04443743623876139,0.023610085400981504,-0.05594740705399249
2026-06-11,0.06656492545391562,0.09885615880032358,0.03497046573016953
2026-06-12,0.016084861472219207,0.04405354056614738,-0.035623452732796344
2026-06-15,-0.006160521108709564,-0.05634161912360805,-0.008754732621073381
2026-06-16,0.04338344323294601,-0.047908817626531125,0.013633919060285162
2026-06-17,0.14753756462168974,-0.02164698971477295,0.15871253280361586
2026-06-18,0.1514051501951955,-0.06178459989085743,0.14673249667847996
2026-06-22,0.17134474184192525,-0.10041891513015663,0.2034312248925144
2026-06-23,0.18510806077733227,-0.0674255505321196,0.21493195799372705
2026-06-24,0.14596169149802493,-0.1060299871262246,0.16363033540882593
2026-06-25,0.16259959166152627,-0.1008386890959814,0.144217457432531
2026-06-26,0.14427814593119087,-0.15775275871627326,0.12369367155854451
2026-06-29,0.1193736374428581,-0.13232059695195292,0.10370813741354183
2026-06-30,0.1408084735500498,-0.1423442653326923,0.1392558508594283
2026-07-01,0.1147465163160964,-0.1791756582769683,0.09619710925195712
2026-07-02,0.12206313320889957,-0.17119811484838549,0.10850454629389832
2026-07-03,0.10102699465028711,-0.15745586294676053,0.11094712369918383
2026-07-06,0.1881407081214423,-0.1206972533002623,0.16947166509285444
2026-07-07,0.1921032279299411,-0.026056266739334085,0.12366420465098722
2026-07-08,0.2285035828917226,0.0729920254240075,0.12638550829327005
2026-07-09,0.18009314528108306,-0.012693480200570357,0.10987397581560186
2026-07-10,0.1776419728974366,-0.03871017048757012,0.10828019249500168
2026-07-13,0.206678962399534,0.06454268083269597,0.17081327315062442
2026-07-14,0.23176296428799856,0.04994095105353957,0.17646300671915774
2026-07-15,0.15982739237191954,0.043289228459054516,0.11382364152158345
2026-07-16,0.10232001077369118,-0.01851147803333769,0.052686152354315965
2026-07-17,0.11974261850478518,0.14268612573791192,0.1308525459819474
2026-07-20,0.11483494102298686,0.22383569774132991,0.11293643369678764
2026-07-21,0.05112539378362568,0.06753777392869806,0.028310531996222448
2026-07-22,0.04559826486230431,-0.06819225085143195,0.03149692070912114
2026-07-23,0.01488566276757041,-0.03503510153584505,0.05798621626696279
2026-07-24,0.0861551870273276,0.059543557686337754,0.10575452876920394
2026-07-27,0.030256841145311093,-0.08780763061044469,0.00012556999678289582
